"Sheet","DataRows","Columns","Status"
"Members","360","48","OK"
"Matrimony","384","59","OK"
"MatInterest","119","6","OK"
"MahasabhaMembers","11","33","OK"
"MahasabhaPayments","0","0","SHEET NOT FOUND (skip)"
"BusinessDir","13","18","OK"
"JobBoard","0","12","OK"
"CommunityEvents","0","4","OK"
"Gallery","146","7","OK"
"Dharmshala","3","9","OK"
"Magazine","0","9","OK"
"Offers","1","10","OK"
"Messages","88","11","OK"
"GahoiSpace","1","13","OK"
"SpaceComments","2","9","OK"
"Ledger","48","8","OK"
"PendingSignups","316","8","OK"
"AuditLog","2050","8","OK"
"AknaList","223","7","OK"
"PendingAknas","16","6","OK"
"Referrals","0","0","SHEET NOT FOUND (skip)"
"SignupNotifyEmails","0","5","OK"
"TierPayments","0","0","SHEET NOT FOUND (skip)"
"HiddenSuggestions","0","3","OK"
"LoginHistory","177","7","OK"
"Activity","172","6","OK"
"Notifications","560","4","OK"
"BulkInvite","292","4","OK"
"Panchang","100","13","OK"
"Festivals","205","6","OK"
"_property:visitor_count","23305","","INFO"