"Email","LastSeen","Page","Name","Photo","GahoiId"
"dendthdel@gmail.com","2026-10-04T17:37:15.775Z","home","Gaurav Reja","https://res.cloudinary.com/dtcrife6i/image/upload/v1773063559/gahoibandhu/btcaot1wzgloesty4pj2.jpg","GP00000001"
"mohanrusia63yu@gmail.com","2026-06-25T07:23:29.033Z","home","Mohan Rusia","https://lh3.googleusercontent.com/a/ACg8ocK588oIQSZMf8FTjAWDDuQi0z5PTyox1IQund6D9h4idOUyxQ=s96-c","GP00000170"
"gaurav.reja@gmail.com","2026-07-19T08:09:34.116Z","home","Gaurav Reja","https://res.cloudinary.com/dtcrife6i/image/upload/w_600,h_600,c_fill,g_face,q_auto,f_auto/v1778492283/gahoibandhu/eenc0nq9cb08fa0ov2o2.jpg","GP00000003"
"gauravrawat987@gmail.com","2026-10-01T08:17:49.893Z","home","Gaurav Rawat","https://res.cloudinary.com/dtcrife6i/image/upload/v1776661547/gahoibandhu/zgxlhjstzfwlq7qbfvrj.jpg","GP00000009"
"guptamuskan30420@gmail.com","2026-10-04T09:09:34.258Z","home","Muskaan Gupta","https://res.cloudinary.com/dtcrife6i/image/upload/c_fill,g_face,w_600,h_600/f_auto,q_auto/v1784957964/gahoibandhu/jni6sv7qqpxxuksxfosa.jpg","GP00000182"
"birender1965@gmail.com","2026-06-03T10:54:30.765Z","home","Apoorva Gupta","https://lh3.googleusercontent.com/a/ACg8ocKa4eyk4ikdqqYQsr4CkNbsDHEsuFV9OvkBTbDFbf_Q278eVZA=s96-c","GP00000109"
"sachin.pahariya.chirgaon@gmail.com","2026-06-11T12:22:51.668Z","home","Sachin Pahariya","https://res.cloudinary.com/dtcrife6i/image/upload/v1777916433/gahoibandhu/yivru9ixs4dcgd4boxny.jpg","GP00000133"
"ankitg527@gmail.com","2026-06-04T10:24:16.466Z","home","ankit Gupta","https://res.cloudinary.com/dtcrife6i/image/upload/v1777966231/gahoibandhu/qnw8hskse5e2a7bgdm3s.jpg","GP00000137"
"Viswari@gmail.com","2026-09-15T18:13:47.935Z","home","Anuj Viswari","https://res.cloudinary.com/dtcrife6i/image/upload/w_600,h_600,c_fill,g_face,q_auto,f_auto/v1778491370/gahoibandhu/i3qh5wce73qh6v4odklf.jpg","GP00000005"
"cagauravdengre@gmail.com","2026-09-18T16:50:14.698Z","home","CA Gaurav Dengre","https://res.cloudinary.com/dtcrife6i/image/upload/w_600,h_600,c_fill,g_face,q_auto,f_auto/v1780722214/gahoibandhu/oiaqcghnz1o6bbnl1lnq.jpg","GP00000008"
"hkgupta74d@gmail.com","2026-09-08T16:25:56.144Z","home","MAYANK GUPTA","","GP00000184"
"guptashailesh1@gmail.com","2026-06-04T12:59:35.146Z","home","SHAILESH KUMAR GUPTA","","GP00000221"
"gaurav.reja@denonline.in","2026-06-04T13:29:54.679Z","home","Gaurav Reja","","GP00000222"
"guptaadarsh313@gmail.com","2026-09-14T17:12:54.751Z","home","Adarsh Gupta","https://res.cloudinary.com/dtcrife6i/image/upload/w_600,h_600,c_fill,g_face,q_auto,f_auto/v1779614488/gahoibandhu/vef36hyeah0ystmavcda.jpg","GP00000191"
"mdheerajgupta@gmail.com","2026-10-02T17:08:56.994Z","home","Dheeraj Gupta(चऊदा)","https://res.cloudinary.com/dtcrife6i/image/upload/w_600,h_600,c_fill,g_face,q_auto,f_auto/v1778506606/gahoibandhu/mz0ape4vsnhbabjqnlvh.jpg","GP00000006"
"advocateankkit@gmail.com","2026-06-13T05:19:25.182Z","home","Ankit Gupta (Seth)","","GP00000194"
"sbmgt1502@gmail.com","2026-08-30T13:38:39.653Z","home","Shubham Gupta","https://res.cloudinary.com/dtcrife6i/image/upload/w_600,h_600,c_fill,g_face,q_auto,f_auto/v1780656776/gahoibandhu/z6pzyexwfyyx0y3w3cre.jpg","GP00000222"
"jkgupta452@gmail.com","2026-06-19T08:22:45.481Z","home","Jitendra Kumar Gupta (gera)","https://lh3.googleusercontent.com/a/ACg8ocJQ4c6vf3iFiGX74h2Ahlhfjn7cUKAEUxLdieIuieCjSdCiOKVPMw=s96-c","GP00000223"
"dr.karuneshgahoi@gmail.com","2026-06-28T16:33:12.297Z","home","Dr. KARUNESH CHANDRA GUPTA","https://res.cloudinary.com/dtcrife6i/image/upload/v1776620826/gahoibandhu/euyraby3i9aa3rm4hrzz.jpg","GP00000113"
"jeet24007@gmail.com","2026-06-06T09:55:23.421Z","home","Jeet Gupta","https://res.cloudinary.com/dtcrife6i/image/upload/w_600,h_600,c_fill,g_face,q_auto,f_auto/v1778601262/gahoibandhu/jaoj6spjtmnwoxvtp8qo.jpg","GP00000159"
"shiprasanjay786@gmail.com","2026-08-30T10:34:47.010Z","home","Shipra Gupta","","GP00000205"
"rajanigupta91656@gmail.com","2026-06-30T16:43:04.064Z","home","Rajani Gupta","","GP00000224"
"gupta.neha256@gmail.com","2026-06-07T02:26:35.364Z","home","Neha Gupta","","GP00000225"
"chiragguptame4@gmail.com","2026-06-22T05:23:41.985Z","home","Chirag Reja","https://res.cloudinary.com/dtcrife6i/image/upload/v1777738878/gahoibandhu/yfxwrca62w66pq3ibpz9.jpg","GP00000131"
"rohitmotors50@rediffmail.com","2026-09-08T07:42:50.547Z","home","Umesh kumar kankane","","GP00000185"
"saurabh.court@gmail.com","2026-09-10T13:12:58.190Z","home","Saurabh kharya","","GP00000168"
"anmol.gupta1986@gmail.com","2026-06-08T03:38:48.507Z","home","Anmol Gupta","https://lh3.googleusercontent.com/a/ACg8ocIf7huUN_6g5LghbKo6KTTlQlErCdrRm_9UxnobQBm68kqH0Igx=s96-c","GP00000148"
"sethankit2311@gmail.com","2026-06-16T06:30:47.691Z","home","Ankit Gupta","","GP00000139"
"praveenmtw@gmail.com","2026-09-12T18:16:38.066Z","home","Praveen Bilaiya","","GP00000011"
"mgca27@gmail.com","2026-06-08T10:45:48.933Z","matrimony","MANISH SARAWAGI","","GP00000226"
"ramprakashmor12@gmail.com","2026-09-15T06:05:10.432Z","home","Dhruv Mor","","GP00000228"
"sandipgeda@gmail.com","2026-07-05T17:21:01.724Z","home","Sandeep Gahoi","https://lh3.googleusercontent.com/a/ACg8ocIa4-6n44-VOGqnXFpGK65Jn_Q2hgTU2sMTtbq_SUBjjBQtHIuBRQ=s96-c","GP00000115"
"deeplohiya786@gmail.com","2026-06-12T07:02:56.843Z","home","Deep Lohiya","https://res.cloudinary.com/dtcrife6i/image/upload/w_600,h_600,c_fill,g_face,q_auto,f_auto/v1780984103/gahoibandhu/n4jctjcoadxensp8wboz.jpg","GP00000230"
"vai11gup112@gmail.com","2026-06-09T05:19:55.819Z","home","Vaibhav Gupta","https://lh3.googleusercontent.com/a/ACg8ocKBczFIz8PhiOzchTRpcnTdcYXGh1LlnLWb9gXM4t2dsMv2RA=s96-c","GP00000135"
"pramodgupta935@gmail.com","2026-09-25T14:02:36.432Z","matrimony","Pramod Kumar Gupta","https://res.cloudinary.com/dtcrife6i/image/upload/w_600,h_600,c_fill,g_face,q_auto,f_auto/v1781073111/gahoibandhu/mlmv8ii6gfmvazuxwy3q.jpg","GP00000166"
"ajaykankane@gmail.com","2026-06-09T09:18:23.840Z","home","Ajay Kankane","","GP00000111"
"kdguptadbr@gmail.com","2026-08-10T05:33:38.748Z","home","K. D. Gupta","https://lh3.googleusercontent.com/a/ACg8ocJqrU13wE23P5xE86mjG5p56PpV3BxFJSS5ynX0ZgLm8QFhOrtX=s96-c","GP00000202"
"vgupta.210987@gmail.com","2026-07-06T19:45:35.813Z","home","Vikash Gupta","","GP00000227"
"mg.manoj009@gmail.com","2026-06-27T06:46:05.447Z","home","Manoj Baderiya","https://res.cloudinary.com/dtcrife6i/image/upload/w_600,h_600,c_fill,g_face,q_auto,f_auto/v1781095109/gahoibandhu/k3c8dudp2u6qdqtlqsdr.jpg","GP00000231"
"ganeshilalgupta65@gmail.com","2026-06-10T10:58:05.237Z","profile","GANESHI LAL Baderiya","https://lh3.googleusercontent.com/a/ACg8ocKUYuROYuqhGzsd8KnrSTQRWcAVLJYBf58oR_-gTo9dys3uR-qM=s96-c","GP00000232"
"gyan_man@rediffmail.com","2026-07-29T17:46:41.112Z","home","Gyanendra Kumar Rawat","https://res.cloudinary.com/dtcrife6i/image/upload/v1776861908/gahoibandhu/dbkuxf9eiu7hlc5e79hy.jpg","GP00000127"
"ayushchhawla817@gmail.com","2026-10-02T07:54:12.203Z","home","Ayush chhawal","","GP00000233"
"prashantseth28@gmail.com","2026-07-16T19:16:17.237Z","home","Prashant Seth","","GP00000040"
"aggarwal.mukesh2002@gmail.com","2026-06-11T12:34:20.464Z","matrimony","MUKESH AGGARWAL","","GP00000234"
"neelugupta30@gmail.com","2026-08-02T16:37:11.779Z","home","Nilu gupta","https://res.cloudinary.com/dtcrife6i/image/upload/v1778164472/gahoibandhu/vjwq64mrs5k4vi4zs9u3.jpg","GP00000058"
"suryansh.g.125@gmail.com","2026-09-20T18:15:08.099Z","home","Ghanshyamdas Gupta","https://lh3.googleusercontent.com/a/ACg8ocJ3BsXhd3NcXWdBk08NJj-MbQ9vXqEu9qb1aiEiIXHyytTCkX6T=s96-c","GP00000235"
"rahendragupta712@gmail.com","2026-07-24T14:47:52.127Z","home","Yash","https://res.cloudinary.com/dtcrife6i/image/upload/c_fill,g_face,w_600,h_600/f_auto,q_auto/v1781349366/gahoibandhu/j5yzprbpdxf9mtufvctg.jpg","GP00000234"
"vikasorai@gmail.com","2026-06-13T10:52:06.909Z","home","Vikas gupta","","GP00000236"
"meenasuhane13@gmail.com","2026-08-31T08:08:54.199Z","home","Meena Suhane","https://lh3.googleusercontent.com/a/ACg8ocImgfXDlfVuASfJqG3Tbqqlu-amG3lo2L8EEA9Q6grbCzhChQ=s96-c","GP00000214"
"anilneekhara2@gmail.com","2026-08-03T02:51:15.321Z","matrimony","Anil Prakash Neekhra","https://res.cloudinary.com/dtcrife6i/image/upload/c_fill,g_face,w_600,h_600/f_auto,q_auto/v1784776694/gahoibandhu/xfhvs361gvgnlycqwnrj.jpg","GP00000181"
"abhishekgupta29@hotmail.com","2026-10-02T15:34:46.959Z","mahasabha","Abhishek Kumar Gupta","https://res.cloudinary.com/dtcrife6i/image/upload/w_600,h_600,c_fill,g_face,q_auto,f_auto/v1778507813/gahoibandhu/x76dsfx3jjth8j1f9fpb.jpg","GP00000051"
"prahladgupta158@gmail.com","2026-06-14T06:44:49.444Z","home","Prahlad Gupta","https://lh3.googleusercontent.com/a/ACg8ocLU5tVIzyhGGoDR2sSXzIg-7U02cFUwee0nOhTMbm-DDU9SEg=s96-c","GP00000238"
"gdevesh501@gmail.com","2026-06-14T15:42:38.085Z","home","Devesh Kumar Gupta","","GP00000237"
"ashutoshgupta9813@gmail.com","2026-06-14T10:31:17.233Z","home","Ashutosh Reja","https://res.cloudinary.com/dtcrife6i/image/upload/w_600,h_600,c_fill,g_face,q_auto,f_auto/v1780202148/gahoibandhu/zg8spmvainf87z20nbhe.png","GP00000038"
"pkg1400@gmail.com","2026-06-14T15:18:48.190Z","home","Pankaj Gupta","https://res.cloudinary.com/dtcrife6i/image/upload/c_fill,g_face,w_600,h_600/f_auto,q_auto/v1781450059/gahoibandhu/uukhz76kp8z9awb1n4ya.jpg","GP00000190"
"arpitgupta02200@gmail.com","2026-10-01T17:30:25.395Z","home","Arpit Gupta","https://res.cloudinary.com/dtcrife6i/image/upload/w_600,h_600,c_fill,g_face,q_auto,f_auto/v1779678429/gahoibandhu/mejdgj9ozlswn3hd5cuh.jpg","GP00000206"
"amitbichpuria@gmail.com","2026-06-18T10:21:17.138Z","home","Amit Bichpuria","https://lh3.googleusercontent.com/a/ACg8ocKJdGSiCnwjueNJl1KVyAeF8P0SNsVys7CE8gdQbRgIqWLIkw=s96-c","GP00000240"
"gjl6719@gmail.com","2026-08-11T06:22:52.811Z","matrimony","Jitendra Gupta","","GP00000241"
"aggarwal.jhansi@gmail.com","2026-06-17T12:39:42.332Z","profile","Rajesh Gupta","","GP00000244"
"vineet.masuraha@gmail.com","2026-06-18T04:10:44.535Z","home","Vineet Masuraha","https://lh3.googleusercontent.com/a/ACg8ocI2Jms026aHQGZ8frXFeBi7r-qHYp9pm3nEytAXbVpgLqQhBw=s96-c","GP00000245"
"pritireja@gmail.com","2026-06-22T08:30:35.865Z","home","Priti Reja","","GP00000002"
"ranugupta791@gmail.com","2026-06-18T10:07:05.486Z","home","RANU Gupta Bilaiya Adhyksh","https://lh3.googleusercontent.com/a/ACg8ocLMsGfwhTA2lDdmReOku6Qc91eXrw9Xx0c6FCJu2eEKRnnsQpSg=s96-c","GP00000247"
"gnishant790@gmail.com","2026-06-18T13:51:56.547Z","profile","NISHANT GUPTA","https://lh3.googleusercontent.com/a/ACg8ocJY6umVy9eydDiZmVI1Zl1BsdkdziPMSx1IOA8IXG3IsxYW_wlK=s96-c","GP00000248"
"rishavnigoti@gmail.com","2026-10-04T09:48:53.898Z","messages","Rishav Gupta","https://lh3.googleusercontent.com/a/ACg8ocI_6xt00Jb4obkVmlfpo1DV7g37sFMO4ievJH1XHMsipQ3T1ZuR=s96-c","GP00000248"
"nikhilgupta042@gmail.com","2026-06-18T17:59:36.825Z","home","Nikhil Viswari","https://res.cloudinary.com/dtcrife6i/image/upload/v1776591456/gahoibandhu/wim0idyr6psmrs7bvd6h.png","GP00000105"
"sparsh.755@gmail.com","2026-06-18T22:12:28.510Z","home","Sparsh Gupta","https://res.cloudinary.com/dtcrife6i/image/upload/c_fill,g_face,w_600,h_600/f_auto,q_auto/v1781817832/gahoibandhu/e8mebqcg5bfbytqsldq7.jpg","GP00000253"
"ssohane2@gmail.com","2026-07-26T23:07:54.154Z","home","Saurabh Sohane","","GP00000251"
"manish97gupta@gmail.com","2026-06-19T18:58:47.030Z","home","Manish Gupta","","GP00000255"
"rockyrajg166@gmail.com","2026-06-20T03:38:26.193Z","home","Ankit Gupta","https://lh3.googleusercontent.com/a/ACg8ocItLc1jy5kd_dv7uuzigqP5u10-j_EffPhnUolh41KGTOg4TEOG_w=s96-c","GP00000256"
"ashishgupta44@gmail.com","2026-06-21T11:24:00.410Z","home","Ashish Gupta","https://lh3.googleusercontent.com/a/ACg8ocIcr3FujYINTTRBlczpiJgZJVRliFVIrI_3ET31mYcFUZrdLgNdqg=s96-c","GP00000140"
"kumaranjesh88@gmail.com","2026-06-26T01:14:53.870Z","home","Anjesh Kumar Gupta","","GP00000256"
"gashish416@gmail.com","2026-07-21T15:06:05.742Z","matrimony","Ashish seth","https://res.cloudinary.com/dtcrife6i/image/upload/c_fill,g_face,w_600,h_600/f_auto,q_auto/v1782013752/gahoibandhu/o2q76y8a0aiqnc9yjqar.jpg","GP00000028"
"harshitviswari@gmail.com","2026-06-21T05:54:23.514Z","home","Harshit Viswari","","GP00000074"
"baburameshgupta@gmail.com","2026-06-21T06:19:53.485Z","home","RAMESH GUPTA","","GP00000188"
"baburameshgupta@gmail.com","2026-06-21T06:18:30.018Z","home","RAMESH GUPTA","","GP00000188"
"rohit9999baba@gmail.com","2026-06-21T13:28:58.232Z","home","Rohit Gupta","","GP00000261"
"mayankgupta101093@gmail.com","2026-07-14T01:23:19.636Z","home","Mayank gupta","https://lh3.googleusercontent.com/a/ACg8ocJbVqnwKD9If_NlKNvQGgnivOb58KQjL4EdTPszqkbhQy_DFvR-=s96-c","GP00000262"
"guptapremn@gmail.com","2026-06-22T11:42:28.395Z","profile","Premnarain Gupta  ( Neekhra)","","GP00000261"
"choudaha.akhilesh@gmail.com","2026-06-25T10:01:20.131Z","home","Akhilesh Kumar Choudaha","","GP00000263"
"gupta7664@gmail.com","2026-06-23T16:49:11.339Z","auth","U C Gupta","https://lh3.googleusercontent.com/a/ACg8ocKQZr02bmLodIFDqkH7HbTKtgZB4bMoAoaSpZlZvoIsWr5f_DFe7A=s96-c","GP00000264"
"ayushguptacs@gmail.com","2026-08-20T05:14:52.132Z","search","Ayush Gupta","https://res.cloudinary.com/dtcrife6i/image/upload/w_600,h_600,c_fill,g_face,q_auto,f_auto/v1780307534/gahoibandhu/gxtuhn5vb95modk22px2.jpg","GP00000032"
"rupali.shridham14@gmail.com","2026-06-24T10:32:31.438Z","home","Rupali gupta","https://lh3.googleusercontent.com/a/ACg8ocLiThPJKmNX3ZkoHblnKhj3gIxNL3Dnm3cpkQPfBSsAghYFxg=s96-c","GP00000265"
"gaganrusia@gmail.com","2026-06-25T16:25:19.167Z","offers","GAGAN KUMAR RUSIA","","GP00000012"
"ramkumargupta1115@gmail.com","2026-06-27T05:16:15.665Z","home","Ram Kumar Gupta","https://res.cloudinary.com/dtcrife6i/image/upload/w_600,h_600,c_fill,g_face,q_auto,f_auto/v1779616809/gahoibandhu/lcthvxlkblikg5rjqg3o.jpg","GP00000193"
"erpravingupta@gmail.com","2026-06-27T08:54:43.894Z","home","Pravin Gupta","https://lh3.googleusercontent.com/a/ACg8ocLgy-LFJeY8Y-8P78vjml5E-T28h0hZdeh8HOAn6WM-obeH2tNa=s96-c","GP00000266"
"ayushguptagtayuc@gmail.com","2026-06-27T11:05:51.748Z","profile","Ayush Gupta","https://res.cloudinary.com/dtcrife6i/image/upload/c_fill,g_face,w_600,h_600/f_auto,q_auto/v1782558259/gahoibandhu/teuujlmrgp0myibiwt1m.webp","GP00000267"
"agstudent745@gmail.com","2026-06-30T02:14:59.349Z","home","Anjali Gupta","","GP00000269"
"sanjayanita621@gmail.com","2026-06-28T17:19:35.161Z","mahasabha","Sanjay Gupta","https://lh3.googleusercontent.com/a/ACg8ocI8eDB7gK2AeljrCLTpbI5uwOhfJnKF54SbXUQ2srgoUWlgJQ=s96-c","GP00000270"
"madhurikathail@gmail.com","2026-07-01T10:58:58.184Z","home","Pallavi Kathail","","GP00000268"
"vpg0708@gmail.com","2026-07-02T09:09:48.651Z","profile","Vishnu Prasad Gupta","https://lh3.googleusercontent.com/a/ACg8ocJezncSdcTpX0NCL9W2zbnIjk-lUOsPqyYdlxokhPnOZhwWtfYY=s96-c","GP00000200"
"karunagupta17556@gmail.com","2026-07-04T10:28:14.599Z","gallery","Karuna Gupta","https://lh3.googleusercontent.com/a/ACg8ocJMDoJl07mDtUGcSVOMNOjtIOhXi6PvT7MpCGLLBoGcSFQRDw=s96-c","GP00000273"
"arvindkumarbaronia@gmail.com","2026-08-12T09:47:02.185Z","home","Arvind Kumar Baronia","","GP00000022"
"krgupta50@yahoo.com","2026-07-05T03:17:58.652Z","home","Kamlesh gupta","","GP00000152"
"surendrakharya@hotmail.com","2026-07-05T07:21:57.801Z","home","Surendra Kumar Kharya","","GP00000021"
"kuldeepjikuldeep@gmail.com","2026-07-07T07:31:43.787Z","search","Kuldeep Gupta","https://lh3.googleusercontent.com/a/ACg8ocIUEhXjZ3DNqndKyKPTxM5ABTQ5HuX4Lc5Wugwl2_4iduRU4zDE=s96-c","GP00000274"
"sunilgupta.xp@gmail.com","2026-07-08T06:33:36.406Z","home","Sunil Gupta","","GP00000275"
"roshnichhirolya123@gmail.com","2026-09-08T12:12:58.331Z","home","Roshni chhirolya","https://res.cloudinary.com/dtcrife6i/image/upload/c_fill,g_face,w_600,h_600/f_auto,q_auto/v1783601509/gahoibandhu/bhpzfz09vpqvjfl1xwgb.jpg","GP00000276"
"ramji.gupta284001@gmail.com","2026-07-11T06:06:09.409Z","profile","Ramji Sharan Gupta","","GP00000277"
"ramugupta6198@gmail.com","2026-07-11T20:24:25.410Z","home","Ramu Gupta","","GP00000279"
"suhaneprince5@gmail.com","2026-09-17T17:48:46.726Z","search","prince suhane","https://lh3.googleusercontent.com/a/ACg8ocL4cY9WK8mI6pnc4zTDj8UU_o0x5bp3o4wcDspg6QsmSkY6fOU=s96-c","GP00000280"
"skg5464@gmail.com","2026-08-02T12:55:31.727Z","matrimony","sanjay kumar gupta","","GP00000138"
"prinedimondcity@gmail.com","2026-07-14T03:39:41.363Z","home","neelkamal bilaiya","https://lh3.googleusercontent.com/a/ACg8ocJrzeaDVl_z0Ncb4wgsXRFma25QnAv9AZm3lsb2l_BZQvdmORVlAw=s96-c","GP00000281"
"gahoiashishsuhane143123@gmail.com","2026-07-15T11:32:55.196Z","home","Gahoi ASHISH SUHANE","https://res.cloudinary.com/dtcrife6i/image/upload/c_fill,g_face,w_600,h_600/f_auto,q_auto/v1784115045/gahoibandhu/rcfunj08vmcghrxccgl4.jpg","GP00000145"
"modiji1971@gmail.com","2026-07-20T15:31:37.796Z","home","Mahesh Kumar Modi","https://res.cloudinary.com/dtcrife6i/image/upload/c_fill,g_face,w_600,h_600/f_auto,q_auto/v1784116645/gahoibandhu/qbftgwdy8twdpfswqag4.jpg","GP00000283"
"guptasaurabh1016@gmail.com","2026-07-16T11:02:50.381Z","matrimony","Saurabh Gupta","https://lh3.googleusercontent.com/a/ACg8ocIhJ8jXfJp2YVwlMY22ohNwd7JsFLsf8pzME9kTJulYtIPcQMRT=s96-c","GP00000284"
"sharadcgupta2007@gmail.com","2026-10-03T01:04:58.348Z","home","SHARAD CHANDRA GUPTA","","GP00000042"
"sg74522@gmail.com","2026-07-19T08:12:23.327Z","matrimony","Sanjay Gupta","https://lh3.googleusercontent.com/a/ACg8ocLd0n4x38alEKvdhkcGqwe5YRI8Xx6YlOH7jFqH3OvxRlQF3EQ=s96-c","GP00000286"
"vidhimobilecare2019@gmail.com","2026-07-19T16:21:57.114Z","home","Krishan Kumar Kankane","","GP00000287"
"amitoppo78n@gmail.com","2026-07-23T17:15:22.855Z","home","Amit gupta","","GP00000288"
"mhaveersharan2015@gmail.com","2026-07-22T11:58:52.588Z","home","Mhaveer Sharan Gupta","","GP00000289"
"rkgupta.contact@gmail.com","2026-08-23T07:56:06.084Z","home","Ravindra Kumar Gupta","","GP00000290"
"dr.rajeevkurele1@gmail.com","2026-07-25T13:09:57.912Z","home","Dr Rajeev Kurele","","GP00000291"
"shekhargupta0987@gmail.com","2026-09-19T06:49:53.617Z","home","Shekhar Gupta","https://res.cloudinary.com/dtcrife6i/image/upload/c_fill,g_face,w_600,h_600/f_auto,q_auto/v1785175230/gahoibandhu/jqqurzwdm1bptnkdprzy.png","GP00000293"
"guptalaki07@gmail.com","2026-07-31T10:33:49.431Z","home","LAKI GUPTA","","GP00000295"
"gahoipatrika@gmail.com","2026-08-21T18:36:26.470Z","home","Yogesh Suhane","","GP00000297"
"jyotimukesh013@gmail.com","2026-08-10T12:40:30.988Z","home","Mukesh Gupta","","GP00000204"
"avinash.jhs.up@gmail.com","2026-08-17T03:21:17.476Z","home","Avinash Gupta","https://res.cloudinary.com/dtcrife6i/image/upload/c_fill,g_face,w_600,h_600/f_auto,q_auto/v1785673631/gahoibandhu/qgre2hizjbt6szfci0wa.jpg","GP00000298"
"akg1974@gmail.com","2026-08-04T05:22:35.261Z","home","Ajay Kumar Gupta","","GP00000129"
"dishaashokguptagupta@gmail.com","2026-09-18T16:36:48.576Z","home","Disha Ashokji Gupta","https://res.cloudinary.com/dtcrife6i/image/upload/c_fill,g_face,w_600,h_600/f_auto,q_auto/v1787592560/gahoibandhu/vwznw4bpf00jyycncvlp.png","GP00000299"
"ashishgahoi81@gmail.com","2026-08-05T06:25:39.372Z","home","Ashish Kumar Gupta","","GP00000173"
"sanjaygupta.sg864@gmail.com","2026-08-07T12:13:56.036Z","home","Sanjay Gupta","https://lh3.googleusercontent.com/a/ACg8ocImxC3RdwIpJcEYN_GgDqcdRNFjlNCgl_vSJPY0jgJVLcY33A=s96-c","GP00000301"
"anandgahoi44@gmail.com","2026-08-24T13:07:34.198Z","home","Anand Gupta","","GP00000300"
"sethanurag81@gmail.com","2026-08-12T10:19:39.873Z","home","Anurag Seth","https://lh3.googleusercontent.com/a/ACg8ocKXZfGteIcYXyJvXCqOxwMGn6vjY2YLcN3n3376lwMd0NEa7Jmo=s96-c","GP00000303"
"gupta.govinda007@gmail.com","2026-08-07T05:44:20.700Z","matrimony","Utkarsh Gupta","","GP00000304"
"guptahimanshu545@gmail.com","2026-08-08T04:24:08.078Z","matrimony","Himanshu Gupta","https://lh3.googleusercontent.com/a/ACg8ocKcrVZOmqwVouUO3o7M_dE9TVNWAefy8_dlqa85aSybg_C0UiOEww=s96-c","GP00000305"
"gptsachin1234@gmail.com","2026-08-11T12:09:59.185Z","home","Sachin Seth","","GP00000306"
"mmmgreno@gmail.com","2026-09-18T14:10:12.676Z","home","Sanjiv Kumar Sohane","https://res.cloudinary.com/dtcrife6i/image/upload/w_600,h_600,c_fill,g_face,q_auto,f_auto/v1778574716/gahoibandhu/zmbubdycdoqernaf8s4r.jpg","GP00000033"
"guptarajedra6135@gmail.com","2026-09-26T10:44:22.501Z","profile","राजेन्द्र प्रसाद सेठ","https://res.cloudinary.com/dtcrife6i/image/upload/c_fill,g_face,w_600,h_600/f_auto,q_auto/v1788451073/gahoibandhu/znvycg7nqxzth9zsy7cj.png","GP00000285"
"sohane.rk@gmail.com","2026-08-14T13:10:37.389Z","home","Rajesh Kumar Sohane","","GP00000309"
"hariom.gupta101@gmail.com","2026-08-17T11:08:19.635Z","matrimony","SAKET GUPTA","","GP00000308"
"anujgupta735599a@gmail.com","2026-08-20T03:54:35.881Z","home","Anuj Gupta","","GP00000311"
"rg1961rly@gmail.com","2026-08-28T15:33:32.715Z","matrimony","Rajendra Kumar Gupta","","GP00000134"
"sparshg53@gmail.com","2026-09-23T15:01:09.623Z","profile","sparsh gupta","https://lh3.googleusercontent.com/a/ACg8ocJr2ZoRF_c02aXzOSIJWHvms-0TunUcIOpBLS-oBtcX83RpSfTd=s96-c","GP00000147"
"shyamjig43@gmail.com","2026-08-28T18:46:13.929Z","home","Ram Kothari","https://lh3.googleusercontent.com/a/ACg8ocLxPr2q-C4u8AlQsZXQWwkSwuHzJaRZTmFqRk0PpSiQ26wx8ChH=s96-c","GP00000314"
"guptavijay930@gmail.com","2026-09-04T14:11:32.769Z","matrimony","Vijay Kumar Gupta","https://lh3.googleusercontent.com/a/ACg8ocK9yyg1-1q-FsFT9Jrgt6xJJjsnGWQJKvvuUeeiJ4KQDuR1vuA=s96-c","GP00000315"
"rg9900368@gmail.com","2026-09-05T16:19:33.976Z","mahasabha","rahul gupta","","GP00000316"
"chandan.gupta401@gmail.com","2026-09-02T08:18:17.707Z","matrimony","Chandan Gupta","","GP00000317"
"VARUN252405@GMAIL.COM","2026-09-03T06:29:40.530Z","home","Varun Gupta","","GP00000039"
"rkg311964@gmail.com","2026-09-05T14:57:54.925Z","matrimony","Dr Sanchit Gupta","","GP00000229"
"pradeep.eng121@yahoo.com","2026-09-06T15:39:01.302Z","business","Pradeep Gupta","","GP00000319"
"harshsijariya33@gmail.com","2026-09-11T15:37:57.680Z","home","Harsh Sijariya","https://lh3.googleusercontent.com/a/ACg8ocKQj2t4AIlPOYqzy2tTNEHegLWK8GrhCDWClqB4sc2ER3iUmA=s96-c","GP00000320"
"ankitreja@gmail.com","2026-09-26T08:43:10.607Z","business","Ankit Reja","","GP00000004"
"utkarshgupta9554@gmail.com","2026-09-14T05:46:26.034Z","home","Utkarsh Gupta","https://lh3.googleusercontent.com/a/ACg8ocKLP3TZ0uXiPUC3QGVDxSU6Bcw33of7RdJmEz3TG1M8ailMIdAmkw=s96-c","GP00000323"
"shubhanshu2009@gmail.com","2026-09-19T16:09:08.782Z","home","Shubhanshu Gupta","https://lh3.googleusercontent.com/a/ACg8ocKIW7VvDdTc7iiz2wMP0Z81AHxi-arRhhtiEFJERJleY3suwDwg=s96-c","GP00000326"
"deepeshgupta0175@gmail.com","2026-09-30T10:48:23.273Z","home","Deepesh","","GP00000328"
"adiebkh@gmail.com","2026-09-13T16:45:53.028Z","akna","G.B. GUPTA","https://res.cloudinary.com/dtcrife6i/image/upload/c_fill,g_face,w_600,h_600/f_auto,q_auto/v1789291581/gahoibandhu/ry8hcxvaa7x4borgyi7n.jpg","GP00000327"
"vikasneekhra44@gmail.com","2026-09-16T07:10:53.431Z","home","Vikas Neekhra","https://lh3.googleusercontent.com/a/ACg8ocJKkrw4SBRUk-aOK2LPS_ryy1dop2W-fl2yD_JAVvyyRWSd1Q=s96-c","GP00000330"
"sandy2010@gmail.com","2026-09-19T09:18:52.717Z","akna","SANDEEP KUMAR Gupta","","GP00000016"
"shivamrejaasia@gmail.com","2026-09-18T17:31:40.569Z","search","Shivam Reja","https://lh3.googleusercontent.com/a/ACg8ocK_8BAquTdAPWqZziCTIOgzTwshGpAyhaFFhENMxY5MzrAzaQNw=s96-c","GP00000331"
"manojgupta17855@gmail.com","2026-09-30T15:48:31.084Z","home","Manoj Kumar Gupta","https://lh3.googleusercontent.com/a/ACg8ocK9S87s9VDQzLaHTfcIApk5jsyhMx7IZ4qVMuEq_bmaIGDO9RV-=s96-c","GP00000333"
"seth641580@gmail.com","2026-09-29T09:23:10.033Z","matrimony","Archna gupta","","GP00000334"
"rishiaimlb.techgupta@gmail.com","2026-09-27T06:17:22.588Z","home","Rishi Gupta","","GP00000335"
"jeetugupta00185@gmail.com","2026-09-20T02:42:48.221Z","home","Jitendra Gupta","","GP00000336"
"askraa100@gmail.com","2026-09-20T08:35:40.697Z","matrimony","Ayushi Gupta","","GP00000332"
"guptabhavna3010@gmail.com","2026-09-21T10:51:07.168Z","home","Bhavna lahariya","","GP00000337"
"pkguptamca@gmail.com","2026-09-28T06:26:54.808Z","home","Pramod Kumar Gupta","https://res.cloudinary.com/dtcrife6i/image/upload/w_600,h_600,c_fill,g_face,q_auto,f_auto/v1778499508/gahoibandhu/kv5dmdrgddmjtimrqjkj.jpg","GP00000007"
"helpdesk4youready@gmail.com","2026-09-24T05:46:34.016Z","matrimony","RK","https://lh3.googleusercontent.com/a/ACg8ocJ2vbKrM3Zvv0ArsaBU7_U-QheJPOCaJ0DNfSxVfg-YJ4C2YA=s96-c","GP00000339"
"anubhavgahoi7@gmail.com","2026-09-28T09:33:17.963Z","home","Anubhav Kumar Gupta","https://res.cloudinary.com/dtcrife6i/image/upload/c_fill,g_face,w_600,h_600/f_auto,q_auto/v1790574842/gahoibandhu/gzglfl9rlxsgpi1n1auh.jpg","GP00000342"
"pknikhra@gmail.com","2026-09-28T12:11:27.211Z","matrimony","Arpit neekhra","","GP00000343"
"nancy75000g@gmail.com","2026-09-28T12:17:31.171Z","home","Nancy Gupta","","GP00000344"
"vikasnaina22@gmail.com","2026-09-29T19:29:03.477Z","home","Vikas Naina","https://res.cloudinary.com/dtcrife6i/image/upload/c_fill,g_face,w_600,h_600/f_auto,q_auto/v1790704404/gahoibandhu/vclnfawz925loncumhxz.png","GP00000345"
"bhanu3111@gmail.com","2026-09-30T08:54:58.206Z","home","Bhanu","","GP00000347"
"atmanandgupta23@gmail.com","2026-10-01T02:57:50.857Z","home","Atmanand Gupta Kuchiya","https://res.cloudinary.com/dtcrife6i/image/upload/c_fill,g_face,w_600,h_600/f_auto,q_auto/v1790772370/gahoibandhu/jdrhgk0jqmm4vvqjxk6j.jpg","GP00000348"
"nitesh.acn@gmail.com","2026-10-01T09:15:45.604Z","home","NITESH GUPTA","https://lh3.googleusercontent.com/a/ACg8ocKKhTHEnLJDBx9648T9lXY141SfUcnjS6gGVNN2tY1zXdwqiA=s96-c","GP00000174"
"narayandasgupta2558@gmail.com","2026-10-02T03:13:13.512Z","home","Narayan das Gupta","","GP00000349"
"01ravi.amit@gmail.com","2026-10-02T16:26:58.363Z","matrimony","Ravi Gupta","","GP00000350"
"gopalgahoi2292@gmail.com","2026-10-02T17:34:02.754Z","auth","Gopal Gahoi","","GP00000352"
"anv.priy@gmail.com","2026-10-02T18:35:40.297Z","home","Anvesh Gupta","https://lh3.googleusercontent.com/a/ACg8ocLs2W_kFd5qnMlv7AglX9fdNmBvFWaoClCyAr71xA54zOqiY0SV=s96-c","GP00000354"
"namitag1971@gmail.com","2026-10-02T18:42:02.339Z","home","Namita Gupta","https://lh3.googleusercontent.com/a/ACg8ocLvvlpGNqozij4Lx9KgprVObprda5NwepPUZJ6Je2iILAej1TyErA=s96-c","GP00000355"
"manojkumargupta8081@gmail.com","2026-10-03T05:12:02.134Z","matrimony","Manoj kumar Gupta","https://res.cloudinary.com/dtcrife6i/image/upload/c_fill,g_face,w_600,h_600/f_auto,q_auto/v1791002607/gahoibandhu/qw4hzlq7sab6sncibm94.jpg","GP00000095"
"anil49011@gmail.com","2026-10-04T16:25:44.666Z","home","Gahoi Anil Nigoti","https://lh3.googleusercontent.com/a/ACg8ocJTZmtMkBURLW7ngEh-6phWzIE3dEuaq-hFUNaazs-bKhS2ibCCLw=s96-c","GP00000359"
"manishg127@gmail.com","2026-10-03T09:27:05.992Z","home","MANISH KUMAR GUPTA","","GP00000360"