"Hindi","English","Variants","AddedBy","AddedAt","Active","Group"
"अमरोहा","amroha","amroha","system","2026-05-14T07:01:04.703Z","true","समूह 32 - अमरोहा"
"अमोरिया","amoriya amori","amoriya amori","system","2026-05-14T07:01:04.703Z","true","समूह 32 - अमरोहा"
"अमौरिया","amauriya amauri","amauriya amauri","system","2026-05-14T07:01:04.703Z","true","समूह 32 - अमरोहा"
"अमौल्या","amaulya amaul","amaulya amaul","system","2026-05-14T07:01:04.703Z","true","समूह 32 - अमरोहा"
"अरुसिया","arusia arusiya","arusia arusiya","system","2026-05-14T07:01:04.703Z","true",""
"आसुदीपा","asudipa asudeep","asudipa asudeep","system","2026-05-14T07:01:04.703Z","true","समूह 31 - आसू"
"आसू","aasu asu","aasu asu","system","2026-05-14T07:01:04.703Z","true","समूह 31 - आसू"
"आसूती","asuti asoot","asuti asoot","system","2026-05-14T07:01:04.703Z","true","समूह 31 - आसू"
"आसूपी","asupi asoop","asupi asoop","system","2026-05-14T07:01:04.703Z","true","समूह 31 - आसू"
"इकसड़े","iksade","iksade","system","2026-05-14T07:01:04.703Z","true",""
"इटोदिया","itodiya itodi","itodiya itodi","system","2026-05-14T07:01:04.703Z","true","समूह 30 - इटोदिया"
"इटोरिया","itoriya itori Itoria","itoriya itori Itoria","system","2026-05-14T07:01:04.703Z","true","समूह 30 - इटोदिया"
"इन्दुरख्या","indurkya indurkhya","indurkya indurkhya","system","2026-05-14T07:01:04.703Z","true",""
"उगोरिया","ugoriya ugori","ugoriya ugori","system","2026-05-14T07:01:04.703Z","true",""
"कजार","kajar","kajar","system","2026-05-14T07:01:04.703Z","true",""
"कंजौल्या","kanjaulya kanjol","kanjaulya kanjol","system","2026-05-14T07:01:04.703Z","true",""
"कटारे","katare katar","katare katar","system","2026-05-14T07:01:04.703Z","true",""
"कठल","kathal kathl","kathal kathl","system","2026-05-14T07:01:04.703Z","true","समूह 29 - कठल"
"कठिल","khatil kathil","khatil kathil","system","2026-05-14T07:01:04.703Z","true","समूह 29 - कठल"
"कनकने","kankane kanak","kankane kanak","system","2026-05-14T07:01:04.703Z","true",""
"कन्थरिया","kanthariya kanthari","kanthariya kanthari","system","2026-05-14T07:01:04.703Z","true",""
"कन्देले","kandele kandel","kandele kandel","system","2026-05-14T07:01:04.703Z","true",""
"कसाव","kasav kasaw","kasav kasaw","system","2026-05-14T07:01:04.703Z","true",""
"कस्तवार","kastawar kastwar","kastawar kastwar","system","2026-05-14T07:01:04.703Z","true",""
"कारेखेमऊ","karekhamau karekhe","karekhamau karekhe","system","2026-05-14T07:01:04.703Z","true",""
"कुचहा","kuchaha kuchah","kuchaha kuchah","system","2026-05-14T07:01:04.703Z","true",""
"कुचिया","kuchiya kuchi","kuchiya kuchi","system","2026-05-14T07:01:04.703Z","true",""
"कुदरया","kudarya","kudarya","system","2026-05-14T07:01:04.703Z","true",""
"कुनयार","kunyar kuniyar","kunyar kuniyar","system","2026-05-14T07:01:04.703Z","true",""
"कुरेटिया","kuretiya kureti","kuretiya kureti","system","2026-05-14T07:01:04.703Z","true",""
"कुरेले","kurele kurel","kurele kurel","system","2026-05-14T07:01:04.703Z","true",""
"कुरैठिया","kuraithiya kuraithi","kuraithiya kuraithi","system","2026-05-14T07:01:04.703Z","true",""
"कुरोठिया","kurothiya kurothi","kurothiya kurothi","system","2026-05-14T07:01:04.703Z","true",""
"क्षुरेले","kshurel kshurele","kshurel kshurele","system","2026-05-14T07:01:04.703Z","true",""
"खड़सरिया","khadarsariya khadarsa","khadarsariya khadarsa","system","2026-05-14T07:01:04.703Z","true",""
"खंताल","khantal","khantal","system","2026-05-14T07:01:04.703Z","true",""
"खरया","kharya","kharya","system","2026-05-14T07:01:04.703Z","true","समूह 26 - खरया"
"खरसडिया","kharsadiya kharsadi","kharsadiya kharsadi","system","2026-05-14T07:01:04.703Z","true",""
"खरहा","kharha","kharha","system","2026-05-14T07:01:04.703Z","true","समूह 26 - खरया"
"खर्द","khard","khard","system","2026-05-14T07:01:04.703Z","true",""
"खांगट","khangat","khangat","system","2026-05-14T07:01:04.703Z","true",""
"खैरया","khaira khera","khaira khera","system","2026-05-14T07:01:04.703Z","true","समूह 26 - खरया"
"खैरा","khaira khera","khaira khera","system","2026-05-14T07:01:04.703Z","true",""
"गंधी","gandhi gandi","gandhi gandi","system","2026-05-14T07:01:04.703Z","true","समूह 27 - गंधी"
"गन्धी","gandhi gandi","gandhi gandi","system","2026-05-14T07:01:04.703Z","true","समूह 27 - गंधी"
"गुगोरिया","gugoriya gugori","gugoriya gugori","system","2026-05-14T07:01:04.703Z","true",""
"गेडा","geda","geda","system","2026-05-14T07:01:04.703Z","true",""
"घुरा","ghura","ghura","system","2026-05-14T07:01:04.703Z","true",""
"चउदा","chauda chaud","chauda chaud","system","2026-05-14T07:01:04.703Z","true","समूह 25 - चोदहा/चौदा"
"चऊदा","chauda chaud","chauda chaud","system","2026-05-14T07:01:04.703Z","true","समूह 25 - चोदहा/चौदा"
"चंगेले","changele changel","changele changel","system","2026-05-14T07:01:04.703Z","true","समूह 28 - चंगेले"
"चन्दैया","chandaiya chandai","chandaiya chandai","system","2026-05-14T07:01:04.703Z","true",""
"चन्द्रसेनिया","chandraseniya chandrasen","chandraseniya chandrasen","system","2026-05-14T07:01:04.703Z","true",""
"चपरा","chapra","chapra","system","2026-05-14T07:01:04.703Z","true","समूह 24 - चपरा"
"चुनगेले","chungele chungel","chungele chungel","system","2026-05-14T07:01:04.703Z","true","समूह 28 - चंगेले"
"चुपरा","chupra","chupra","system","2026-05-14T07:01:04.703Z","true","समूह 24 - चपरा"
"चोदहा","chodaha chodah","chodaha chodah","system","2026-05-14T07:01:04.703Z","true","समूह 25 - चोदहा/चौदा"
"चौदा","chauda chaud","chauda chaud","system","2026-05-14T07:01:04.703Z","true","समूह 25 - चोदहा/चौदा"
"छावला","chhawla chhawal","chhawla chhawal","system","2026-05-14T07:01:04.703Z","true","समूह 7 - साउला"
"छिरोल्या","chiroliya chirolay","chiroliya chirolay","system","2026-05-14T07:01:04.703Z","true",""
"जकोन्या","jakonya jakon","jakonya jakon","system","2026-05-14T07:01:04.703Z","true",""
"जार","jar","jar","system","2026-05-14T07:01:04.703Z","true",""
"जालौन्या","jalaunya jaloun","jalaunya jaloun","system","2026-05-14T07:01:04.703Z","true",""
"जुगोरिया","jugoriya jugori","jugoriya jugori","system","2026-05-14T07:01:04.703Z","true",""
"जुरेले","jurele jurel","jurele jurel","system","2026-05-14T07:01:04.703Z","true",""
"जोलिया","joliya joli","joliya joli","system","2026-05-14T07:01:04.703Z","true",""
"जौरिया","jauriya jauri","jauriya jauri","system","2026-05-14T07:01:04.703Z","true",""
"झंक","jhank","jhank","system","2026-05-14T07:01:04.703Z","true","समूह 23 - झंक"
"झड़","jhard jhad","jhard jhad","system","2026-05-14T07:01:04.703Z","true",""
"झांझर","jhanjhar jhanjh","jhanjhar jhanjh","system","2026-05-14T07:01:04.703Z","true",""
"झुड़ेले","jhudele jhudel","jhudele jhudel","system","2026-05-14T07:01:04.703Z","true",""
"झूंक","jhunk jhoonk","jhunk jhoonk","system","2026-05-14T07:01:04.703Z","true","समूह 23 - झंक"
"झूके","jhuke jhuk","jhuke jhuk","system","2026-05-14T07:01:04.703Z","true","समूह 23 - झंक"
"झूड","jhud","jhud","system","2026-05-14T07:01:04.703Z","true",""
"टपकले","tapakle tapkal","tapakle tapkal","system","2026-05-14T07:01:04.703Z","true","समूह 21 - टपकले/टिकरया"
"टिकरया","tikarya","tikarya","system","2026-05-14T07:01:04.703Z","true","समूह 21 - टपकले/टिकरया"
"टिकरया टपकले","tikarya tapakle","tikarya tapakle","system","2026-05-14T07:01:04.703Z","true",""
"टीपा","tipa teep","tipa teep","system","2026-05-14T07:01:04.703Z","true",""
"टुड़हा","tudha turha","tudha turha","system","2026-05-14T07:01:04.703Z","true",""
"डागरे","dagre dager","dagre dager","system","2026-05-14T07:01:04.703Z","true","समूह 22 - डागरे"
"डांगरे","dangre danger","dangre danger","system","2026-05-14T07:01:04.703Z","true","समूह 22 - डागरे"
"डाडम","dadam","dadam","system","2026-05-14T07:01:04.703Z","true",""
"डेंगरे","dengre denger","dengre denger","system","2026-05-14T07:01:04.703Z","true","समूह 22 - डागरे"
"डेवढीया","devdhiya devdhi","devdhiya devdhi","system","2026-05-14T07:01:04.703Z","true",""
"ढीगौरिया","dhigauriya dhigauri","dhigauriya dhigauri","system","2026-05-14T07:01:04.703Z","true",""
"तपा","tapa","tapa","system","2026-05-14T07:01:04.703Z","true",""
"तरसोलिया","tarsoliya tarsoli","tarsoliya tarsoli","system","2026-05-14T07:01:04.703Z","true","समूह 19 - तरसोलिया"
"तीतबिरासी","titbirasi titbira","titbirasi titbira","system","2026-05-14T07:01:04.703Z","true","समूह 20 - तीतबिरासी"
"तीतबिलासी","titbilasi titbila","titbilasi titbila","system","2026-05-14T07:01:04.703Z","true","समूह 20 - तीतबिरासी"
"तीपा","tipa teep","tipa teep","system","2026-05-14T07:01:04.703Z","true",""
"तुसेले","tusele tusel","tusele tusel","system","2026-05-14T07:01:04.703Z","true",""
"त्रिसोलिया","trisoliya trisoli","trisoliya trisoli","system","2026-05-14T07:01:04.703Z","true","समूह 19 - तरसोलिया"
"दगरिहा","dagariha","dagariha","system","2026-05-14T07:01:04.703Z","true",""
"ददरया","dadarya dadry","dadarya dadry","system","2026-05-14T07:01:04.703Z","true",""
"दमेले","damele damel","damele damel","system","2026-05-14T07:01:04.703Z","true",""
"दमोरहा","damorha","damorha","system","2026-05-14T07:01:04.703Z","true",""
"दिगोरिया","digoriya digori","digoriya digori","system","2026-05-14T07:01:04.703Z","true",""
"दीपा","deepa dipa","deepa dipa","system","2026-05-14T07:01:04.703Z","true",""
"देवरहा","dewarha dewrha","dewarha dewrha","system","2026-05-14T07:01:04.703Z","true",""
"दोहरिया","dohariya dohari Daurhiya","dohariya dohari Daurhiya","system","2026-05-14T07:01:04.703Z","true",""
"धनोरिया","dhanoriya dhanori","dhanoriya dhanori","system","2026-05-14T07:01:04.703Z","true",""
"धूसर","dhusar dhoosar","dhusar dhoosar","system","2026-05-14T07:01:04.703Z","true",""
"नगरिया","nagariya nagari","nagariya nagari","system","2026-05-14T07:01:04.703Z","true",""
"नाछोला","nachola","nachola","system","2026-05-14T07:01:04.703Z","true",""
"नार","nar","nar","system","2026-05-14T07:01:04.703Z","true","समूह 18 - नार/नाहर"
"नाहर","nahar","nahar","system","2026-05-14T07:01:04.703Z","true","समूह 18 - नार/नाहर"
"निगोतिया","nigotiya","nigotiya","system","2026-05-14T07:01:04.703Z","true","समूह 17 - निगोतिया"
"निगोती","nigoti","nigoti","system","2026-05-14T07:01:04.703Z","true","समूह 17 - निगोतिया"
"निलहा","nilha","nilha","system","2026-05-14T07:01:04.703Z","true",""
"निसुंगे","nisunge nisung","nisunge nisung","system","2026-05-14T07:01:04.703Z","true",""
"निसूरी","nisuri nisoor","nisuri nisoor","system","2026-05-14T07:01:04.703Z","true",""
"नीखरा","nikhra neekh neekhara neekhra","nikhra neekh neekhara neekhra","system","2026-05-14T07:01:04.703Z","true",""
"नेहना","nehna nehan","nehna nehan","system","2026-05-14T07:01:04.703Z","true",""
"नैना","naina","naina","system","2026-05-14T07:01:04.703Z","true",""
"नोगरैया","nogaraiya nograiya","nogaraiya nograiya","system","2026-05-14T07:01:04.703Z","true",""
"नौगरैया","naugaraiya nougraiya","naugaraiya nougraiya","system","2026-05-14T07:01:04.703Z","true",""
"नौलहा","naulaha naulh","naulaha naulh","system","2026-05-14T07:01:04.703Z","true",""
"पचनोले","pachnole pachno","pachnole pachno","system","2026-05-14T07:01:04.703Z","true",""
"पचरौल्या","pachraulya pachrol","pachraulya pachrol","system","2026-05-14T07:01:04.703Z","true",""
"पटरैया","patraiya patrai","patraiya patrai","system","2026-05-14T07:01:04.703Z","true","समूह 16 - पटरैया"
"पटवारी","patwari patwar","patwari patwar","system","2026-05-14T07:01:04.703Z","true",""
"पटेरहा","paterha paterh","paterha paterh","system","2026-05-14T07:01:04.703Z","true","समूह 16 - पटरैया"
"पटोदिया","patodiya patodi","patodiya patodi","system","2026-05-14T07:01:04.703Z","true",""
"पहारिया","pahariya pahari","pahariya pahari","system","2026-05-14T07:01:04.703Z","true",""
"पहारू","paharu","paharu","system","2026-05-14T07:01:04.703Z","true",""
"पाटोदी","patodi","patodi","system","2026-05-14T07:01:04.703Z","true",""
"पिपरसानिया","piparsaniya piparsa","piparsaniya piparsa","system","2026-05-14T07:01:04.703Z","true",""
"पुरपुरिया","puranpuriya","puranpuriya","system","2026-05-14T07:01:04.703Z","true","समूह 15 - पुरपुरिया"
"पूरनपुरिया","puranpuriya pooranpuri","puranpuriya pooranpuri","system","2026-05-14T07:01:04.703Z","true","समूह 15 - पुरपुरिया"
"बजरंगगडिया","bajranggadiya bajrang","bajranggadiya bajrang","system","2026-05-14T07:01:04.703Z","true",""
"बड़ेरिया","bareriya baderi","bareriya baderi","system","2026-05-14T07:01:04.703Z","true",""
"बड़ोन्या","baronya badony","baronya badony","system","2026-05-14T07:01:04.703Z","true",""
"बढ़िया","badhiya badhi","badhiya badhi","system","2026-05-14T07:01:04.703Z","true",""
"बमोरिया","bamoriya bamori","bamoriya bamori","system","2026-05-14T07:01:04.703Z","true",""
"बरदिया","bardiya bardi","bardiya bardi","system","2026-05-14T07:01:04.703Z","true","समूह 13 - बरदिया"
"बरया","barya","barya","system","2026-05-14T07:01:04.703Z","true",""
"बरसैंया","barsaiya barsain","barsaiya barsain","system","2026-05-14T07:01:04.703Z","true",""
"बरहा","barha","barha","system","2026-05-14T07:01:04.703Z","true",""
"बरेले","barele barel","barele barel","system","2026-05-14T07:01:04.703Z","true",""
"बरेहे","barehe bareh","barehe bareh","system","2026-05-14T07:01:04.703Z","true","समूह 14 - बरेहे"
"बरोल","barol","barol","system","2026-05-14T07:01:04.703Z","true",""
"बर्घिया","barghiya barghi","barghiya barghi","system","2026-05-14T07:01:04.703Z","true","समूह 13 - बरदिया"
"बर्षिया","barshiya barshi","barshiya barshi","system","2026-05-14T07:01:04.703Z","true",""
"बहरे","behre behr","behre behr","system","2026-05-14T07:01:04.703Z","true","समूह 14 - बरेहे"
"बागर","bagar","bagar","system","2026-05-14T07:01:04.703Z","true",""
"बाडिल","badil baadil","badil baadil","system","2026-05-14T07:01:04.703Z","true",""
"बिनौरया","binaurya binaury","binaurya binaury","system","2026-05-14T07:01:04.703Z","true",""
"बिलैया","bilaiya bilai Billaiya","bilaiya bilai Billaiya","system","2026-05-14T07:01:04.703Z","true",""
"बेडर","bedar bedr","bedar bedr","system","2026-05-14T07:01:04.703Z","true",""
"बेद","bed ved","bed ved","system","2026-05-14T07:01:04.703Z","true",""
"बेहरे","behre behr","behre behr","system","2026-05-14T07:01:04.703Z","true","समूह 14 - बरेहे"
"बैडाल","baidal baidaal","baidal baidaal","system","2026-05-14T07:01:04.703Z","true",""
"ब्रिजपुरिया","brijpuriya brijpuri","brijpuriya brijpuri","system","2026-05-14T07:01:04.703Z","true",""
"भगोरया","bhagorya bhagory","bhagorya bhagory","system","2026-05-14T07:01:04.703Z","true",""
"भोंदिया","bhondiya bhondi","bhondiya bhondi","system","2026-05-14T07:01:04.703Z","true",""
"भोंदू","bhondu bhond","bhondu bhond","system","2026-05-14T07:01:04.703Z","true",""
"मनगोले","mangole mangol","mangole mangol","system","2026-05-14T07:01:04.703Z","true",""
"मर","mar amar","mar amar","system","2026-05-14T07:01:04.703Z","true",""
"मरेले","marele marel","marele marel","system","2026-05-14T07:01:04.703Z","true",""
"मसौरया","masaurya masaury","masaurya masaury","system","2026-05-14T07:01:04.703Z","true","समूह 11 - मसौरया"
"महतेले","mahatele mahtel","mahatele mahtel","system","2026-05-14T07:01:04.703Z","true","समूह 12 - महतेले"
"मातेले","matele matel","matele matel","system","2026-05-14T07:01:04.703Z","true","समूह 12 - महतेले"
"मिसुरया","misurya misury","misurya misury","system","2026-05-14T07:01:04.703Z","true","समूह 11 - मसौरया"
"मिसुरहा","misurha","misurha","system","2026-05-14T07:01:04.703Z","true","समूह 11 - मसौरया"
"मिही के कुंवर","mihi ke kunwar","mihi ke kunwar","system","2026-05-14T07:01:04.703Z","true",""
"मिहोनिया","mihoniya mihoni","mihoniya mihoni","system","2026-05-14T07:01:04.703Z","true",""
"मुनगेले","mungele mungel","mungele mungel","system","2026-05-14T07:01:04.703Z","true",""
"मोदी","modi","modi","system","2026-05-14T07:01:04.703Z","true",""
"मोर","mor","mor","system","2026-05-14T07:01:04.703Z","true",""
"मौनया","maunya maun","maunya maun","system","2026-05-14T07:01:04.703Z","true",""
"रघारे","raghare raghar","raghare raghar","system","2026-05-14T07:01:04.703Z","true",""
"रावत","rawat raut","rawat raut","system","2026-05-14T07:01:04.703Z","true",""
"रिखोल्या","rikholya rikhol","rikholya rikhol","system","2026-05-14T07:01:04.703Z","true",""
"रिसौनिया","risauniya risauni","risauniya risauni","system","2026-05-14T07:01:04.703Z","true",""
"रूसिया","rusia rusiya","rusia rusiya","system","2026-05-14T07:01:04.703Z","true",""
"रेजा","reja","reja","system","2026-05-14T07:01:04.703Z","true",""
"लखटकिया","lakhatkiya lakhatki","lakhatkiya lakhatki","system","2026-05-14T07:01:04.703Z","true",""
"लखौरया","lakhaurya","lakhaurya","system","2026-05-14T07:01:04.703Z","true",""
"लहारिया","lahariya lahari","lahariya lahari","system","2026-05-14T07:01:04.703Z","true",""
"लोइया","loiya loi","loiya loi","system","2026-05-14T07:01:04.703Z","true","समूह 10 - लोइया"
"लोहिया","lohiya lohi","lohiya lohi","system","2026-05-14T07:01:04.703Z","true","समूह 10 - लोइया"
"वगेरिया","vageriya vageri","vageriya vageri","system","2026-05-14T07:01:04.703Z","true",""
"विनौरया","vinaurya vinaury","vinaurya vinaury","system","2026-05-14T07:01:04.703Z","true",""
"विलैया","vilaiya vilai","vilaiya vilai","system","2026-05-14T07:01:04.703Z","true",""
"विसवारी","viswari bistwari","viswari bistwari","system","2026-05-14T07:01:04.703Z","true",""
"शाव","shav","shav","system","2026-05-14T07:01:04.703Z","true","समूह 6 - शाव/साह"
"शाह","shah","shah","system","2026-05-14T07:01:04.703Z","true","समूह 6 - शाव/साह"
"शिकोल्या","shikolya shikol","shikolya shikol","system","2026-05-14T07:01:04.703Z","true",""
"शिपौल्या","shipaulya shipol","shipaulya shipol","system","2026-05-14T07:01:04.703Z","true","समूह 5 - शिपौल्या"
"सकहरे","sakahere sakaher","sakahere sakaher","system","2026-05-14T07:01:04.703Z","true","समूह 9 - सकहरे"
"सकहेरे","sakahere sakaher","sakahere sakaher","system","2026-05-14T07:01:04.703Z","true","समूह 9 - सकहरे"
"सकेरे","sakere saker","sakere saker","system","2026-05-14T07:01:04.703Z","true","समूह 9 - सकहरे"
"सकोरया","sakorya","sakorya","system","2026-05-14T07:01:04.703Z","true",""
"सरावगी","sarawagi sarogi","sarawagi sarogi","system","2026-05-14T07:01:04.703Z","true",""
"सहदेले","sahdele sahd","sahdele sahd","system","2026-05-14T07:01:04.703Z","true","समूह 8 - सहदेले"
"साउला","saula saul","saula saul","system","2026-05-14T07:01:04.703Z","true","समूह 7 - साउला"
"सादेले","sadele sadel","sadele sadel","system","2026-05-14T07:01:04.703Z","true","समूह 8 - सहदेले"
"साब","sab","sab","system","2026-05-14T07:01:04.703Z","true","समूह 6 - शाव/साह"
"साव","sav saw","sav saw","system","2026-05-14T07:01:04.703Z","true","समूह 6 - शाव/साह"
"सावला","sawla savla","sawla savla","system","2026-05-14T07:01:04.703Z","true","समूह 7 - साउला"
"साह","sah","sah","system","2026-05-14T07:01:04.703Z","true","समूह 6 - शाव/साह"
"साहदेले","sahdele sahd","sahdele sahd","system","2026-05-14T07:01:04.703Z","true","समूह 8 - सहदेले"
"साहु","sahu","sahu","system","2026-05-14T07:01:04.703Z","true","समूह 6 - शाव/साह"
"साहू","sahu","sahu","system","2026-05-14T07:01:04.703Z","true","समूह 6 - शाव/साह"
"सिजरिया","sijariya sijari","sijariya sijari","system","2026-05-14T07:01:04.703Z","true","समूह 4 - सिजरिया"
"सिजारिया","sijariya sijari","sijariya sijari","system","2026-05-14T07:01:04.703Z","true","समूह 4 - सिजरिया"
"सिपौल्या","sipaulya sipaul Sipoliyya","sipaulya sipaul Sipoliyya","system","2026-05-14T07:01:04.703Z","true","समूह 5 - शिपौल्या"
"सिरसोनिया","sirsoniya sirsoni","sirsoniya sirsoni","system","2026-05-14T07:01:04.703Z","true",""
"सिरोजिया","sirojiya siroji","sirojiya siroji","system","2026-05-14T07:01:04.703Z","true",""
"सुदीपा","sudipa sudeep","sudipa sudeep","system","2026-05-14T07:01:04.703Z","true",""
"सुलगनिया","sulagniya sulagni","sulagniya sulagni","system","2026-05-14T07:01:04.703Z","true","समूह 2 - सुलगनिया"
"सुलगहनया","sulganaya sulgana","sulganaya sulgana","system","2026-05-14T07:01:04.703Z","true","समूह 2 - सुलगनिया"
"सुलगहनाया","sulganaiya sulganai","sulganaiya sulganai","system","2026-05-14T07:01:04.703Z","true","समूह 2 - सुलगनिया"
"सुलगानियाँ","sulagniya sulagni","sulagniya sulagni","system","2026-05-14T07:01:04.703Z","true","समूह 2 - सुलगनिया"
"सुहाने","suhane suhan","suhane suhan","system","2026-05-14T07:01:04.703Z","true","समूह 3 - सुहाने"
"सेठ","seth","seth","system","2026-05-14T07:01:04.703Z","true",""
"सेठिया","sethiya sethi","sethiya sethi","system","2026-05-14T07:01:04.703Z","true",""
"सोनी","soni","soni","system","2026-05-14T07:01:04.703Z","true",""
"सोहाने","sohane sohan","sohane sohan","system","2026-05-14T07:01:04.703Z","true","समूह 3 - सुहाने"
"हडयाल","hadyal","hadyal","system","2026-05-14T07:01:04.703Z","true",""
"हथनोटिया","hatnotiya hatnoti","hatnotiya hatnoti","system","2026-05-14T07:01:04.703Z","true","समूह 1 - हथनोटिया"
"हथनोरिया","hathnoriya hathnori","hathnoriya hathnori","system","2026-05-14T07:01:04.703Z","true","समूह 1 - हथनोटिया"
"हुँका","hunka huka","hunka huka","system","2026-05-14T07:01:04.703Z","true",""