"Email","Status","",""
"moxieexhibition@gmail.com","Migrated","2026-06-06T08:39:37.129Z","Day-0 email sent, drip continues automatically"
"mg4882774@gmail.com","Migrated","2026-06-06T08:40:41.411Z","Day-0 email sent, drip continues automatically"
"rseth2667@gmail.com","Migrated","2026-06-06T08:40:42.280Z","Day-0 email sent, drip continues automatically"
"sachin4191@gmail.com","Migrated","2026-06-06T08:40:43.097Z","Day-0 email sent, drip continues automatically"
"sakshambarsaiya115@gmail.com","Migrated","2026-06-06T08:40:43.879Z","Day-0 email sent, drip continues automatically"
"atulguptanavy@gmail.com","Migrated","2026-06-06T08:40:44.676Z","Day-0 email sent, drip continues automatically"
"harimohan5380@gmail.com","Migrated","2026-06-06T08:40:45.772Z","Day-0 email sent, drip continues automatically"
"kedarbrijpuriya@gmail.com","Migrated","2026-06-06T08:40:46.663Z","Day-0 email sent, drip continues automatically"
"guptank1958@gmail.com","Migrated","2026-06-06T08:40:47.500Z","Day-0 email sent, drip continues automatically"
"abhikaranjalonha@gmail.com","Migrated","2026-06-06T08:40:48.326Z","Day-0 email sent, drip continues automatically"
"argupta1109@gmail.com","Migrated","2026-06-06T08:40:49.301Z","Day-0 email sent, drip continues automatically"
"rkg311964@gmail.com","Migrated","2026-06-06T08:40:50.118Z","Day-0 email sent, drip continues automatically"
"sg1380314@gmail.com","Migrated","2026-06-06T08:40:50.970Z","Day-0 email sent, drip continues automatically"
"guptaashok16552@gmail.com","Migrated","2026-06-06T08:40:51.965Z","Day-0 email sent, drip continues automatically"
"promilakuchya16@gmail.com","Migrated","2026-06-06T08:40:52.783Z","Day-0 email sent, drip continues automatically"
"rg800639@gmail.com","Migrated","2026-06-06T08:40:53.865Z","Day-0 email sent, drip continues automatically"
"guptaashok16552@gmail.com","Skipped","","Already in pending list"
"sunilgupta.xp@gmail.com","Migrated","2026-06-07T02:55:44.132Z","Day-0 email sent, drip continues automatically"
"mrvaibhavgupta042@gmail.com","Migrated","2026-06-07T02:55:45.548Z","Day-0 email sent, drip continues automatically"
"akankshasagar1408@gmail.com","Migrated","2026-06-07T02:55:47.076Z","Day-0 email sent, drip continues automatically"
"sandeepgupta.sg261@gmail.com","Migrated","2026-06-07T02:55:48.627Z","Day-0 email sent, drip continues automatically"
"jeet.k.gupta001@gmail.com","Migrated","2026-06-07T02:55:49.973Z","Day-0 email sent, drip continues automatically"
"akgupta.2812@gmail.com","Migrated","2026-06-07T02:55:51.196Z","Day-0 email sent, drip continues automatically"
"rahendragupta712@gmail.com","Migrated","2026-06-07T02:55:53.876Z","Day-0 email sent, drip continues automatically"
"pranjalsuhane07@gmail.com","Migrated","2026-06-07T02:55:55.529Z","Day-0 email sent, drip continues automatically"
"behreradhika@gmail.com","Migrated","2026-06-07T02:55:57.606Z","Day-0 email sent, drip continues automatically"
"guptameenu031@gmail.com","Migrated","2026-06-07T02:55:59.774Z","Day-0 email sent, drip continues automatically"
"19novgupta@gmail.com","Migrated","2026-06-07T02:56:01.589Z","Day-0 email sent, drip continues automatically"
"jpg467748@gmail.com","Migrated","2026-06-07T02:56:02.852Z","Day-0 email sent, drip continues automatically"
"alpana.naugaria1@gmail.com","Migrated","2026-06-07T02:56:04.096Z","Day-0 email sent, drip continues automatically"
"ravikantgupta9@gmail.com","Migrated","2026-06-07T02:56:05.409Z","Day-0 email sent, drip continues automatically"
"chaudhamahendra@gmail.com","Migrated","2026-06-07T02:56:06.812Z","Day-0 email sent, drip continues automatically"
"hmgupta.lic@gmail.com","Migrated","2026-06-08T02:55:48.671Z","Day-0 email sent, drip continues automatically"
"shivangik216@gmail.com","Migrated","2026-06-08T02:55:50.357Z","Day-0 email sent, drip continues automatically"
"anshul.anshul1993@gmail.com","Migrated","2026-06-08T02:55:52.251Z","Day-0 email sent, drip continues automatically"
"ravinogriya@gmail.com","Migrated","2026-06-08T02:55:53.277Z","Day-0 email sent, drip continues automatically"
"ermukeshb62@gmail.com","Migrated","2026-06-08T02:55:54.964Z","Day-0 email sent, drip continues automatically"
"nandkgupta24@gmail.com","Migrated","2026-06-08T02:55:56.481Z","Day-0 email sent, drip continues automatically"
"jayati.kathal@gmail.com","Migrated","2026-06-08T02:55:57.485Z","Day-0 email sent, drip continues automatically"
"ckkbhonti5666@gmail.com","Migrated","2026-06-08T02:55:58.822Z","Day-0 email sent, drip continues automatically"
"guptaupendra1991@gmail.com","Migrated","2026-06-08T02:55:59.906Z","Day-0 email sent, drip continues automatically"
"siddhantsipoliya91@gmail.com","Migrated","2026-06-08T02:56:01.189Z","Day-0 email sent, drip continues automatically"
"gdevesh501@gmail.com","Migrated","2026-06-08T02:56:02.322Z","Day-0 email sent, drip continues automatically"
"vinodbaihar64@gmail.com","Migrated","2026-06-08T02:56:03.757Z","Day-0 email sent, drip continues automatically"
"sg808481@gmail.com","Migrated","2026-06-08T02:56:04.719Z","Day-0 email sent, drip continues automatically"
"ramaknt0207gupta@gmail.com","Migrated","2026-06-08T02:56:06.363Z","Day-0 email sent, drip continues automatically"
"guptahimanshu545@gmail.com","Migrated","2026-06-08T02:56:07.415Z","Day-0 email sent, drip continues automatically"
"pdgupta.niwari@gmail.com","Migrated","2026-06-09T02:55:35.718Z","Day-0 email sent, drip continues automatically"
"priyankachoudhari72@gmail.com","Migrated","2026-06-09T02:55:37.019Z","Day-0 email sent, drip continues automatically"
"divyansh.3006@gmail.com","Migrated","2026-06-09T02:55:37.857Z","Day-0 email sent, drip continues automatically"
"dr.rngupta.maths@gmail.com","Migrated","2026-06-09T02:55:38.695Z","Day-0 email sent, drip continues automatically"
"vishal614gupta@gmail.comb","Migrated","2026-06-09T02:55:39.540Z","Day-0 email sent, drip continues automatically"
"rgrock90@gmail.com","Migrated","2026-06-09T02:55:40.487Z","Day-0 email sent, drip continues automatically"
"mbaderia@gmail.com","Migrated","2026-06-09T02:55:41.516Z","Day-0 email sent, drip continues automatically"
"jptextileagency@gmail.com","Migrated","2026-06-09T02:55:42.272Z","Day-0 email sent, drip continues automatically"
"rashmibadoniya1031@gmail.com","Migrated","2026-06-09T02:55:43.070Z","Day-0 email sent, drip continues automatically"
"neerajgupta831@gmail.com","Migrated","2026-06-09T02:55:43.826Z","Day-0 email sent, drip continues automatically"
"shubhamrawat.rawat@gmail.com","Migrated","2026-06-09T02:55:45.532Z","Day-0 email sent, drip continues automatically"
"kkreja80@gmail.com","Migrated","2026-06-09T02:55:46.388Z","Day-0 email sent, drip continues automatically"
"titvilashiayush@gmail.com","Migrated","2026-06-09T02:55:47.157Z","Day-0 email sent, drip continues automatically"
"anirudhbsons@gmail.com","Migrated","2026-06-09T02:55:47.894Z","Day-0 email sent, drip continues automatically"
"deepmalasoni750@gmail.com","Migrated","2026-06-09T02:55:48.690Z","Day-0 email sent, drip continues automatically"
"guptarahul.mg1986@gmail.com","Migrated","2026-06-10T02:55:34.664Z","Day-0 email sent, drip continues automatically"
"satishgupta520@gmail.com","Migrated","2026-06-10T02:55:36.284Z","Day-0 email sent, drip continues automatically"
"kantguptakrishna3@gmail.com","Migrated","2026-06-10T02:55:37.563Z","Day-0 email sent, drip continues automatically"
"kantguptakrishna3@gmail.com","Skipped","","Already in pending list"
"sandhyareja21@gmail.com","Migrated","2026-06-10T02:55:38.648Z","Day-0 email sent, drip continues automatically"
"kishorkaushal492@gmail.com","Migrated","2026-06-10T02:55:39.893Z","Day-0 email sent, drip continues automatically"
"mayabilaiya@gmail.com","Migrated","2026-06-10T02:55:41.212Z","Day-0 email sent, drip continues automatically"
"ykguptachh@gmail.com","Migrated","2026-06-10T02:55:42.459Z","Day-0 email sent, drip continues automatically"
"avadheshgupta14@gmail.com","Migrated","2026-06-10T02:55:44.671Z","Day-0 email sent, drip continues automatically"
"dileepgupta171991@gmail.com","Migrated","2026-06-10T02:55:45.839Z","Day-0 email sent, drip continues automatically"
"jankisushma@gmail.com","Migrated","2026-06-10T02:55:46.935Z","Day-0 email sent, drip continues automatically"
"sohane.rk@gmail.com","Migrated","2026-06-10T02:55:47.968Z","Day-0 email sent, drip continues automatically"
"mabwgks@gmail.com","Migrated","2026-06-10T02:55:48.996Z","Day-0 email sent, drip continues automatically"
"ag9654997720@gmail.com","Migrated","2026-06-10T02:55:50.061Z","Day-0 email sent, drip continues automatically"
"pinkig9621@gmail.com","Migrated","2026-06-10T02:55:51.197Z","Day-0 email sent, drip continues automatically"
"neelmani.gupta1207@gmail.com","Migrated","2026-06-10T02:55:52.461Z","Day-0 email sent, drip continues automatically"
"anandgupta11994@gmail.com","Migrated","2026-06-11T02:55:35.937Z","Day-0 email sent, drip continues automatically"
"abhishek.nbf@gmail.com","Migrated","2026-06-11T02:55:37.133Z","Day-0 email sent, drip continues automatically"
"theoneankitgupta@gmail.com","Migrated","2026-06-11T02:55:38.142Z","Day-0 email sent, drip continues automatically"
"r.kumargupta116@gmail.com","Migrated","2026-06-11T02:55:39.312Z","Day-0 email sent, drip continues automatically"
"mayankgupta101093@gmail.com","Migrated","2026-06-11T02:55:40.434Z","Day-0 email sent, drip continues automatically"
"rahulrajpahariya@gmail.com","Migrated","2026-06-11T02:55:41.434Z","Day-0 email sent, drip continues automatically"
"ashutoshgupta.man@gmail.com","Migrated","2026-06-11T02:55:42.500Z","Day-0 email sent, drip continues automatically"
"jyotijhs001@gmail.com","Migrated","2026-06-11T02:55:43.625Z","Day-0 email sent, drip continues automatically"
"neekharadeepali@gmail.com","Migrated","2026-06-11T02:55:44.733Z","Day-0 email sent, drip continues automatically"
"shekhargupta0987@gmail.com","Migrated","2026-06-11T02:55:45.631Z","Day-0 email sent, drip continues automatically"
"gdeepanshu23@gmail.com","Migrated","2026-06-11T02:55:46.632Z","Day-0 email sent, drip continues automatically"
"kanil945135@gmail.com","Migrated","2026-06-11T02:55:47.618Z","Day-0 email sent, drip continues automatically"
"saritaji73@gmail.com","Migrated","2026-06-11T02:55:48.536Z","Day-0 email sent, drip continues automatically"
"akguptanowgong@gmail.com","Migrated","2026-06-11T02:55:49.743Z","Day-0 email sent, drip continues automatically"
"prachi.nagariya@gmail.com","Migrated","2026-06-11T02:55:50.663Z","Day-0 email sent, drip continues automatically"
"prahladgupta158@gmail.com","Migrated","2026-06-12T02:55:36.957Z","Day-0 email sent, drip continues automatically"
"shubhi171197gupta@gmail.com","Migrated","2026-06-12T02:55:38.438Z","Day-0 email sent, drip continues automatically"
"kankanebharat1@gmail.com","Migrated","2026-06-12T02:55:39.291Z","Day-0 email sent, drip continues automatically"
"neerajsonuchhirolya@gmail.com","Migrated","2026-06-12T02:55:40.083Z","Day-0 email sent, drip continues automatically"
"deelep.gupta10984@gmail.com","Migrated","2026-06-12T02:55:40.928Z","Day-0 email sent, drip continues automatically"
"sadhanasuhaney@gmail.com","Migrated","2026-06-12T02:55:41.685Z","Day-0 email sent, drip continues automatically"
"rishipradeep.98@gmail.com","Migrated","2026-06-12T02:55:42.449Z","Day-0 email sent, drip continues automatically"
"guptaakanksha2831@gmail.com","Migrated","2026-06-12T02:55:43.309Z","Day-0 email sent, drip continues automatically"
"archana2725@gmail.com","Migrated","2026-06-12T02:55:44.039Z","Day-0 email sent, drip continues automatically"
"andaoverseas@gmail.com","Migrated","2026-06-12T02:55:44.820Z","Day-0 email sent, drip continues automatically"
"gopalgupta20011965@gmail.com","Migrated","2026-06-12T02:55:45.710Z","Day-0 email sent, drip continues automatically"
"satishgupta520@gmail.com","Skipped","","Already in pending list"
"abhishek.nbf@gmail.com","Skipped","","Already in pending list"
"sheetlaramagupta@gmail.com","Migrated","2026-06-12T02:55:46.533Z","Day-0 email sent, drip continues automatically"
"hmgupta2411@gmail.com","Migrated","2026-06-12T02:55:47.353Z","Day-0 email sent, drip continues automatically"
"sunilsmita1234@gmail.com","Migrated","2026-06-12T02:55:48.142Z","Day-0 email sent, drip continues automatically"
"shubhirg@gmail.com","Migrated","2026-06-12T02:55:49.200Z","Day-0 email sent, drip continues automatically"
"rcgupta1064@gmail.com","Migrated","2026-06-13T02:55:35.747Z","Day-0 email sent, drip continues automatically"
"shwetagupt1510@gmail.com","Migrated","2026-06-13T02:55:37.635Z","Day-0 email sent, drip continues automatically"
"gupta.neha3003@gmail.com","Migrated","2026-06-13T02:55:38.467Z","Day-0 email sent, drip continues automatically"
"manojdatia19@gmail.com","Migrated","2026-06-13T02:55:39.267Z","Day-0 email sent, drip continues automatically"
"ghimanshu677@gmail.com","Migrated","2026-06-13T02:55:40.505Z","Day-0 email sent, drip continues automatically"
"divyasarougi1994@gmail.com","Migrated","2026-06-13T02:55:41.328Z","Day-0 email sent, drip continues automatically"
"manishguptagwl@gmail.com","Migrated","2026-06-13T02:55:42.139Z","Day-0 email sent, drip continues automatically"
"gupta7664@gmail.com","Migrated","2026-06-13T02:55:43.904Z","Day-0 email sent, drip continues automatically"
"vinayguptabpl@gmail.com","Migrated","2026-06-13T02:55:44.686Z","Day-0 email sent, drip continues automatically"
"neekhara.neekhara4@gmail.com","Migrated","2026-06-13T02:55:45.460Z","Day-0 email sent, drip continues automatically"
"gbrajesh533@gmail.com","Migrated","2026-06-13T02:55:46.242Z","Day-0 email sent, drip continues automatically"
"neharawat0410@gmail.com","Migrated","2026-06-13T02:55:47.047Z","Day-0 email sent, drip continues automatically"
"rajendra.dengre8@gmail.com","Migrated","2026-06-13T02:55:47.838Z","Day-0 email sent, drip continues automatically"
"guptaramkishore50@gmail.com","Migrated","2026-06-13T02:55:48.603Z","Day-0 email sent, drip continues automatically"
"gshobhit03@gmail.com","Migrated","2026-06-13T02:55:49.392Z","Day-0 email sent, drip continues automatically"
"shivi1910@gmail.com","Migrated","2026-06-14T02:55:36.819Z","Day-0 email sent, drip continues automatically"
"harimohan5380@gmail.com","Skipped","","Already in pending list"
"satishgupta520@gmail.com","Skipped","","Already in pending list"
"mkgpt1234@gmail.com","Migrated","2026-06-14T02:55:38.120Z","Day-0 email sent, drip continues automatically"
"diliprusia10@gmail.com","Migrated","2026-06-14T02:55:39.539Z","Day-0 email sent, drip continues automatically"
"mukulguptajhs@gmail.com।","Migrated","2026-06-14T02:55:40.440Z","Day-0 email sent, drip continues automatically"
"gupta0manju853@gmail.com","Migrated","2026-06-14T02:55:41.530Z","Day-0 email sent, drip continues automatically"
"pindurkhya@gmail.com","Migrated","2026-06-14T02:55:42.401Z","Day-0 email sent, drip continues automatically"
"sgahoi261@gmail.com","Migrated","2026-06-14T02:55:43.430Z","Day-0 email sent, drip continues automatically"
"amarsangeeta2011@gmail.com","Migrated","2026-06-14T02:55:45.687Z","Day-0 email sent, drip continues automatically"
"pavangupta.tahrauli@gmail.com","Migrated","2026-06-14T02:55:46.787Z","Day-0 email sent, drip continues automatically"
"mbarsaiyan1802@gmail.com","Migrated","2026-06-14T02:55:47.701Z","Day-0 email sent, drip continues automatically"
"prinedimondcity@gmail.com","Migrated","2026-06-14T02:55:49.549Z","Day-0 email sent, drip continues automatically"
"shivamgupta0807@gmail.com","Migrated","2026-06-14T02:55:50.419Z","Day-0 email sent, drip continues automatically"
"pramod.gupta445@gmail.com","Migrated","2026-06-14T02:55:51.333Z","Day-0 email sent, drip continues automatically"
"sipolyaazadh@gmail.com","Migrated","2026-06-14T02:55:52.403Z","Day-0 email sent, drip continues automatically"
"mukeshgupta64251@gmail.com","Migrated","2026-06-14T02:55:54.017Z","Day-0 email sent, drip continues automatically"
"shubhamkaushal12@gmail.com","Migrated","2026-06-15T02:55:36.684Z","Day-0 email sent, drip continues automatically"
"pavankharya@gmail.com","Migrated","2026-06-15T02:55:38.198Z","Day-0 email sent, drip continues automatically"
"mridulgupta341@gmail.com","Migrated","2026-06-15T02:55:39.307Z","Day-0 email sent, drip continues automatically"
"rakshagupta981@gmail.com","Migrated","2026-06-15T02:55:40.287Z","Day-0 email sent, drip continues automatically"
"asohaney325@gmail.com","Migrated","2026-06-15T02:55:41.196Z","Day-0 email sent, drip continues automatically"
"coolshobha1968@gmail.com","Migrated","2026-06-15T02:55:42.000Z","Day-0 email sent, drip continues automatically"
"asvmg2009@gmail.com","Migrated","2026-06-15T02:55:42.973Z","Day-0 email sent, drip continues automatically"
"lalloogupta973@gmail.com","Migrated","2026-06-15T02:55:44.004Z","Day-0 email sent, drip continues automatically"
"guptarakesh6264@gmail.com","Migrated","2026-06-15T02:55:44.972Z","Day-0 email sent, drip continues automatically"
"prerna.gupta1237@gmail.com","Migrated","2026-06-15T02:55:46.306Z","Day-0 email sent, drip continues automatically"
"neeraj.kastwar99@gmail.com","Migrated","2026-06-15T02:55:47.335Z","Day-0 email sent, drip continues automatically"
"rachitkumarjar@gmail.com","Migrated","2026-06-15T02:55:48.185Z","Day-0 email sent, drip continues automatically"
"gupta2639@gmail.com","Migrated","2026-06-15T02:55:49.005Z","Day-0 email sent, drip continues automatically"
"kuldeepsuhane.1972@gmail.com","Migrated","2026-06-15T02:55:49.796Z","Day-0 email sent, drip continues automatically"
"lakhanlalgupta66@gmail.com","Migrated","2026-06-15T02:55:50.628Z","Day-0 email sent, drip continues automatically"
"guptacp0111@gmail.com","Migrated","2026-06-16T02:55:37.261Z","Day-0 email sent, drip continues automatically"
"abhisheksuhane1998@gmail.com","Migrated","2026-06-16T02:55:38.723Z","Day-0 email sent, drip continues automatically"
"rupali.shridham14@gmail.com","Migrated","2026-06-16T02:55:39.632Z","Day-0 email sent, drip continues automatically"
"mpguptasrao@gmail.com","Migrated","2026-06-16T02:55:40.592Z","Day-0 email sent, drip continues automatically"
"kamleshkumarjar@gmail.com","Migrated","2026-06-16T02:55:41.511Z","Day-0 email sent, drip continues automatically"
"guptasaroj6168@gmail.com","Migrated","2026-06-16T02:55:42.414Z","Day-0 email sent, drip continues automatically"
"ritikgupta5112@gmail.com","Migrated","2026-06-16T02:55:43.639Z","Day-0 email sent, drip continues automatically"
"anitagupta3632@gmail.com","Migrated","2026-06-16T02:55:44.597Z","Day-0 email sent, drip continues automatically"
"rkatare871@gmail.com","Migrated","2026-06-16T02:55:45.921Z","Day-0 email sent, drip continues automatically"
"mailtorg@gmail.com","Migrated","2026-06-16T02:55:46.859Z","Day-0 email sent, drip continues automatically"
"guptashyama029@gmail.com","Migrated","2026-06-16T02:55:47.768Z","Day-0 email sent, drip continues automatically"
"94gupta.akshay@gmail.com","Migrated","2026-06-16T02:55:49.027Z","Day-0 email sent, drip continues automatically"
"gupta.brajesh282@gmail.com","Migrated","2026-06-16T02:55:49.943Z","Day-0 email sent, drip continues automatically"
"akashneekhara20@gmail.com","Migrated","2026-06-16T02:55:51.002Z","Day-0 email sent, drip continues automatically"
"udaygupta708@gmail.com","Migrated","2026-06-16T02:55:51.975Z","Day-0 email sent, drip continues automatically"
"choudaha.akhilesh@gmail.com","Migrated","2026-06-17T02:55:38.245Z","Day-0 email sent, drip continues automatically"
"anshg044@gmail.com","Migrated","2026-06-17T02:55:39.343Z","Day-0 email sent, drip continues automatically"
"sunitamata96@gmail.com","Migrated","2026-06-17T02:55:40.457Z","Day-0 email sent, drip continues automatically"
"chessalpha45@gmail.com","Migrated","2026-06-17T02:55:41.494Z","Day-0 email sent, drip continues automatically"
"pipersaniya@gmail.com","Migrated","2026-06-17T02:55:42.815Z","Day-0 email sent, drip continues automatically"
"tusharbaronia@gmail.com","Migrated","2026-06-17T02:55:43.823Z","Day-0 email sent, drip continues automatically"
"ankitingwl@gmail.com","Migrated","2026-06-17T02:55:44.805Z","Day-0 email sent, drip continues automatically"
"akashneekhara22022000@gmail.com","Migrated","2026-06-17T02:55:46.002Z","Day-0 email sent, drip continues automatically"
"anilkumarguptagwl@gmail.com","Migrated","2026-06-17T02:55:47.099Z","Day-0 email sent, drip continues automatically"
"shalinijii1990@gmail.com","Migrated","2026-06-17T02:55:48.768Z","Day-0 email sent, drip continues automatically"
"uma975599@gmail.com","Migrated","2026-06-17T02:55:49.785Z","Day-0 email sent, drip continues automatically"
"gupta111rkg@gmail.com","Migrated","2026-06-17T02:55:50.894Z","Day-0 email sent, drip continues automatically"
"gupta.rakhiii2408@gmail.com","Migrated","2026-06-17T02:55:52.528Z","Day-0 email sent, drip continues automatically"
"jatinpaharia420@gmail.com","Migrated","2026-06-17T02:55:53.704Z","Day-0 email sent, drip continues automatically"
"gjl6719@gmail.com","Migrated","2026-06-17T02:55:54.895Z","Day-0 email sent, drip continues automatically"
"praveen.gupta2000@gmail.com","Migrated","2026-06-18T02:55:37.030Z","Day-0 email sent, drip continues automatically"
"vedneekhra@gmail.com","Migrated","2026-06-18T02:55:38.009Z","Day-0 email sent, drip continues automatically"
"kharyavivek1010@gmail.com","Migrated","2026-06-18T02:55:39.051Z","Day-0 email sent, drip continues automatically"
"manoj.gupta.eipl@gmail.com","Migrated","2026-06-18T02:55:39.951Z","Day-0 email sent, drip continues automatically"
"gdharmesh46@gmail.com","Migrated","2026-06-18T02:55:40.951Z","Day-0 email sent, drip continues automatically"
"rockyrajg166@gmail.com","Migrated","2026-06-18T02:55:41.755Z","Day-0 email sent, drip continues automatically"
"rkathal14@gmail.com","Migrated","2026-06-18T02:55:42.781Z","Day-0 email sent, drip continues automatically"
"archanakatare10@gmail.com","Migrated","2026-06-18T02:55:43.625Z","Day-0 email sent, drip continues automatically"
"praman.gupta3@gmail.com","Migrated","2026-06-18T02:55:44.658Z","Day-0 email sent, drip continues automatically"
"chandranshgupta1@gmail.com","Migrated","2026-06-18T02:55:45.551Z","Day-0 email sent, drip continues automatically"
"ratannaugariya@gmail.com","Migrated","2026-06-18T02:55:46.651Z","Day-0 email sent, drip continues automatically"
"jiruchi1515@gmail.com","Migrated","2026-06-18T02:55:47.551Z","Day-0 email sent, drip continues automatically"
"maagayatrieducationcenterdabra@gmail.com","Migrated","2026-06-18T02:55:48.450Z","Day-0 email sent, drip continues automatically"
"guptaraj7463@gmail.com","Migrated","2026-06-18T02:55:49.552Z","Day-0 email sent, drip continues automatically"
"gahoiramji@gmail.com","Migrated","2026-06-18T02:55:50.651Z","Day-0 email sent, drip continues automatically"
"hemantneekhara@gmail.com","Migrated","2026-06-19T02:55:36.777Z","Day-0 email sent, drip continues automatically"
"nannhigupta@gmail.com","Migrated","2026-06-19T02:55:37.849Z","Day-0 email sent, drip continues automatically"
"abhishek.twinkle@gmail.com","Migrated","2026-06-19T02:55:38.721Z","Day-0 email sent, drip continues automatically"
"guptashashikant74@gmail.com","Migrated","2026-06-19T02:55:39.713Z","Day-0 email sent, drip continues automatically"
"guptabk0000@gmail.com","Migrated","2026-06-19T02:55:40.491Z","Day-0 email sent, drip continues automatically"
"sg914790@gmail.com","Migrated","2026-06-19T02:55:41.308Z","Day-0 email sent, drip continues automatically"
"ramguptajhs55@gmail.com","Migrated","2026-06-19T02:55:42.233Z","Day-0 email sent, drip continues automatically"
"guptasudhir77@gmail.com","Migrated","2026-06-19T02:55:43.121Z","Day-0 email sent, drip continues automatically"
"amitbichpuria@gmail.com","Skipped","","Already a member"
"rg121968@gmail.com","Migrated","2026-06-19T02:55:44.348Z","Day-0 email sent, drip continues automatically"
"ag1819095@gmail.com","Migrated","2026-06-19T02:55:45.081Z","Day-0 email sent, drip continues automatically"
"guptadiwakar128@gmail.com","Migrated","2026-06-19T02:55:45.849Z","Day-0 email sent, drip continues automatically"
"rohit.tvt@gmail.com","Migrated","2026-06-19T02:55:48.328Z","Day-0 email sent, drip continues automatically"
"anjudamele@gmail.com","Migrated","2026-06-19T02:55:49.143Z","Day-0 email sent, drip continues automatically"
"raj.neekhra@gmail.com","Migrated","2026-06-19T02:55:49.960Z","Day-0 email sent, drip continues automatically"
"kalpigupta7276@gmail.com","Migrated","2026-06-19T02:55:50.878Z","Day-0 email sent, drip continues automatically"
"rvconstruction85@gmail.com","Migrated","2026-06-20T02:55:36.300Z","Day-0 email sent, drip continues automatically"
"sumitsethiya86@gmail.com","Migrated","2026-06-20T02:55:37.857Z","Day-0 email sent, drip continues automatically"
"sumitguptajhansi2010@gmail.com","Migrated","2026-06-20T02:55:38.683Z","Day-0 email sent, drip continues automatically"
"manjulg01@gmail.com","Migrated","2026-06-20T02:55:39.494Z","Day-0 email sent, drip continues automatically"
"mona.gupta131996@gmail.com","Migrated","2026-06-20T02:55:40.256Z","Day-0 email sent, drip continues automatically"
"amitoppo78n@gmail.com","Migrated","2026-06-20T02:55:41.245Z","Day-0 email sent, drip continues automatically"
"artikhard.mob@gmail.com","Migrated","2026-06-20T02:55:42.056Z","Day-0 email sent, drip continues automatically"
"aeecd13@gmail.com","Migrated","2026-06-20T02:55:42.978Z","Day-0 email sent, drip continues automatically"
"arun2611orai@gmail.com","Migrated","2026-06-20T02:55:43.850Z","Day-0 email sent, drip continues automatically"
"l.l.chandaiya@gmail.com","Migrated","2026-06-20T02:55:45.047Z","Day-0 email sent, drip continues automatically"
"sanjaylohiya325@gmail.com","Migrated","2026-06-20T02:55:45.947Z","Day-0 email sent, drip continues automatically"
"mrmgupta.06@gmail.com","Migrated","2026-06-20T02:55:46.802Z","Day-0 email sent, drip continues automatically"
"gopaldasgupta478@gmail.com","Migrated","2026-06-20T02:55:47.730Z","Day-0 email sent, drip continues automatically"
"tikaria.prabhakar@gmail.com","Migrated","2026-06-20T02:55:48.526Z","Day-0 email sent, drip continues automatically"
"kailashnarayangupta7668@gmail.com","Migrated","2026-06-20T02:55:49.345Z","Day-0 email sent, drip continues automatically"
"sunshinerays2704@gmail.com","Migrated","2026-06-21T02:55:35.552Z","Day-0 email sent, drip continues automatically"
"bkgupta1308@gmail.com","Migrated","2026-06-21T02:55:36.851Z","Day-0 email sent, drip continues automatically"
"ag313952@gmail.com","Migrated","2026-06-21T02:55:37.654Z","Day-0 email sent, drip continues automatically"
"newshivcolony@gmail.com","Migrated","2026-06-21T02:55:38.401Z","Day-0 email sent, drip continues automatically"
"hsuhane786@gmail.com","Migrated","2026-06-21T02:55:39.165Z","Day-0 email sent, drip continues automatically"
"poojagupta953112@gmail.com","Migrated","2026-06-21T02:55:39.929Z","Day-0 email sent, drip continues automatically"
"pratikshagupta124@gmail.com","Migrated","2026-06-21T02:55:40.868Z","Day-0 email sent, drip continues automatically"
"s.suhane1992@gmail.com","Migrated","2026-06-21T02:55:41.616Z","Day-0 email sent, drip continues automatically"
"kajalgupta0598@gmail.com","Migrated","2026-06-21T02:55:42.521Z","Day-0 email sent, drip continues automatically"
"guptapremn@gmail.com","Migrated","2026-06-21T02:55:43.271Z","Day-0 email sent, drip continues automatically"
"tarsoliarajkumar@gmail.com","Migrated","2026-06-21T02:55:45.054Z","Day-0 email sent, drip continues automatically"
"aviigupta01@gmail.com","Migrated","2026-06-21T02:55:45.778Z","Day-0 email sent, drip continues automatically"
"shubham9770997271@gmail.com","Migrated","2026-06-21T02:55:46.765Z","Day-0 email sent, drip continues automatically"
"rakeshkgupta11963@gmail.com","Migrated","2026-06-21T02:55:47.490Z","Day-0 email sent, drip continues automatically"
"pramod301163@gmail.com","Migrated","2026-06-21T02:55:48.203Z","Day-0 email sent, drip continues automatically"
"surabhigupta4321@gmail.com","Migrated","2026-06-22T02:55:35.934Z","Day-0 email sent, drip continues automatically"
"sakhil2319654@gmail.com","Migrated","2026-06-22T02:55:36.852Z","Day-0 email sent, drip continues automatically"
"sandeepgupta59884@gmail.com","Migrated","2026-06-22T02:55:37.915Z","Day-0 email sent, drip continues automatically"
"shivam020694@gmail.com","Migrated","2026-06-22T02:55:39.013Z","Day-0 email sent, drip continues automatically"
"sumit.kharya901@gmail.com","Migrated","2026-06-22T02:55:41.260Z","Day-0 email sent, drip continues automatically"
"prakhalgupta.j12@gmail.com","Migrated","2026-06-22T02:55:42.627Z","Day-0 email sent, drip continues automatically"
"preetig220@gmail.com","Migrated","2026-06-22T02:55:43.641Z","Day-0 email sent, drip continues automatically"
"prince.nagaria06@gmail.com","Migrated","2026-06-22T02:55:44.768Z","Day-0 email sent, drip continues automatically"
"shreyash01gupta@gmail.com","Migrated","2026-06-22T02:55:45.726Z","Day-0 email sent, drip continues automatically"
"kumarguptaanil39@gmail.com","Migrated","2026-06-22T02:55:46.637Z","Day-0 email sent, drip continues automatically"
"praveenjio66@gmail.com","Migrated","2026-06-22T02:55:47.514Z","Day-0 email sent, drip continues automatically"
"gptsachin1234@gmail.com","Migrated","2026-06-22T02:55:48.659Z","Day-0 email sent, drip continues automatically"
"shikhabrijpuriya03@gmail.com","Migrated","2026-06-22T02:55:49.627Z","Day-0 email sent, drip continues automatically"
"juligupta8959@gmail.com","Migrated","2026-06-22T02:55:50.627Z","Day-0 email sent, drip continues automatically"
"saurabh.srg2005@gmail.com","Migrated","2026-06-22T02:55:51.490Z","Day-0 email sent, drip continues automatically"
"hsgupta4963@gmail.com","Migrated","2026-06-23T02:55:37.574Z","Day-0 email sent, drip continues automatically"
"guptaim33@gmail.com","Migrated","2026-06-23T02:55:39.066Z","Day-0 email sent, drip continues automatically"
"sethanurag81@gmail.com","Migrated","2026-06-23T02:55:40.028Z","Day-0 email sent, drip continues automatically"
"khairababita@gmail.com","Migrated","2026-06-23T02:55:40.875Z","Day-0 email sent, drip continues automatically"
"satyambarsainya.signin1@gmail.com","Migrated","2026-06-23T02:55:41.726Z","Day-0 email sent, drip continues automatically"
"devyanigupta35@gmail.com","Migrated","2026-06-23T02:55:42.664Z","Day-0 email sent, drip continues automatically"
"sawlapramod@gmail.com","Migrated","2026-06-23T02:55:43.864Z","Day-0 email sent, drip continues automatically"
"saranshviswari@gmail.com","Migrated","2026-06-23T02:55:44.608Z","Day-0 email sent, drip continues automatically"
"vai11gup112@gmail.com","Skipped","","Already a member"
"rajeevgupta221196@gmail.com","Migrated","2026-08-03T13:45:06.435Z","Day-0 email sent, drip continues automatically"
"kanil531900@gmail.com","Migrated","2026-08-03T13:45:07.425Z","Day-0 email sent, drip continues automatically"
"scguptaps@gmail.com","Migrated","2026-08-03T13:45:08.337Z","Day-0 email sent, drip continues automatically"
"kratagyagupta2006@gmail.com","Migrated","2026-08-03T13:45:09.537Z","Day-0 email sent, drip continues automatically"
"akash25012000@gmail.com","Migrated","2026-08-03T13:45:10.550Z","Day-0 email sent, drip continues automatically"
"sapna.gahoi@gmail.com","Migrated","2026-08-03T13:45:11.902Z","Day-0 email sent, drip continues automatically"
"ramji20370@gmail.com","Migrated","2026-08-03T13:45:12.828Z","Day-0 email sent, drip continues automatically"
"nishagupta301098@gmail.com","Migrated","2026-08-03T13:45:13.721Z","Day-0 email sent, drip continues automatically"
"dhirendrakumargupta9@gmail.com","Migrated","2026-08-03T13:45:14.625Z","Day-0 email sent, drip continues automatically"
"harsha261998@gmail.com","Migrated","2026-08-03T13:45:15.446Z","Day-0 email sent, drip continues automatically"
"nancy75000g@gmail.com","Migrated","2026-08-03T13:45:16.295Z","Day-0 email sent, drip continues automatically"
"jhudelerajkumar@gmail.com","Migrated","2026-08-03T13:45:17.963Z","Day-0 email sent, drip continues automatically"
"sanjaygupta.sg864@gmail.com","Migrated","2026-08-03T13:45:18.803Z","Day-0 email sent, drip continues automatically"
"kg0092@gmail.com","Migrated","2026-08-03T13:45:19.666Z","Day-0 email sent, drip continues automatically"
"anjile7898@gmail.com","Migrated","2026-08-03T13:45:20.519Z","Day-0 email sent, drip continues automatically"
"hemantgupta78388@gmail.com","Migrated","2026-08-03T13:45:58.777Z","Day-0 email sent, drip continues automatically"
"sandeep.shantiinfotech@gmail.com","Migrated","2026-08-03T13:45:59.664Z","Day-0 email sent, drip continues automatically"
"pkgupta307@gmail.com","Migrated","2026-08-03T13:46:00.405Z","Day-0 email sent, drip continues automatically"
"shivam728482gupta@gmail.com","Migrated","2026-08-03T13:46:01.176Z","Day-0 email sent, drip continues automatically"
"sumitragupta2727@gmail.com","Migrated","2026-08-03T13:46:01.980Z","Day-0 email sent, drip continues automatically"