"ID","PostedBy","Firm","Industry","Person","Desig","Address","Pincode","City","Maps","Mobile","Email","Keywords","Photo","Posted","DeletedAt","DeletedBy","EditedAt"
"1773566528145","smarthire.balajijobs@gmail.com","Balaji Ayurvedic (Panchkarma and Yoga) Center","Healthcare & Medical","Dr. Jyoti Gupta","Ayurvedic doctor","B-336, Sigma-01, Greater noida","201310","GAUTAM BUDDHA NAGAR","","9891901317","smarthire.balajijobs@gmail.com","","","2026-03-15T09:22:08.145Z","","",""
"1773566706903","smarthire.balajijobs@gmail.com","Balaji guest house (Home Stay)","Other","Dr. Alok Gupta","Manager","B-336, Sigma-01, Greater noida","201310","GAUTAM BUDDHA NAGAR","","9891901317","smarthire.balajijobs@gmail.com","A true home away home: Guest house 🏠","","2026-03-15T09:25:06.903Z","","",""
"1773566785372","smarthire.balajijobs@gmail.com","Balaji Financial Services","Banking & Finance","Dr. Alok Gupta","Manager","B-336, Sigma-01, Greater noida","201310","GAUTAM BUDDHA NAGAR","","9891901317","smarthire.balajijobs@gmail.com","All types of insurances, investment, loan, cards etc","","2026-03-15T09:26:25.372Z","","",""
"1776569867896","advmaheshkumargupta@gmail.com","GUPTA ASSOCIATES","Legal & Consulting","NILAY GUPTA","OWNER","SATYAM COLONY","284002","JHANSI","","9451661925","ADVMAHESHKUMARGUPTA@GMAIL.COM","","","2026-04-19T03:37:47.896Z","","",""
"1778469278780","ajaykankane@gmail.com","PG Finser","Banking & Finance","Ajay Kankane","Business Head","Greater Noida West","201306","Greater Noida West","https://pgfinser.com/","8510050910","info@pgfinser.com","Payment Gateway,Web Development,IT Agent","","2026-05-11T03:14:38.780Z","","",""
"1779709935647","kdguptadbr@gmail.com","K D GUPTA","Legal & Consulting","K D GUPTA","SELF","CHANDNI CHOWK, RAMGARH ROAD","475110","DABRA GWALIOR","","9425118535","KDGUPTADBR@GMAIL.COM","","","2026-05-25T11:52:15.647Z","","",""
"1780984025951","deeplohiya786@gmail.com","Moxie Exhibitions Pvt Ltd.","Other","Deep Lohiya","Director","149-1st Floor Kilokari Opp. Maharani Bagh","110014","Delhi","www.moxie-india.com","7503251918","deep.moxie@gmail.com","Exhibition Stall Designer & Fabricator","https://res.cloudinary.com/dtcrife6i/image/upload/w_400,h_400,c_fill,g_face,q_auto,f_auto/v1780984021/gahoibandhu/dlaempznqc1uhixgchbp.jpg","2026-06-09T05:47:05.951Z","","","2026-06-09T05:47:05.951Z"
"1781675862437","gjl6719@gmail.com","Ayush Industries","Manufacturing","Jitendra Laxmichandra Gupta","Owner","Shantiniketan Bungalow, Plot No 67","413102","","","9960500969","gjl6719@gmail.com","Menufauring,Fabrication,Erection & commissioning of machinary","","2026-06-17T05:57:42.437Z","2026-06-17T05:58:54.945Z","Jitendra Gupta <gjl6719@gmail.com>","2026-06-17T05:57:42.437Z"
"1781675988487","gjl6719@gmail.com","Ayush Industries","Manufacturing","Jitendra Laxmichandra Gupta","Owner","Shantiniketan Bungalow, Plot No 67,Oppsite om Avdhoot residancy, Suryanagri","413102","","","9960500969","gjl6719@gmail.com","Menufauring,Fabrication,Erection & commissioning of machinary","","2026-06-17T05:59:48.487Z","","","2026-06-17T05:59:48.487Z"
"1785682268033","avinash.jhs.up@gmail.com","Vihaan Computer & Stationary","Retail & Trading","Avinash Gupta","Owner","Mission Compound","284003","Jhansi","","8004818675","avinash.jhs.up@gmail.com","All Computer online work","","2026-08-02T14:51:08.033Z","","","2026-08-02T14:51:08.033Z"
"1789013638753","ankitreja@gmail.com","Jai Balaji Hardware And Tools","Retail & Trading","Ankit Reja","Owner","987/1A, civil line, near cic campus, jhokanbagh","284001","Jhansi","https://maps.app.goo.gl/w2PjrnekAfC54bTJ6?g_st=ac","8858888870","ankitreja@gmail.com","Door fitting Hardware wholesaler","https://res.cloudinary.com/dtcrife6i/image/upload/c_thumb,g_face,w_300,h_300/f_auto,q_auto/v1789013633/gahoibandhu/ktmsmeak8c0kdp2qemtp.jpg","2026-09-10T04:13:58.753Z","","","2026-09-10T04:13:58.754Z"
"1789140905050","harshsijariya33@gmail.com","Marriage app","IT & Software","Surabhi Gupta","MANAGER","Gahoi Colony Datia","475661","Datia","","7354282835","gahoiparinay@gmail.com","Gahoi Parinay , Marriage , Gahoi Samaj Riste , Gahoi Shadi","https://res.cloudinary.com/dtcrife6i/image/upload/c_thumb,g_face,w_300,h_300/f_auto,q_auto/v1789140890/gahoibandhu/ng4kfzarpq55sctwvw1q.jpg","2026-09-11T15:35:05.050Z","","","2026-09-11T15:35:05.051Z"
"1790772251070","atmanandgupta23@gmail.com","NHI (Navbhoomi Homes India) Real Estate Pvt.Ltd","Construction & Real Estate","Atmanand Gupta","Chairman & Managing Director","A14, AG PLAZA 1st & 2nd Floor Signature Green Villas Near Mansarovar Dental College & ISKCON Temple Road Kolar Bhopal","462042","Bhopal M.P.","","9893312642","atmanandgupta23@gmail.com","Real Estate","https://res.cloudinary.com/dtcrife6i/image/upload/c_thumb,g_face,w_300,h_300/f_auto,q_auto/v1790772240/gahoibandhu/oq76eq1oohmwg5d0tu2a.jpg","2026-09-30T12:44:11.070Z","","","2026-09-30T12:44:11.072Z"