"date","name","hindi","emoji","category","fetchedAt"
"2026-01-06","Sakat Chauth","सकट चौथ","🎉","Hindu","2026-10-04T23:37:54.525Z"
"2026-01-14","Makara Sankranti","मकर संक्रांति","🪁","Hindu","2026-10-04T23:37:54.525Z"
"2026-01-18","Mauni Amavas","मौनी अमावस्या","🎉","Hindu","2026-10-04T23:37:54.525Z"
"2026-01-23","Vasant Panchami","वसंत पंचमी","🌸","Hindu","2026-10-04T23:37:54.525Z"
"2026-01-25","Ratha Saptami","रथ सप्तमी","🎉","Hindu","2026-10-04T23:37:54.525Z"
"2026-01-26","Bhishma Ashtami","भीष्म अष्टमी","🎉","Hindu","2026-10-04T23:37:54.525Z"
"2026-01-29","Jaya Ekadashi","जया एकादशी","🪷","Hindu","2026-10-04T23:37:54.525Z"
"2026-02-13","Kumbha Sankranti","कुंभ संक्रांति","🪁","Hindu","2026-10-04T23:37:54.525Z"
"2026-02-15","Maha Shivaratri","महाशिवरात्रि","🔱","Hindu","2026-10-04T23:37:54.525Z"
"2026-02-17","Surya Grahan","सूर्य ग्रहण","🎉","Hindu","2026-10-04T23:37:54.525Z"
"2026-03-03","Holika Dahan","होलिका दहन","🎨","Hindu","2026-10-04T23:37:54.525Z"
"2026-03-03","Chandra Grahan","चंद्र ग्रहण","🎉","Hindu","2026-10-04T23:37:54.525Z"
"2026-03-04","Holi","होली","🎨","Hindu","2026-10-04T23:37:54.525Z"
"2026-03-11","Sheetala Ashtami","शीतला अष्टमी","🎉","Hindu","2026-10-04T23:37:54.525Z"
"2026-03-11","Basoda","बसौड़ा","🎉","Hindu","2026-10-04T23:37:54.525Z"
"2026-03-15","Meena Sankranti","मीन संक्रांति","🪁","Hindu","2026-10-04T23:37:54.525Z"
"2026-03-19","Nutan Varsh Prarambha","नूतन वर्ष आरंभ","🏹","Hindu","2026-10-04T23:37:54.525Z"
"2026-03-19","Ugadi","उगादी","🎉","Hindu","2026-10-04T23:37:54.525Z"
"2026-03-19","Gudi Padwa","गुड़ी पड़वा","🎉","Hindu","2026-10-04T23:37:54.525Z"
"2026-03-19","Navratri","नवरात्रि","🛕","Hindu","2026-10-04T23:37:54.525Z"
"2026-03-21","Gauri Puja","गौरी पूजा","🎉","Hindu","2026-10-04T23:37:54.525Z"
"2026-03-21","Gangaur","गणगौर","💧","Hindu","2026-10-04T23:37:54.525Z"
"2026-03-24","Yamuna Chhath","यमुना छठ","☀","Hindu","2026-10-04T23:37:54.525Z"
"2026-03-26","Rama Navami","राम नवमी","🏹","Hindu","2026-10-04T23:37:54.525Z"
"2026-03-27","Rama Navami","राम नवमी","🏹","Hindu","2026-10-04T23:37:54.525Z"
"2026-03-27","Swaminarayan Jayanti","स्वामीनारायण जयंती","🎉","Hindu","2026-10-04T23:37:54.525Z"
"2026-03-29","Kamada Ekadashi","कामदा एकादशी","🪷","Hindu","2026-10-04T23:37:54.525Z"
"2026-04-02","Hanuman Janmotsava","Hanuman Janmotsava","🐒","Hindu","2026-10-04T23:37:54.525Z"
"2026-04-02","Purnima","पूर्णिमा","🌕","Hindu","2026-10-04T23:37:54.525Z"
"2026-04-13","Varuthini Ekadashi","वरूथिनी एकादशी","🪷","Hindu","2026-10-04T23:37:54.525Z"
"2026-04-14","Mesha Sankranti","मेष संक्रांति","🪁","Hindu","2026-10-04T23:37:54.525Z"
"2026-04-19","Akshaya Tritiya","अक्षय तृतीया","💰","Hindu","2026-10-04T23:37:54.525Z"
"2026-04-23","Ganga Saptami","Ganga Saptami","💧","Hindu","2026-10-04T23:37:54.525Z"
"2026-04-25","Sita Navami","Sita Navami","🎉","Hindu","2026-10-04T23:37:54.525Z"
"2026-04-27","Mohini Ekadashi","मोहिनी एकादशी","🪷","Hindu","2026-10-04T23:37:54.525Z"
"2026-04-30","Narasimha Jayanti","Narasimha Jayanti","🎉","Hindu","2026-10-04T23:37:54.525Z"
"2026-05-01","Purnima","पूर्णिमा","🌕","Hindu","2026-10-04T23:37:54.525Z"
"2026-05-02","Narada Jayanti","Narada Jayanti","🎉","Hindu","2026-10-04T23:37:54.525Z"
"2026-05-13","Apara Ekadashi","अपरा एकादशी","🪷","Hindu","2026-10-04T23:37:54.525Z"
"2026-05-15","Vrishabha Sankranti","वृषभ संक्रांति","🪁","Hindu","2026-10-04T23:37:54.525Z"
"2026-05-25","Ganga Dussehra","गंगा दशहरा","🏹","Hindu","2026-10-04T23:37:54.525Z"
"2026-05-27","Padmini Ekadashi","पद्मिनी एकादशी","🪷","Hindu","2026-10-04T23:37:54.525Z"
"2026-06-29","Vat Purnima Vrat","वट पूर्णिमा व्रत","🌕","Hindu","2026-10-04T23:37:54.525Z"
"2026-07-11","Gauna Yogini Ekadashi","गौण योगिनी एकादशी","🪷","Hindu","2026-10-04T23:37:54.525Z"
"2026-07-16","Jagannath Rathyatra","Jagannath Rathyatra","🎉","Hindu","2026-10-04T23:37:54.525Z"
"2026-07-16","Karka Sankranti","कर्क संक्रांति","🪁","Hindu","2026-10-04T23:37:54.525Z"
"2026-07-29","Guru Purnima","गुरु पूर्णिमा","🌕","Hindu","2026-10-04T23:37:54.525Z"
"2026-08-12","Surya Grahan","सूर्य ग्रहण","🎉","Hindu","2026-10-04T23:37:54.525Z"
"2026-08-17","Nag Panchami","नाग पंचमी","🌸","Hindu","2026-10-04T23:37:54.525Z"
"2026-08-17","Simha Sankranti","सिंह संक्रांति","🪁","Hindu","2026-10-04T23:37:54.525Z"
"2026-08-26","Onam","ओणम","🎉","Hindu","2026-10-04T23:37:54.525Z"
"2026-08-28","Rakhi","Rakhi","🪢","Hindu","2026-10-04T23:37:54.525Z"
"2026-08-28","Gayatri Jayanti","Gayatri Jayanti","🎉","Hindu","2026-10-04T23:37:54.525Z"
"2026-08-28","Chandra Grahan","चंद्र ग्रहण","🎉","Hindu","2026-10-04T23:37:54.525Z"
"2026-08-31","Kajari Teej","कजरी तीज","🌿","Hindu","2026-10-04T23:37:54.525Z"
"2026-09-04","Agastya Arghya","Agastya Arghya","🎉","Hindu","2026-10-04T23:37:54.525Z"
"2026-09-14","Hartalika Teej","हरतालिका तीज","🌿","Hindu","2026-10-04T23:37:54.525Z"
"2026-09-14","Ganesh Chaturthi","गणेश चतुर्थी","🐘","Hindu","2026-10-04T23:37:54.525Z"
"2026-09-15","Rishi Panchami","Rishi Panchami","🌸","Hindu","2026-10-04T23:37:54.525Z"
"2026-09-17","Vishwakarma Puja","विश्वकर्मा पूजा","🛠","Hindu","2026-10-04T23:37:54.525Z"
"2026-09-22","Parsva Ekadashi","पार्श्व एकादशी","🪷","Hindu","2026-10-04T23:37:54.525Z"
"2026-09-25","Ganesh Visarjan","Ganesh Visarjan","🐘","Hindu","2026-10-04T23:37:54.525Z"
"2026-09-25","Anant Chaturdashi","अनंत चतुर्दशी","🎉","Hindu","2026-10-04T23:37:54.525Z"
"2026-09-26","Purnima","पूर्णिमा","🌕","Hindu","2026-10-04T23:37:54.525Z"
"2026-09-27","Pitrupaksha Begins","Pitrupaksha Begins","🙏","Hindu","2026-10-04T23:37:54.525Z"
"2026-10-10","Sarva Pitru Amavasya","अमावस्या","🌑","Hindu","2026-10-04T23:37:54.525Z"
"2026-10-11","Navratri Begins","नवरात्रि","🛕","Hindu","2026-10-04T23:37:54.525Z"
"2026-10-16","Saraswati Avahan","Saraswati Avahan","🎉","Hindu","2026-10-04T23:37:54.525Z"
"2026-10-17","Mula Nakshatra Saraswati Puja","Mula Nakshatra Saraswati Puja","🎉","Hindu","2026-10-04T23:37:54.525Z"
"2026-10-17","Purva","Purva","🎉","Hindu","2026-10-04T23:37:54.525Z"
"2026-10-19","Maha Navami","महा नवमी","🎉","Hindu","2026-10-04T23:37:54.525Z"
"2026-10-20","Vijayadashami","विजयदशमी","🏹","Hindu","2026-10-04T23:37:54.525Z"
"2026-10-20","Dussehra","दशहरा","🏹","Hindu","2026-10-04T23:37:54.525Z"
"2026-10-22","Papankusha Ekadashi","पापांकुशा एकादशी","🪷","Hindu","2026-10-04T23:37:54.525Z"
"2026-10-25","Kojagara Puja","Kojagara Puja","🎉","Hindu","2026-10-04T23:37:54.525Z"
"2026-10-25","Sharad Purnima","शरद पूर्णिमा","🌕","Hindu","2026-10-04T23:37:54.525Z"
"2026-10-26","Purnima","पूर्णिमा","🌕","Hindu","2026-10-04T23:37:54.525Z"
"2026-10-29","Karwa Chauth","करवा चौथ","🌙","Hindu","2026-10-04T23:37:54.525Z"
"2026-11-05","Govatsa Dwadashi","Govatsa Dwadashi","🎉","Hindu","2026-10-04T23:37:54.525Z"
"2026-11-05","Rama Ekadashi","रमा एकादशी","🪷","Hindu","2026-10-04T23:37:54.525Z"
"2026-11-06","Dhanteras","धनतेरस","🪔","Hindu","2026-10-04T23:37:54.525Z"
"2026-11-07","Kali Chaudas","Kali Chaudas","🎉","Hindu","2026-10-04T23:37:54.525Z"
"2026-11-08","Lakshmi Puja","लक्ष्मी पूजा","🪔","Hindu","2026-10-04T23:37:54.525Z"
"2026-11-08","Narak Chaturdashi","Narak Chaturdashi","🎉","Hindu","2026-10-04T23:37:54.525Z"
"2026-11-08","Diwali","दीवाली","🪔","Hindu","2026-10-04T23:37:54.525Z"
"2026-11-10","Govardhan Puja","गोवर्धन पूजा","🎉","Hindu","2026-10-04T23:37:54.525Z"
"2026-11-11","Bhaiya Dooj","भैया दूज","🎉","Hindu","2026-10-04T23:37:54.525Z"
"2026-11-15","Chhath Puja","छठ पूजा","☀","Hindu","2026-10-04T23:37:54.525Z"
"2026-11-16","Vrishchika Sankranti","वृश्चिक संक्रांति","🪁","Hindu","2026-10-04T23:37:54.525Z"
"2026-11-20","Devutthana Ekadashi","एकादशी","🪷","Hindu","2026-10-04T23:37:54.525Z"
"2026-11-21","Tulasi Vivah","Tulasi Vivah","🎉","Hindu","2026-10-04T23:37:54.525Z"
"2026-11-21","Gauna Devutthana Ekadashi","एकादशी","🪷","Hindu","2026-10-04T23:37:54.525Z"
"2026-11-24","Purnima","पूर्णिमा","🌕","Hindu","2026-10-04T23:37:54.525Z"
"2026-12-04","Utpanna Ekadashi","उत्पन्ना एकादशी","🪷","Hindu","2026-10-04T23:37:54.525Z"
"2026-12-16","Dhanu Sankranti","धनु संक्रांति","🪁","Hindu","2026-10-04T23:37:54.525Z"
"2026-12-20","Mokshada Ekadashi","मोक्षदा एकादशी","🪷","Hindu","2026-10-04T23:37:54.525Z"
"2026-12-23","Dattatreya Jayanti","Dattatreya Jayanti","🎉","Hindu","2026-10-04T23:37:54.525Z"
"2026-12-23","Purnima","पूर्णिमा","🌕","Hindu","2026-10-04T23:37:54.525Z"
"2027-01-15","Makara Sankranti","मकर संक्रांति","🪁","Hindu","2026-10-04T23:37:54.525Z"
"2027-01-19","Gauna","Gauna","🎉","Hindu","2026-10-04T23:37:54.525Z"
"2027-01-22","Purnima","पूर्णिमा","🌕","Hindu","2026-10-04T23:37:54.525Z"
"2027-01-25","Sakat Chauth","सकट चौथ","🎉","Hindu","2026-10-04T23:37:54.525Z"
"2027-02-06","Mauni Amavas","मौनी अमावस्या","🎉","Hindu","2026-10-04T23:37:54.525Z"
"2027-02-06","Surya Grahan","सूर्य ग्रहण","🎉","Hindu","2026-10-04T23:37:54.525Z"
"2027-02-13","Ratha Saptami","रथ सप्तमी","🎉","Hindu","2026-10-04T23:37:54.525Z"
"2027-02-13","Kumbha Sankranti","कुंभ संक्रांति","🪁","Hindu","2026-10-04T23:37:54.525Z"
"2027-02-17","Jaya Ekadashi","जया एकादशी","🪷","Hindu","2026-10-04T23:37:54.525Z"
"2027-02-20","Purnima","पूर्णिमा","🌕","Hindu","2026-10-04T23:37:54.525Z"
"2027-02-21","Chandra Grahan","चंद्र ग्रहण","🎉","Hindu","2026-10-04T23:37:54.525Z"
"2027-03-06","Maha Shivaratri","महाशिवरात्रि","🔱","Hindu","2026-10-04T23:37:54.525Z"
"2027-03-08","Somavati Amavasya","अमावस्या","🌑","Hindu","2026-10-04T23:37:54.525Z"
"2027-03-15","Meena Sankranti","मीन संक्रांति","🪁","Hindu","2026-10-04T23:37:54.525Z"
"2027-03-21","Chhoti Holi","छोटी होली","🎨","Hindu","2026-10-04T23:37:54.525Z"
"2027-03-21","Holika Dahan","होलिका दहन","🎨","Hindu","2026-10-04T23:37:54.525Z"
"2027-03-22","Holi","होली","🎨","Hindu","2026-10-04T23:37:54.525Z"
"2027-03-22","Purnima","पूर्णिमा","🌕","Hindu","2026-10-04T23:37:54.525Z"
"2027-03-30","Sheetala Ashtami","शीतला अष्टमी","🎉","Hindu","2026-10-04T23:37:54.525Z"
"2027-03-30","Basoda","बसौड़ा","🎉","Hindu","2026-10-04T23:37:54.525Z"
"2027-04-07","Nutan Varsh Prarambha","नूतन वर्ष आरंभ","🏹","Hindu","2026-10-04T23:37:54.525Z"
"2027-04-07","Ugadi","उगादी","🎉","Hindu","2026-10-04T23:37:54.525Z"
"2027-04-07","Gudi Padwa","गुड़ी पड़वा","🎉","Hindu","2026-10-04T23:37:54.525Z"
"2027-04-07","Navratri","नवरात्रि","🛕","Hindu","2026-10-04T23:37:54.525Z"
"2027-04-09","Gauri Puja","गौरी पूजा","🎉","Hindu","2026-10-04T23:37:54.525Z"
"2027-04-09","Gangaur","गणगौर","💧","Hindu","2026-10-04T23:37:54.525Z"
"2027-04-12","Yamuna Chhath","यमुना छठ","☀","Hindu","2026-10-04T23:37:54.525Z"
"2027-04-14","Mesha Sankranti","मेष संक्रांति","🪁","Hindu","2026-10-04T23:37:54.525Z"
"2027-04-15","Swaminarayan Jayanti","स्वामीनारायण जयंती","🎉","Hindu","2026-10-04T23:37:54.525Z"
"2027-04-17","Kamada Ekadashi","कामदा एकादशी","🪷","Hindu","2026-10-04T23:37:54.525Z"
"2027-04-20","Hanuman Jayanti","हनुमान जयंती","🐒","Hindu","2026-10-04T23:37:54.525Z"
"2027-04-20","Hanuman Janmotsava","Hanuman Janmotsava","🐒","Hindu","2026-10-04T23:37:54.525Z"
"2027-04-20","Purnima","पूर्णिमा","🌕","Hindu","2026-10-04T23:37:54.525Z"
"2027-05-08","Parashurama Jayanti","Parashurama Jayanti","🏹","Hindu","2026-10-04T23:37:54.525Z"
"2027-05-09","Akshaya Tritiya","अक्षय तृतीया","💰","Hindu","2026-10-04T23:37:54.525Z"
"2027-05-12","Ganga Saptami","Ganga Saptami","💧","Hindu","2026-10-04T23:37:54.525Z"
"2027-05-14","Sita Navami","Sita Navami","🎉","Hindu","2026-10-04T23:37:54.525Z"
"2027-05-15","Vrishabha Sankranti","वृषभ संक्रांति","🪁","Hindu","2026-10-04T23:37:54.525Z"
"2027-05-18","Narasimha Jayanti","Narasimha Jayanti","🎉","Hindu","2026-10-04T23:37:54.525Z"
"2027-05-20","Buddha Purnima","बुद्ध पूर्णिमा","🌕","Hindu","2026-10-04T23:37:54.525Z"
"2027-05-21","Narada Jayanti","Narada Jayanti","🎉","Hindu","2026-10-04T23:37:54.525Z"
"2027-06-04","Vat Savitri Vrat","वट सावित्री व्रत","🙏","Hindu","2026-10-04T23:37:54.525Z"
"2027-06-13","Ganga Dussehra","गंगा दशहरा","🏹","Hindu","2026-10-04T23:37:54.525Z"
"2027-06-14","Nirjala Ekadashi","निर्जला एकादशी","🪷","Hindu","2026-10-04T23:37:54.525Z"
"2027-06-15","Mithuna Sankranti","मिथुन संक्रांति","🪁","Hindu","2026-10-04T23:37:54.525Z"
"2027-06-18","Purnima","पूर्णिमा","🌕","Hindu","2026-10-04T23:37:54.525Z"
"2027-06-30","Yogini Ekadashi","योगिनी एकादशी","🪷","Hindu","2026-10-04T23:37:54.525Z"
"2027-07-14","Devshayani Ekadashi","देवशयनी एकादशी","🪷","Hindu","2026-10-04T23:37:54.525Z"
"2027-07-17","Karka Sankranti","कर्क संक्रांति","🪁","Hindu","2026-10-04T23:37:54.525Z"
"2027-07-18","Karka Surya","Karka Surya","🎉","Hindu","2026-10-04T23:37:54.525Z"
"2027-07-18","Purnima","पूर्णिमा","🌕","Hindu","2026-10-04T23:37:54.525Z"
"2027-07-29","Kamika Ekadashi","कामिका एकादशी","🪷","Hindu","2026-10-04T23:37:54.525Z"
"2027-07-30","Gauna Kamika Ekadashi","गौण कामिका एकादशी","🪷","Hindu","2026-10-04T23:37:54.525Z"
"2027-08-02","Surya Grahan","सूर्य ग्रहण","🎉","Hindu","2026-10-04T23:37:54.525Z"
"2027-08-06","Nag Panchami","नाग पंचमी","🌸","Hindu","2026-10-04T23:37:54.525Z"
"2027-08-12","Putrada Ekadashi","पुत्रदा एकादशी","🪷","Hindu","2026-10-04T23:37:54.525Z"
"2027-08-13","Varalakshmi Vrat","Varalakshmi Vrat","🪔","Hindu","2026-10-04T23:37:54.525Z"
"2027-08-17","Rakhi","Rakhi","🪢","Hindu","2026-10-04T23:37:54.525Z"
"2027-08-17","Gayatri Jayanti","Gayatri Jayanti","🎉","Hindu","2026-10-04T23:37:54.525Z"
"2027-08-17","Simha Sankranti","सिंह संक्रांति","🪁","Hindu","2026-10-04T23:37:54.525Z"
"2027-08-17","Karka Surya","Karka Surya","🎉","Hindu","2026-10-04T23:37:54.525Z"
"2027-08-20","Kajari Teej","कजरी तीज","🌿","Hindu","2026-10-04T23:37:54.525Z"
"2027-08-28","Aja Ekadashi","अजा एकादशी","🪷","Hindu","2026-10-04T23:37:54.525Z"
"2027-09-04","Ganesh Chaturthi","गणेश चतुर्थी","🐘","Hindu","2026-10-04T23:37:54.525Z"
"2027-09-04","Rishi Panchami","Rishi Panchami","🌸","Hindu","2026-10-04T23:37:54.525Z"
"2027-09-04","Agastya Arghya","Agastya Arghya","🎉","Hindu","2026-10-04T23:37:54.525Z"
"2027-09-08","Radha Ashtami","Radha Ashtami","🎉","Hindu","2026-10-04T23:37:54.525Z"
"2027-09-11","Parsva Ekadashi","पार्श्व एकादशी","🪷","Hindu","2026-10-04T23:37:54.525Z"
"2027-09-12","Onam","ओणम","🎉","Hindu","2026-10-04T23:37:54.525Z"
"2027-09-14","Anant Chaturdashi","अनंत चतुर्दशी","🎉","Hindu","2026-10-04T23:37:54.525Z"
"2027-09-15","Purnima","पूर्णिमा","🌕","Hindu","2026-10-04T23:37:54.525Z"
"2027-09-16","Pitrupaksha Begins","Pitrupaksha Begins","🙏","Hindu","2026-10-04T23:37:54.525Z"
"2027-09-17","Vishwakarma Puja","विश्वकर्मा पूजा","🛠","Hindu","2026-10-04T23:37:54.525Z"
"2027-09-29","Sarva Pitru Amavasya","अमावस्या","🌑","Hindu","2026-10-04T23:37:54.525Z"
"2027-09-30","Navratri Begins","नवरात्रि","🛕","Hindu","2026-10-04T23:37:54.525Z"
"2027-10-07","Mula Nakshatra Saraswati Puja","Mula Nakshatra Saraswati Puja","🎉","Hindu","2026-10-04T23:37:54.525Z"
"2027-10-07","Purva","Purva","🎉","Hindu","2026-10-04T23:37:54.525Z"
"2027-10-08","Maha Navami","महा नवमी","🎉","Hindu","2026-10-04T23:37:54.525Z"
"2027-10-09","Vijayadashami","विजयदशमी","🏹","Hindu","2026-10-04T23:37:54.525Z"
"2027-10-09","Dussehra","दशहरा","🏹","Hindu","2026-10-04T23:37:54.525Z"
"2027-10-11","Papankusha Ekadashi","पापांकुशा एकादशी","🪷","Hindu","2026-10-04T23:37:54.525Z"
"2027-10-14","Kojagara Puja","Kojagara Puja","🎉","Hindu","2026-10-04T23:37:54.525Z"
"2027-10-14","Sharad Purnima","शरद पूर्णिमा","🌕","Hindu","2026-10-04T23:37:54.525Z"
"2027-10-15","Purnima","पूर्णिमा","🌕","Hindu","2026-10-04T23:37:54.525Z"
"2027-10-18","Karwa Chauth","करवा चौथ","🌙","Hindu","2026-10-04T23:37:54.525Z"
"2027-10-18","Tula Sankranti","तुला संक्रांति","🪁","Hindu","2026-10-04T23:37:54.525Z"
"2027-10-25","Rama Ekadashi","रमा एकादशी","🪷","Hindu","2026-10-04T23:37:54.525Z"
"2027-10-26","Govatsa Dwadashi","Govatsa Dwadashi","🎉","Hindu","2026-10-04T23:37:54.525Z"
"2027-10-27","Dhanteras","धनतेरस","🪔","Hindu","2026-10-04T23:37:54.525Z"
"2027-10-27","Kali Chaudas","Kali Chaudas","🎉","Hindu","2026-10-04T23:37:54.525Z"
"2027-10-28","Narak Chaturdashi","Narak Chaturdashi","🎉","Hindu","2026-10-04T23:37:54.525Z"
"2027-10-29","Lakshmi Puja","लक्ष्मी पूजा","🪔","Hindu","2026-10-04T23:37:54.525Z"
"2027-10-29","Diwali","दीवाली","🪔","Hindu","2026-10-04T23:37:54.525Z"
"2027-10-30","Govardhan Puja","गोवर्धन पूजा","🎉","Hindu","2026-10-04T23:37:54.525Z"
"2027-10-31","Bhaiya Dooj","भैया दूज","🎉","Hindu","2026-10-04T23:37:54.525Z"
"2027-11-08","Kansa Vadh","Kansa Vadh","🎉","Hindu","2026-10-04T23:37:54.525Z"
"2027-11-10","Devutthana Ekadashi","एकादशी","🪷","Hindu","2026-10-04T23:37:54.525Z"
"2027-11-11","Tulasi Vivah","Tulasi Vivah","🎉","Hindu","2026-10-04T23:37:54.525Z"
"2027-11-14","Purnima","पूर्णिमा","🌕","Hindu","2026-10-04T23:37:54.525Z"
"2027-11-17","Vrishchika Sankranti","वृश्चिक संक्रांति","🪁","Hindu","2026-10-04T23:37:54.525Z"
"2027-11-24","Utpanna Ekadashi","उत्पन्ना एकादशी","🪷","Hindu","2026-10-04T23:37:54.525Z"
"2027-12-09","Gita Jayanti","गीता जयंती","🎉","Hindu","2026-10-04T23:37:54.525Z"
"2027-12-09","Mokshada Ekadashi","मोक्षदा एकादशी","🪷","Hindu","2026-10-04T23:37:54.525Z"
"2027-12-13","Dattatreya Jayanti","Dattatreya Jayanti","🎉","Hindu","2026-10-04T23:37:54.525Z"
"2027-12-13","Purnima","पूर्णिमा","🌕","Hindu","2026-10-04T23:37:54.525Z"
"2027-12-16","Dhanu Sankranti","धनु संक्रांति","🪁","Hindu","2026-10-04T23:37:54.525Z"
"2027-12-27","Somavati Amavasya","अमावस्या","🌑","Hindu","2026-10-04T23:37:54.525Z"