"ID","URL","Caption","Album","Uploader","Timestamp",""
"g1774838068347_0","https://res.cloudinary.com/dtcrife6i/image/upload/v1774838097/gahoibandhu/wwwjw7ha5in9i43pghsw.jpg","1","Gahoi Milan Samaroh - Greater Noida","Gaurav Reja","2026-03-30T02:34:28.347Z",""
"g1774838076245_1","https://res.cloudinary.com/dtcrife6i/image/upload/v1774838105/gahoibandhu/gdbatijapdbuchyum2z7.jpg","2","Gahoi Milan Samaroh - Greater Noida","Gaurav Reja","2026-03-30T02:34:36.245Z",""
"g1774838081601_2","https://res.cloudinary.com/dtcrife6i/image/upload/v1774838111/gahoibandhu/aflypr2sk1m2hyybo4lk.jpg","3","Gahoi Milan Samaroh - Greater Noida","Gaurav Reja","2026-03-30T02:34:41.601Z",""
"g1774838086518_3","https://res.cloudinary.com/dtcrife6i/image/upload/v1774838115/gahoibandhu/lb8vtxlnhbcqnctiydv8.jpg","4","Gahoi Milan Samaroh - Greater Noida","Gaurav Reja","2026-03-30T02:34:46.518Z",""
"g1774838090648_4","https://res.cloudinary.com/dtcrife6i/image/upload/v1774838120/gahoibandhu/gbezi31hlisxvsspnakc.jpg","5","Gahoi Milan Samaroh - Greater Noida","Gaurav Reja","2026-03-30T02:34:50.648Z","2026-06-11T10:09:57.287Z"
"g1774838096028_5","https://res.cloudinary.com/dtcrife6i/image/upload/v1774838125/gahoibandhu/oy1isdou3f6tb6oclzo9.jpg","6","Gahoi Milan Samaroh - Greater Noida","Gaurav Reja","2026-03-30T02:34:56.028Z",""
"g1774838100185_6","https://res.cloudinary.com/dtcrife6i/image/upload/v1774838129/gahoibandhu/qkannvgdsg4jo1i5jhty.jpg","7","Gahoi Milan Samaroh - Greater Noida","Gaurav Reja","2026-03-30T02:35:00.185Z",""
"g1774838106379_7","https://res.cloudinary.com/dtcrife6i/image/upload/v1774838135/gahoibandhu/balhrdacmpdc7bwlkng3.jpg","8","Gahoi Milan Samaroh - Greater Noida","Gaurav Reja","2026-03-30T02:35:06.379Z",""
"g1774838110605_8","https://res.cloudinary.com/dtcrife6i/image/upload/v1774838139/gahoibandhu/bwdc0xdsn5ls9oudax50.jpg","9","Gahoi Milan Samaroh - Greater Noida","Gaurav Reja","2026-03-30T02:35:10.605Z","2026-06-10T08:37:20.877Z"
"g1774838114762_9","https://res.cloudinary.com/dtcrife6i/image/upload/v1774838144/gahoibandhu/pywfbs9ahhpzcjmbibzm.jpg","10","Gahoi Milan Samaroh - Greater Noida","Gaurav Reja","2026-03-30T02:35:14.762Z",""
"g1774838119476_10","https://res.cloudinary.com/dtcrife6i/image/upload/v1774838148/gahoibandhu/ttbv1ygdvqxsfecuajpj.jpg","11","Gahoi Milan Samaroh - Greater Noida","Gaurav Reja","2026-03-30T02:35:19.476Z",""
"g1774838128000_11","https://res.cloudinary.com/dtcrife6i/image/upload/v1774838157/gahoibandhu/juef6hfmlmnyc07g6qay.jpg","12","Gahoi Milan Samaroh - Greater Noida","Gaurav Reja","2026-03-30T02:35:28.000Z",""
"g1774838132210_12","https://res.cloudinary.com/dtcrife6i/image/upload/v1774838161/gahoibandhu/o4jr0tsijjfri5mefjrt.jpg","13","Gahoi Milan Samaroh - Greater Noida","Gaurav Reja","2026-03-30T02:35:32.210Z","2026-06-11T10:10:10.365Z"
"g1774838137219_13","https://res.cloudinary.com/dtcrife6i/image/upload/v1774838166/gahoibandhu/e3gtyqi9cuxqigr0tt6p.jpg","14","Gahoi Milan Samaroh - Greater Noida","Gaurav Reja","2026-03-30T02:35:37.219Z",""
"g1774838141565_14","https://res.cloudinary.com/dtcrife6i/image/upload/v1774838171/gahoibandhu/abbclhf2wwemvg0y4wsi.jpg","15","Gahoi Milan Samaroh - Greater Noida","Gaurav Reja","2026-03-30T02:35:41.565Z","2026-06-11T10:10:28.467Z"
"g1774838147152_15","https://res.cloudinary.com/dtcrife6i/image/upload/v1774838176/gahoibandhu/paybrmrlogoxbahfgzsp.jpg","16","Gahoi Milan Samaroh - Greater Noida","Gaurav Reja","2026-03-30T02:35:47.152Z",""
"g1774838151155_16","https://res.cloudinary.com/dtcrife6i/image/upload/v1774838180/gahoibandhu/r5me1hfcfq6ckfobslou.jpg","17","Gahoi Milan Samaroh - Greater Noida","Gaurav Reja","2026-03-30T02:35:51.155Z",""
"g1774838155232_17","https://res.cloudinary.com/dtcrife6i/image/upload/v1774838184/gahoibandhu/uwimn7ov5zyogzghniae.jpg","18","Gahoi Milan Samaroh - Greater Noida","Gaurav Reja","2026-03-30T02:35:55.232Z","2026-06-11T10:10:40.382Z"
"g1774838159003_18","https://res.cloudinary.com/dtcrife6i/image/upload/v1774838188/gahoibandhu/vfldfqhd92u4m8nx7y40.jpg","19","Gahoi Milan Samaroh - Greater Noida","Gaurav Reja","2026-03-30T02:35:59.003Z",""
"g1774838162992_19","https://res.cloudinary.com/dtcrife6i/image/upload/v1774838192/gahoibandhu/kn9yhrra4p0cqy3axvex.jpg","20","Gahoi Milan Samaroh - Greater Noida","Gaurav Reja","2026-03-30T02:36:02.992Z",""
"g1774838167777_20","https://res.cloudinary.com/dtcrife6i/image/upload/v1774838197/gahoibandhu/loyyafxwsvkilxscdqzr.jpg","21","Gahoi Milan Samaroh - Greater Noida","Gaurav Reja","2026-03-30T02:36:07.777Z",""
"g1774838173544_21","https://res.cloudinary.com/dtcrife6i/image/upload/v1774838202/gahoibandhu/zpgrbjxa1oav23io4wh0.jpg","22","Gahoi Milan Samaroh - Greater Noida","Gaurav Reja","2026-03-30T02:36:13.544Z",""
"g1774838179399_22","https://res.cloudinary.com/dtcrife6i/image/upload/v1774838208/gahoibandhu/lp3xcf0ujlvp2a7yupsi.jpg","23","Gahoi Milan Samaroh - Greater Noida","Gaurav Reja","2026-03-30T02:36:19.399Z",""
"g1774838192998_23","https://res.cloudinary.com/dtcrife6i/image/upload/v1774838222/gahoibandhu/ltoivogjoxfgrmfhe3hi.jpg","24","Gahoi Milan Samaroh - Greater Noida","Gaurav Reja","2026-03-30T02:36:32.998Z",""
"g1774838206208_24","https://res.cloudinary.com/dtcrife6i/image/upload/v1774838235/gahoibandhu/kupf5o6wuctlviyrkmpx.jpg","25","Gahoi Milan Samaroh - Greater Noida","Gaurav Reja","2026-03-30T02:36:46.208Z",""
"g1774838217849_25","https://res.cloudinary.com/dtcrife6i/image/upload/v1774838247/gahoibandhu/sx3pkhd0pkecccog7grm.jpg","26","Gahoi Milan Samaroh - Greater Noida","Gaurav Reja","2026-03-30T02:36:57.849Z",""
"g1774838228044_26","https://res.cloudinary.com/dtcrife6i/image/upload/v1774838257/gahoibandhu/kw3nxmmkwab7woclitnh.jpg","27","Gahoi Milan Samaroh - Greater Noida","Gaurav Reja","2026-03-30T02:37:08.044Z",""
"g1774838235823_27","https://res.cloudinary.com/dtcrife6i/image/upload/v1774838264/gahoibandhu/b7mmlwipc7cakrgz5kuq.jpg","28","Gahoi Milan Samaroh - Greater Noida","Gaurav Reja","2026-03-30T02:37:15.823Z",""
"g1774838241301_28","https://res.cloudinary.com/dtcrife6i/image/upload/v1774838270/gahoibandhu/tcbkazmgrwl0lvnu1n72.jpg","29","Gahoi Milan Samaroh - Greater Noida","Gaurav Reja","2026-03-30T02:37:21.301Z",""
"g1774838245761_29","https://res.cloudinary.com/dtcrife6i/image/upload/v1774838274/gahoibandhu/xorrfhe4endfdhno8pff.jpg","30","Gahoi Milan Samaroh - Greater Noida","Gaurav Reja","2026-03-30T02:37:25.761Z",""
"g1774838250082_30","https://res.cloudinary.com/dtcrife6i/image/upload/v1774838279/gahoibandhu/a82odxhvz2rguwyj0l9i.jpg","31","Gahoi Milan Samaroh - Greater Noida","Gaurav Reja","2026-03-30T02:37:30.082Z",""
"g1774838255068_31","https://res.cloudinary.com/dtcrife6i/image/upload/v1774838284/gahoibandhu/f2lcpiol29kqpa9apoch.jpg","32","Gahoi Milan Samaroh - Greater Noida","Gaurav Reja","2026-03-30T02:37:35.068Z",""
"g1774838259012_32","https://res.cloudinary.com/dtcrife6i/image/upload/v1774838288/gahoibandhu/ygkd7gyqrl2iqewgmazv.jpg","33","Gahoi Milan Samaroh - Greater Noida","Gaurav Reja","2026-03-30T02:37:39.012Z",""
"g1774838263456_33","https://res.cloudinary.com/dtcrife6i/image/upload/v1774838292/gahoibandhu/dyp2auzmfm7rq9pwqq7d.jpg","34","Gahoi Milan Samaroh - Greater Noida","Gaurav Reja","2026-03-30T02:37:43.456Z",""
"g1774838267137_34","https://res.cloudinary.com/dtcrife6i/image/upload/v1774838296/gahoibandhu/iwl7qjubjet88glpw54c.jpg","35","Gahoi Milan Samaroh - Greater Noida","Gaurav Reja","2026-03-30T02:37:47.137Z",""
"g1774838272462_35","https://res.cloudinary.com/dtcrife6i/image/upload/v1774838301/gahoibandhu/ckydvhdaea2cycgdx7ng.jpg","36","Gahoi Milan Samaroh - Greater Noida","Gaurav Reja","2026-03-30T02:37:52.462Z",""
"g1774838275837_36","https://res.cloudinary.com/dtcrife6i/image/upload/v1774838305/gahoibandhu/tcrm2z6vrrqzp1xbbjco.jpg","37","Gahoi Milan Samaroh - Greater Noida","Gaurav Reja","2026-03-30T02:37:55.837Z",""
"g1774838279938_37","https://res.cloudinary.com/dtcrife6i/image/upload/v1774838309/gahoibandhu/gxcpf0n37dncx2jdlcze.jpg","38","Gahoi Milan Samaroh - Greater Noida","Gaurav Reja","2026-03-30T02:37:59.938Z",""
"g1774838284209_38","https://res.cloudinary.com/dtcrife6i/image/upload/v1774838313/gahoibandhu/lwkhu3leswzezuakzr61.jpg","39","Gahoi Milan Samaroh - Greater Noida","Gaurav Reja","2026-03-30T02:38:04.209Z",""
"g1774838288256_39","https://res.cloudinary.com/dtcrife6i/image/upload/v1774838317/gahoibandhu/qh6ubhieixi9qbvekhan.jpg","40","Gahoi Milan Samaroh - Greater Noida","Gaurav Reja","2026-03-30T02:38:08.256Z",""
"g1774838293263_40","https://res.cloudinary.com/dtcrife6i/image/upload/v1774838322/gahoibandhu/qd2pzcjuesuvbfikqohv.jpg","41","Gahoi Milan Samaroh - Greater Noida","Gaurav Reja","2026-03-30T02:38:13.263Z",""
"g1774838297468_41","https://res.cloudinary.com/dtcrife6i/image/upload/v1774838326/gahoibandhu/m8jjltkpqypi01a3okex.jpg","42","Gahoi Milan Samaroh - Greater Noida","Gaurav Reja","2026-03-30T02:38:17.468Z",""
"g1774838301459_42","https://res.cloudinary.com/dtcrife6i/image/upload/v1774838330/gahoibandhu/kkujiqh3jrotlptpyzoi.jpg","43","Gahoi Milan Samaroh - Greater Noida","Gaurav Reja","2026-03-30T02:38:21.459Z",""
"g1774838305757_43","https://res.cloudinary.com/dtcrife6i/image/upload/v1774838334/gahoibandhu/brp9djmxv75qyxymm4af.jpg","44","Gahoi Milan Samaroh - Greater Noida","Gaurav Reja","2026-03-30T02:38:25.757Z",""
"g1774838310548_44","https://res.cloudinary.com/dtcrife6i/image/upload/v1774838340/gahoibandhu/on78tgxjjpjzutonzzr0.jpg","45","Gahoi Milan Samaroh - Greater Noida","Gaurav Reja","2026-03-30T02:38:30.548Z",""
"g1774838314976_45","https://res.cloudinary.com/dtcrife6i/image/upload/v1774838344/gahoibandhu/nuoe025xpfiotnxgbvkj.jpg","46","Gahoi Milan Samaroh - Greater Noida","Gaurav Reja","2026-03-30T02:38:34.976Z",""
"g1774838318567_46","https://res.cloudinary.com/dtcrife6i/image/upload/v1774838348/gahoibandhu/p78oo9tfpojc28geekul.jpg","47","Gahoi Milan Samaroh - Greater Noida","Gaurav Reja","2026-03-30T02:38:38.567Z",""
"g1774838322760_47","https://res.cloudinary.com/dtcrife6i/image/upload/v1774838352/gahoibandhu/p0m4x9jmi5buufxnuqvx.jpg","48","Gahoi Milan Samaroh - Greater Noida","Gaurav Reja","2026-03-30T02:38:42.760Z",""
"g1774838326447_48","https://res.cloudinary.com/dtcrife6i/image/upload/v1774838355/gahoibandhu/mbtmr0zpqvxljgzj3lum.jpg","49","Gahoi Milan Samaroh - Greater Noida","Gaurav Reja","2026-03-30T02:38:46.447Z",""
"g1774838330932_49","https://res.cloudinary.com/dtcrife6i/image/upload/v1774838360/gahoibandhu/kidsuyz8aja5luathphv.jpg","50","Gahoi Milan Samaroh - Greater Noida","Gaurav Reja","2026-03-30T02:38:50.932Z",""
"g1774838335147_50","https://res.cloudinary.com/dtcrife6i/image/upload/v1774838364/gahoibandhu/moh6xwtp2mkl2od4pvoe.jpg","51","Gahoi Milan Samaroh - Greater Noida","Gaurav Reja","2026-03-30T02:38:55.147Z",""
"g1777877298876","https://res.cloudinary.com/dtcrife6i/image/upload/v1777877296/gahoibandhu/trbskgzc4gm8doywgzdf.jpg","Ghaziabad Holi Milan Samaroh - 3 May 2026","Ghaziabad Holi Milan Samaroh - 3 May 2026","Gaurav Reja","2026-05-04T06:48:18.879Z",""
"g1777877303584","https://res.cloudinary.com/dtcrife6i/image/upload/v1777877301/gahoibandhu/fqo2ribihtnin7zootfv.jpg","Ghaziabad Holi Milan Samaroh - 3 May 2026","Ghaziabad Holi Milan Samaroh - 3 May 2026","Gaurav Reja","2026-05-04T06:48:27.113Z",""
"g1777877311334","https://res.cloudinary.com/dtcrife6i/image/upload/v1777877309/gahoibandhu/qr6g1xjvqpjzwmkuvv7v.jpg","Ghaziabad Holi Milan Samaroh - 3 May 2026","Ghaziabad Holi Milan Samaroh - 3 May 2026","Gaurav Reja","2026-05-04T06:48:35.320Z",""
"g1777877321198","https://res.cloudinary.com/dtcrife6i/image/upload/v1777877318/gahoibandhu/ho8vhqbudbp1xsitczxd.jpg","Ghaziabad Holi Milan Samaroh - 3 May 2026","Ghaziabad Holi Milan Samaroh - 3 May 2026","Gaurav Reja","2026-05-04T06:48:41.938Z",""
"g1777877338723","https://res.cloudinary.com/dtcrife6i/image/upload/v1777877335/gahoibandhu/limlwsrqiiothhjuv3ky.jpg","Ghaziabad Holi Milan Samaroh - 3 May 2026","Ghaziabad Holi Milan Samaroh - 3 May 2026","Gaurav Reja","2026-05-04T06:49:14.149Z",""
"g1777877443277","https://res.cloudinary.com/dtcrife6i/image/upload/v1777877440/gahoibandhu/onnnlwc4hed1tgfvnb8d.jpg","Ghaziabad Holi Milan Samaroh - 3 May 2026","Ghaziabad Holi Milan Samaroh - 3 May 2026","Gaurav Reja","2026-05-04T06:50:43.776Z",""
"g1777877450238","https://res.cloudinary.com/dtcrife6i/image/upload/v1777877448/gahoibandhu/utaxoqkbotd9ubuiezoj.jpg","Ghaziabad Holi Milan Samaroh - 3 May 2026","Ghaziabad Holi Milan Samaroh - 3 May 2026","Gaurav Reja","2026-05-04T06:50:50.523Z",""
"g1777877454435","https://res.cloudinary.com/dtcrife6i/image/upload/v1777877452/gahoibandhu/dvbbxv8idop0x57ci3cq.jpg","Ghaziabad Holi Milan Samaroh - 3 May 2026","Ghaziabad Holi Milan Samaroh - 3 May 2026","Gaurav Reja","2026-05-04T06:50:54.603Z",""
"g1777877460185","https://res.cloudinary.com/dtcrife6i/image/upload/v1777877456/gahoibandhu/fqlmblweslulisqmkjwc.jpg","Ghaziabad Holi Milan Samaroh - 3 May 2026","Ghaziabad Holi Milan Samaroh - 3 May 2026","Gaurav Reja","2026-05-04T06:51:00.357Z",""
"g1777877464268","https://res.cloudinary.com/dtcrife6i/image/upload/v1777877462/gahoibandhu/hvtgmkr1tnv6e3sxc7gh.jpg","Ghaziabad Holi Milan Samaroh - 3 May 2026","Ghaziabad Holi Milan Samaroh - 3 May 2026","Gaurav Reja","2026-05-04T06:51:04.636Z",""
"g1777877468163","https://res.cloudinary.com/dtcrife6i/image/upload/v1777877466/gahoibandhu/qnvlyciu1gd18rvdeunn.jpg","Ghaziabad Holi Milan Samaroh - 3 May 2026","Ghaziabad Holi Milan Samaroh - 3 May 2026","Gaurav Reja","2026-05-04T06:51:08.305Z",""
"g1777877474219","https://res.cloudinary.com/dtcrife6i/image/upload/v1777877470/gahoibandhu/a23oeuz8lkzauic3ghiu.jpg","Ghaziabad Holi Milan Samaroh - 3 May 2026","Ghaziabad Holi Milan Samaroh - 3 May 2026","Gaurav Reja","2026-05-04T06:51:14.446Z",""
"g1777877478230","https://res.cloudinary.com/dtcrife6i/image/upload/v1777877476/gahoibandhu/y5pkoduwhxwxuulk8mpg.jpg","Ghaziabad Holi Milan Samaroh - 3 May 2026","Ghaziabad Holi Milan Samaroh - 3 May 2026","Gaurav Reja","2026-05-04T06:51:18.478Z",""
"g1777877483028","https://res.cloudinary.com/dtcrife6i/image/upload/v1777877480/gahoibandhu/qn0tzbx5pn8waf8pni0l.jpg","Ghaziabad Holi Milan Samaroh - 3 May 2026","Ghaziabad Holi Milan Samaroh - 3 May 2026","Gaurav Reja","2026-05-04T06:51:23.033Z",""
"g1777877488664","https://res.cloudinary.com/dtcrife6i/image/upload/v1777877486/gahoibandhu/ez3ydrojxvfjmoo30omk.jpg","Ghaziabad Holi Milan Samaroh - 3 May 2026","Ghaziabad Holi Milan Samaroh - 3 May 2026","Gaurav Reja","2026-05-04T06:51:28.786Z",""
"g1777877492422","https://res.cloudinary.com/dtcrife6i/image/upload/v1777877490/gahoibandhu/i3pm6xcvyle7vselrmfm.jpg","Ghaziabad Holi Milan Samaroh - 3 May 2026","Ghaziabad Holi Milan Samaroh - 3 May 2026","Gaurav Reja","2026-05-04T06:51:33.036Z",""
"g1777877498581","https://res.cloudinary.com/dtcrife6i/image/upload/v1777877495/gahoibandhu/tpyzcjuvbx5jtsbc0svr.jpg","Ghaziabad Holi Milan Samaroh - 3 May 2026","Ghaziabad Holi Milan Samaroh - 3 May 2026","Gaurav Reja","2026-05-04T06:51:38.733Z",""
"g1777877504004","https://res.cloudinary.com/dtcrife6i/image/upload/v1777877500/gahoibandhu/zfsk2egh0uuzemh9bkro.jpg","Ghaziabad Holi Milan Samaroh - 3 May 2026","Ghaziabad Holi Milan Samaroh - 3 May 2026","Gaurav Reja","2026-05-04T06:51:44.261Z",""
"g1777877508468","https://res.cloudinary.com/dtcrife6i/image/upload/v1777877506/gahoibandhu/hd31cdwrgmypvtqt3yjq.jpg","Ghaziabad Holi Milan Samaroh - 3 May 2026","Ghaziabad Holi Milan Samaroh - 3 May 2026","Gaurav Reja","2026-05-04T06:51:48.588Z",""
"g1777877512503","https://res.cloudinary.com/dtcrife6i/image/upload/v1777877510/gahoibandhu/vharfnpjhxqmsrr6a5t5.jpg","Ghaziabad Holi Milan Samaroh - 3 May 2026","Ghaziabad Holi Milan Samaroh - 3 May 2026","Gaurav Reja","2026-05-04T06:51:52.649Z",""
"g1777877517752","https://res.cloudinary.com/dtcrife6i/image/upload/v1777877515/gahoibandhu/x4llx7gpigiwwedwtvlq.jpg","Ghaziabad Holi Milan Samaroh - 3 May 2026","Ghaziabad Holi Milan Samaroh - 3 May 2026","Gaurav Reja","2026-05-04T06:51:57.919Z",""
"g1777877523457","https://res.cloudinary.com/dtcrife6i/image/upload/v1777877520/gahoibandhu/r5ljjpqrqnqdbifql5bl.jpg","Ghaziabad Holi Milan Samaroh - 3 May 2026","Ghaziabad Holi Milan Samaroh - 3 May 2026","Gaurav Reja","2026-05-04T06:52:03.601Z",""
"g1777877528011","https://res.cloudinary.com/dtcrife6i/image/upload/v1777877526/gahoibandhu/l35ljqkhdfanjiu2ylnt.jpg","Ghaziabad Holi Milan Samaroh - 3 May 2026","Ghaziabad Holi Milan Samaroh - 3 May 2026","Gaurav Reja","2026-05-04T06:52:08.142Z",""
"g1777877533004","https://res.cloudinary.com/dtcrife6i/image/upload/v1777877530/gahoibandhu/kbkdqqcue9gacel2tose.jpg","Ghaziabad Holi Milan Samaroh - 3 May 2026","Ghaziabad Holi Milan Samaroh - 3 May 2026","Gaurav Reja","2026-05-04T06:52:13.190Z",""
"g1777877537740","https://res.cloudinary.com/dtcrife6i/image/upload/v1777877535/gahoibandhu/eeiyy9f71q6bgoj2zvrw.jpg","Ghaziabad Holi Milan Samaroh - 3 May 2026","Ghaziabad Holi Milan Samaroh - 3 May 2026","Gaurav Reja","2026-05-04T06:52:17.890Z",""
"g1777877542468","https://res.cloudinary.com/dtcrife6i/image/upload/v1777877540/gahoibandhu/s8zxomzwthzfqg29adad.jpg","Ghaziabad Holi Milan Samaroh - 3 May 2026","Ghaziabad Holi Milan Samaroh - 3 May 2026","Gaurav Reja","2026-05-04T06:52:22.600Z",""
"g1777877547092","https://res.cloudinary.com/dtcrife6i/image/upload/v1777877545/gahoibandhu/wgyywcaohyojnnv9dfnq.jpg","Ghaziabad Holi Milan Samaroh - 3 May 2026","Ghaziabad Holi Milan Samaroh - 3 May 2026","Gaurav Reja","2026-05-04T06:52:27.248Z",""
"g1777877552604","https://res.cloudinary.com/dtcrife6i/image/upload/v1777877549/gahoibandhu/fktw9bwzc9ss2lsobwuf.jpg","Ghaziabad Holi Milan Samaroh - 3 May 2026","Ghaziabad Holi Milan Samaroh - 3 May 2026","Gaurav Reja","2026-05-04T06:52:32.880Z",""
"g1777877557118","https://res.cloudinary.com/dtcrife6i/image/upload/v1777877555/gahoibandhu/z5siwdgkn93wpvgwhqd2.jpg","Ghaziabad Holi Milan Samaroh - 3 May 2026","Ghaziabad Holi Milan Samaroh - 3 May 2026","Gaurav Reja","2026-05-04T06:52:37.246Z",""
"g1777877561263","https://res.cloudinary.com/dtcrife6i/image/upload/v1777877559/gahoibandhu/w6ql6cgf5b2q7ev6g0lt.jpg","Ghaziabad Holi Milan Samaroh - 3 May 2026","Ghaziabad Holi Milan Samaroh - 3 May 2026","Gaurav Reja","2026-05-04T06:52:41.410Z",""
"g1777877567865","https://res.cloudinary.com/dtcrife6i/image/upload/v1777877564/gahoibandhu/cvposud7ar5j9trikru5.jpg","Ghaziabad Holi Milan Samaroh - 3 May 2026","Ghaziabad Holi Milan Samaroh - 3 May 2026","Gaurav Reja","2026-05-04T06:52:48.079Z",""
"g1777877574159","https://res.cloudinary.com/dtcrife6i/image/upload/v1777877572/gahoibandhu/cgutonkibfnanqufury7.jpg","Ghaziabad Holi Milan Samaroh - 3 May 2026","Ghaziabad Holi Milan Samaroh - 3 May 2026","Gaurav Reja","2026-05-04T06:52:54.406Z",""
"g1777877580275","https://res.cloudinary.com/dtcrife6i/image/upload/v1777877577/gahoibandhu/cxzcg38j0ul5r60b6oj6.jpg","Ghaziabad Holi Milan Samaroh - 3 May 2026","Ghaziabad Holi Milan Samaroh - 3 May 2026","Gaurav Reja","2026-05-04T06:53:00.428Z",""
"g1777877585272","https://res.cloudinary.com/dtcrife6i/image/upload/v1777877582/gahoibandhu/gkkjko2l6zo3kxkbsisp.jpg","Ghaziabad Holi Milan Samaroh - 3 May 2026","Ghaziabad Holi Milan Samaroh - 3 May 2026","Gaurav Reja","2026-05-04T06:53:05.413Z",""
"g1777877589306","https://res.cloudinary.com/dtcrife6i/image/upload/v1777877587/gahoibandhu/ewamvkivcwnajgz4wniq.jpg","Ghaziabad Holi Milan Samaroh - 3 May 2026","Ghaziabad Holi Milan Samaroh - 3 May 2026","Gaurav Reja","2026-05-04T06:53:09.480Z",""
"g1777877593666","https://res.cloudinary.com/dtcrife6i/image/upload/v1777877591/gahoibandhu/pg7k2eflpfwvosq4nflc.jpg","Ghaziabad Holi Milan Samaroh - 3 May 2026","Ghaziabad Holi Milan Samaroh - 3 May 2026","Gaurav Reja","2026-05-04T06:53:13.797Z",""
"g1777877598843","https://res.cloudinary.com/dtcrife6i/image/upload/v1777877595/gahoibandhu/pmrqvhqltlz2zyyqg0zw.jpg","Ghaziabad Holi Milan Samaroh - 3 May 2026","Ghaziabad Holi Milan Samaroh - 3 May 2026","Gaurav Reja","2026-05-04T06:53:19.004Z",""
"g1777877603572","https://res.cloudinary.com/dtcrife6i/image/upload/v1777877602/gahoibandhu/c3gypprwh0tgyf6rfzuc.jpg","Ghaziabad Holi Milan Samaroh - 3 May 2026","Ghaziabad Holi Milan Samaroh - 3 May 2026","Gaurav Reja","2026-05-04T06:53:23.771Z",""
"g1777877610116","https://res.cloudinary.com/dtcrife6i/image/upload/v1777877606/gahoibandhu/r7l37rnklg9zmaqhbtmm.jpg","Ghaziabad Holi Milan Samaroh - 3 May 2026","Ghaziabad Holi Milan Samaroh - 3 May 2026","Gaurav Reja","2026-05-04T06:53:30.309Z",""
"g1777877614781","https://res.cloudinary.com/dtcrife6i/image/upload/v1777877613/gahoibandhu/bnb1xfjn8sxns6d2rai4.jpg","Ghaziabad Holi Milan Samaroh - 3 May 2026","Ghaziabad Holi Milan Samaroh - 3 May 2026","Gaurav Reja","2026-05-04T06:53:34.948Z",""
"g1777877620263","https://res.cloudinary.com/dtcrife6i/image/upload/v1777877618/gahoibandhu/pcsicli9kxxsx7nmx6xu.jpg","Ghaziabad Holi Milan Samaroh - 3 May 2026","Ghaziabad Holi Milan Samaroh - 3 May 2026","Gaurav Reja","2026-05-04T06:53:40.446Z",""
"g1777877628859","https://res.cloudinary.com/dtcrife6i/image/upload/v1777877625/gahoibandhu/sbhimhfey45pw04q4upn.jpg","Ghaziabad Holi Milan Samaroh - 3 May 2026","Ghaziabad Holi Milan Samaroh - 3 May 2026","Gaurav Reja","2026-05-04T06:53:49.144Z","2026-05-06T09:52:51.987Z"
"g1777877639749","https://res.cloudinary.com/dtcrife6i/image/upload/v1777877636/gahoibandhu/mqr6s0jjzt6bnocjtn6o.jpg","Ghaziabad Holi Milan Samaroh - 3 May 2026","Ghaziabad Holi Milan Samaroh - 3 May 2026","Gaurav Reja","2026-05-04T06:54:00.017Z","2026-06-11T10:08:47.886Z"
"g1777877645348","https://res.cloudinary.com/dtcrife6i/image/upload/v1777877643/gahoibandhu/jkkvesrwkhr78hj5tgfj.jpg","Ghaziabad Holi Milan Samaroh - 3 May 2026","Ghaziabad Holi Milan Samaroh - 3 May 2026","Gaurav Reja","2026-05-04T06:54:05.480Z","2026-06-11T10:08:51.928Z"
"g1777877650615","https://res.cloudinary.com/dtcrife6i/image/upload/v1777877649/gahoibandhu/gqmhtxrbvdpotel2vwlo.jpg","Ghaziabad Holi Milan Samaroh - 3 May 2026","Ghaziabad Holi Milan Samaroh - 3 May 2026","Gaurav Reja","2026-05-04T06:54:10.828Z","2026-06-11T10:07:42.993Z"
"g1777877657648","https://res.cloudinary.com/dtcrife6i/image/upload/v1777877655/gahoibandhu/woxgsqjhvnygw7u7rb0n.jpg","Ghaziabad Holi Milan Samaroh - 3 May 2026","Ghaziabad Holi Milan Samaroh - 3 May 2026","Gaurav Reja","2026-05-04T06:54:17.874Z",""
"g1777877666284","https://res.cloudinary.com/dtcrife6i/image/upload/v1777877663/gahoibandhu/hv2h02logbupmmybpfxj.jpg","Ghaziabad Holi Milan Samaroh - 3 May 2026","Ghaziabad Holi Milan Samaroh - 3 May 2026","Gaurav Reja","2026-05-04T06:54:26.289Z",""
"g1777877672228","https://res.cloudinary.com/dtcrife6i/image/upload/v1777877670/gahoibandhu/a9mgdvimbpdbb3g4hgui.jpg","Ghaziabad Holi Milan Samaroh - 3 May 2026","Ghaziabad Holi Milan Samaroh - 3 May 2026","Gaurav Reja","2026-05-04T06:54:32.361Z",""
"g1777877677429","https://res.cloudinary.com/dtcrife6i/image/upload/v1777877675/gahoibandhu/xoyijudvconvexbo08q6.jpg","Ghaziabad Holi Milan Samaroh - 3 May 2026","Ghaziabad Holi Milan Samaroh - 3 May 2026","Gaurav Reja","2026-05-04T06:54:37.629Z",""
"g1777877684241","https://res.cloudinary.com/dtcrife6i/image/upload/v1777877682/gahoibandhu/ejtvksh5liohzut2rvcy.jpg","Ghaziabad Holi Milan Samaroh - 3 May 2026","Ghaziabad Holi Milan Samaroh - 3 May 2026","Gaurav Reja","2026-05-04T06:54:44.360Z",""
"g1777877689643","https://res.cloudinary.com/dtcrife6i/image/upload/v1777877688/gahoibandhu/mvgzyfoco7afaknkza2b.jpg","Ghaziabad Holi Milan Samaroh - 3 May 2026","Ghaziabad Holi Milan Samaroh - 3 May 2026","Gaurav Reja","2026-05-04T06:54:49.781Z",""
"g1777877695391","https://res.cloudinary.com/dtcrife6i/image/upload/v1777877693/gahoibandhu/e5q8ftpkulp9zmuwschu.jpg","Ghaziabad Holi Milan Samaroh - 3 May 2026","Ghaziabad Holi Milan Samaroh - 3 May 2026","Gaurav Reja","2026-05-04T06:54:55.503Z",""
"g1777877702828","https://res.cloudinary.com/dtcrife6i/image/upload/v1777877700/gahoibandhu/xnrdfmmtp42ss9wickfg.jpg","Ghaziabad Holi Milan Samaroh - 3 May 2026","Ghaziabad Holi Milan Samaroh - 3 May 2026","Gaurav Reja","2026-05-04T06:55:03.034Z",""
"g1777877708866","https://res.cloudinary.com/dtcrife6i/image/upload/v1777877707/gahoibandhu/lqibnhenszxrnssh3wzj.jpg","Ghaziabad Holi Milan Samaroh - 3 May 2026","Ghaziabad Holi Milan Samaroh - 3 May 2026","Gaurav Reja","2026-05-04T06:55:08.988Z",""
"g1777877715324","https://res.cloudinary.com/dtcrife6i/image/upload/v1777877713/gahoibandhu/xc9zzhlaugboz8wkjfy1.jpg","Ghaziabad Holi Milan Samaroh - 3 May 2026","Ghaziabad Holi Milan Samaroh - 3 May 2026","Gaurav Reja","2026-05-04T06:55:15.885Z",""
"g1777877722622","https://res.cloudinary.com/dtcrife6i/image/upload/v1777877720/gahoibandhu/dgvop1e665iwfcj6twry.jpg","Ghaziabad Holi Milan Samaroh - 3 May 2026","Ghaziabad Holi Milan Samaroh - 3 May 2026","Gaurav Reja","2026-05-04T06:55:22.869Z","2026-06-10T08:41:10.922Z"
"g1777877730965","https://res.cloudinary.com/dtcrife6i/image/upload/v1777877729/gahoibandhu/rdc7pbtbegyck4mx6gs7.jpg","Ghaziabad Holi Milan Samaroh - 3 May 2026","Ghaziabad Holi Milan Samaroh - 3 May 2026","Gaurav Reja","2026-05-04T06:55:31.388Z","2026-06-10T08:41:06.778Z"
"g1777877738131","https://res.cloudinary.com/dtcrife6i/image/upload/v1777877736/gahoibandhu/rbuwwiicjxia8nmatxjm.jpg","Ghaziabad Holi Milan Samaroh - 3 May 2026","Ghaziabad Holi Milan Samaroh - 3 May 2026","Gaurav Reja","2026-05-04T06:55:38.374Z",""
"g1777877744765","https://res.cloudinary.com/dtcrife6i/image/upload/v1777877743/gahoibandhu/vcs6ptgvjpgmwrhmkvvq.jpg","Ghaziabad Holi Milan Samaroh - 3 May 2026","Ghaziabad Holi Milan Samaroh - 3 May 2026","Gaurav Reja","2026-05-04T06:55:44.978Z",""
"g1777877752177","https://res.cloudinary.com/dtcrife6i/image/upload/v1777877750/gahoibandhu/xlxshi3awb7dedzom8vk.jpg","Ghaziabad Holi Milan Samaroh - 3 May 2026","Ghaziabad Holi Milan Samaroh - 3 May 2026","Gaurav Reja","2026-05-04T06:55:52.397Z",""
"g1777877759522","https://res.cloudinary.com/dtcrife6i/image/upload/v1777877757/gahoibandhu/a09i2cvu6wbf6nae9ghr.jpg","Ghaziabad Holi Milan Samaroh - 3 May 2026","Ghaziabad Holi Milan Samaroh - 3 May 2026","Gaurav Reja","2026-05-04T06:55:59.686Z","2026-06-11T10:07:56.227Z"
"g1777877764728","https://res.cloudinary.com/dtcrife6i/image/upload/v1777877763/gahoibandhu/gauzvs5xsfe6m20timuu.jpg","Ghaziabad Holi Milan Samaroh - 3 May 2026","Ghaziabad Holi Milan Samaroh - 3 May 2026","Gaurav Reja","2026-05-04T06:56:04.908Z","2026-05-06T09:52:25.465Z"
"g1777877771164","https://res.cloudinary.com/dtcrife6i/image/upload/v1777877769/gahoibandhu/n6fagl3xaky1qvykld69.jpg","Ghaziabad Holi Milan Samaroh - 3 May 2026","Ghaziabad Holi Milan Samaroh - 3 May 2026","Gaurav Reja","2026-05-04T06:56:11.271Z",""
"g1777877775586","https://res.cloudinary.com/dtcrife6i/image/upload/v1777877773/gahoibandhu/jtb7alkfbuawrfqu9icv.jpg","Ghaziabad Holi Milan Samaroh - 3 May 2026","Ghaziabad Holi Milan Samaroh - 3 May 2026","Gaurav Reja","2026-05-04T06:56:15.739Z","2026-05-06T09:52:00.684Z"
"g1777877782666","https://res.cloudinary.com/dtcrife6i/image/upload/v1777877780/gahoibandhu/mmmlpil24omr5by7qf7a.jpg","Ghaziabad Holi Milan Samaroh - 3 May 2026","Ghaziabad Holi Milan Samaroh - 3 May 2026","Gaurav Reja","2026-05-04T06:56:22.904Z",""
"g1777877795882","https://res.cloudinary.com/dtcrife6i/image/upload/v1777877793/gahoibandhu/vznhdkiasowem6pwkjsv.jpg","Ghaziabad Holi Milan Samaroh - 3 May 2026","Ghaziabad Holi Milan Samaroh - 3 May 2026","Gaurav Reja","2026-05-04T06:56:36.027Z","2026-05-06T09:51:52.664Z"
"g1777877800905","https://res.cloudinary.com/dtcrife6i/image/upload/v1777877799/gahoibandhu/cfrrndprtp5d5skrymqa.jpg","Ghaziabad Holi Milan Samaroh - 3 May 2026","Ghaziabad Holi Milan Samaroh - 3 May 2026","Gaurav Reja","2026-05-04T06:56:41.103Z","2026-05-06T09:52:22.754Z"
"g1777877806658","https://res.cloudinary.com/dtcrife6i/image/upload/v1777877805/gahoibandhu/swdga0qsavzpbrbzf2bt.jpg","Ghaziabad Holi Milan Samaroh - 3 May 2026","Ghaziabad Holi Milan Samaroh - 3 May 2026","Gaurav Reja","2026-05-04T06:56:47.116Z",""
"g1777877812148","https://res.cloudinary.com/dtcrife6i/image/upload/v1777877810/gahoibandhu/a6avzrslazdobg4lwbdv.jpg","Ghaziabad Holi Milan Samaroh - 3 May 2026","Ghaziabad Holi Milan Samaroh - 3 May 2026","Gaurav Reja","2026-05-04T06:56:52.303Z",""
"g1777877821432","https://res.cloudinary.com/dtcrife6i/image/upload/v1777877817/gahoibandhu/nvcuuyhx4bgua8wfxolq.jpg","Ghaziabad Holi Milan Samaroh - 3 May 2026","Ghaziabad Holi Milan Samaroh - 3 May 2026","Gaurav Reja","2026-05-04T06:57:01.563Z",""
"g1777877826449","https://res.cloudinary.com/dtcrife6i/image/upload/v1777877824/gahoibandhu/u6lxlymi26ddjtuosss6.jpg","Ghaziabad Holi Milan Samaroh - 3 May 2026","Ghaziabad Holi Milan Samaroh - 3 May 2026","Gaurav Reja","2026-05-04T06:57:06.706Z",""
"g1777877832139","https://res.cloudinary.com/dtcrife6i/image/upload/v1777877830/gahoibandhu/i8ij3gnqeudufje7o8rk.jpg","Ghaziabad Holi Milan Samaroh - 3 May 2026","Ghaziabad Holi Milan Samaroh - 3 May 2026","Gaurav Reja","2026-05-04T06:57:12.291Z",""
"g1777878202217","https://res.cloudinary.com/dtcrife6i/image/upload/v1777878200/gahoibandhu/fz1nde9tm6nxnfrwau7v.jpg","Ghaziabad Holi Milan Samaroh - 3 May 2026","Ghaziabad Holi Milan Samaroh - 3 May 2026","Gaurav Reja","2026-05-04T07:03:22.361Z","2026-06-11T10:09:32.926Z"
"g1777878206920","https://res.cloudinary.com/dtcrife6i/image/upload/v1777878205/gahoibandhu/e1smybp1ngbdwpzpekwo.jpg","Ghaziabad Holi Milan Samaroh - 3 May 2026","Ghaziabad Holi Milan Samaroh - 3 May 2026","Gaurav Reja","2026-05-04T07:03:27.055Z",""
"g1777878211592","https://res.cloudinary.com/dtcrife6i/image/upload/v1777878209/gahoibandhu/zh9vnwdenjk3vlplavdi.jpg","Ghaziabad Holi Milan Samaroh - 3 May 2026","Ghaziabad Holi Milan Samaroh - 3 May 2026","Gaurav Reja","2026-05-04T07:03:33.520Z",""
"g1777878218703","https://res.cloudinary.com/dtcrife6i/image/upload/v1777878216/gahoibandhu/jehltqe3bf6eioxudyb4.jpg","Ghaziabad Holi Milan Samaroh - 3 May 2026","Ghaziabad Holi Milan Samaroh - 3 May 2026","Gaurav Reja","2026-05-04T07:03:38.952Z","2026-06-11T10:09:31.295Z"
"g1777878224002","https://res.cloudinary.com/dtcrife6i/image/upload/v1777878221/gahoibandhu/avvpotmaxekcb34r22pg.jpg","Ghaziabad Holi Milan Samaroh - 3 May 2026","Ghaziabad Holi Milan Samaroh - 3 May 2026","Gaurav Reja","2026-05-04T07:03:44.174Z",""
"g1777878230025","https://res.cloudinary.com/dtcrife6i/image/upload/v1777878227/gahoibandhu/iuqfbsqgflybe4ih8ebi.jpg","Ghaziabad Holi Milan Samaroh - 3 May 2026","Ghaziabad Holi Milan Samaroh - 3 May 2026","Gaurav Reja","2026-05-04T07:03:50.257Z",""
"g1777878235304","https://res.cloudinary.com/dtcrife6i/image/upload/v1777878233/gahoibandhu/hoffe5zvsysibnk9us2q.jpg","Ghaziabad Holi Milan Samaroh - 3 May 2026","Ghaziabad Holi Milan Samaroh - 3 May 2026","Gaurav Reja","2026-05-04T07:03:55.497Z","2026-06-10T08:40:52.653Z"
"g1777878241269","https://res.cloudinary.com/dtcrife6i/image/upload/v1777878238/gahoibandhu/udjbjpwtv5euiiclnrrz.jpg","Ghaziabad Holi Milan Samaroh - 3 May 2026","Ghaziabad Holi Milan Samaroh - 3 May 2026","Gaurav Reja","2026-05-04T07:04:01.428Z","2026-06-11T10:09:01.924Z"
"g1777878247395","https://res.cloudinary.com/dtcrife6i/image/upload/v1777878244/gahoibandhu/yx2fbpx5k4amuzafhpqi.jpg","Ghaziabad Holi Milan Samaroh - 3 May 2026","Ghaziabad Holi Milan Samaroh - 3 May 2026","Gaurav Reja","2026-05-04T07:04:07.577Z","2026-05-04T08:11:15.463Z"
"g1777878252756","https://res.cloudinary.com/dtcrife6i/image/upload/v1777878250/gahoibandhu/htfkb39fx75raqjl1qsq.jpg","Ghaziabad Holi Milan Samaroh - 3 May 2026","Ghaziabad Holi Milan Samaroh - 3 May 2026","Gaurav Reja","2026-05-04T07:04:12.931Z","2026-05-04T08:10:58.152Z"
"g1777878258356","https://res.cloudinary.com/dtcrife6i/image/upload/v1777878254/gahoibandhu/vobooxcuyyhmled0ppfw.jpg","Ghaziabad Holi Milan Samaroh - 3 May 2026","Ghaziabad Holi Milan Samaroh - 3 May 2026","Gaurav Reja","2026-05-04T07:04:18.580Z","2026-06-10T08:40:55.327Z"
"g1777878264151","https://res.cloudinary.com/dtcrife6i/image/upload/v1777878260/gahoibandhu/avpciweh4upkcwbvtcgi.jpg","Ghaziabad Holi Milan Samaroh - 3 May 2026","Ghaziabad Holi Milan Samaroh - 3 May 2026","Gaurav Reja","2026-05-04T07:04:24.385Z",""
"g1777878271556","https://res.cloudinary.com/dtcrife6i/image/upload/v1777878268/gahoibandhu/batdsgqrqb49nze1pc4x.jpg","Ghaziabad Holi Milan Samaroh - 3 May 2026","Ghaziabad Holi Milan Samaroh - 3 May 2026","Gaurav Reja","2026-05-04T07:04:31.702Z","2026-06-11T10:09:15.353Z"
"g1777878274976","https://res.cloudinary.com/dtcrife6i/image/upload/v1777878273/gahoibandhu/dorla7ydfpl814eddzrk.jpg","Ghaziabad Holi Milan Samaroh - 3 May 2026","Ghaziabad Holi Milan Samaroh - 3 May 2026","Gaurav Reja","2026-05-04T07:04:35.147Z","2026-06-10T08:37:51.170Z"
"g1777878281128","https://res.cloudinary.com/dtcrife6i/image/upload/v1777878277/gahoibandhu/ynczup47uz5kdwog8oew.jpg","Ghaziabad Holi Milan Samaroh - 3 May 2026","Ghaziabad Holi Milan Samaroh - 3 May 2026","Gaurav Reja","2026-05-04T07:04:41.340Z","2026-06-10T08:37:47.453Z"
"g1777878287224","https://res.cloudinary.com/dtcrife6i/image/upload/v1777878283/gahoibandhu/ot5yvsjoevvu4zybyaic.jpg","Ghaziabad Holi Milan Samaroh - 3 May 2026","Ghaziabad Holi Milan Samaroh - 3 May 2026","Gaurav Reja","2026-05-04T07:04:47.401Z",""
"g1777878295642","https://res.cloudinary.com/dtcrife6i/image/upload/v1777878291/gahoibandhu/wurb1lyi1enydzhrrh8p.jpg","Ghaziabad Holi Milan Samaroh - 3 May 2026","Ghaziabad Holi Milan Samaroh - 3 May 2026","Gaurav Reja","2026-05-04T07:04:58.037Z",""
"g1777878303585","https://res.cloudinary.com/dtcrife6i/image/upload/v1777878301/gahoibandhu/w9xl1shrkbmphg98bjn3.jpg","Ghaziabad Holi Milan Samaroh - 3 May 2026","Ghaziabad Holi Milan Samaroh - 3 May 2026","Gaurav Reja","2026-05-04T07:05:03.737Z",""
"g1777878308932","https://res.cloudinary.com/dtcrife6i/image/upload/v1777878306/gahoibandhu/x6imxsx5mjvsnx3m8sks.jpg","Ghaziabad Holi Milan Samaroh - 3 May 2026","Ghaziabad Holi Milan Samaroh - 3 May 2026","Gaurav Reja","2026-05-04T07:05:09.186Z","2026-06-11T10:07:32.741Z"
"g1777878315390","https://res.cloudinary.com/dtcrife6i/image/upload/v1777878311/gahoibandhu/j4asteha0b3ljpi1ryu5.jpg","Ghaziabad Holi Milan Samaroh - 3 May 2026","Ghaziabad Holi Milan Samaroh - 3 May 2026","Gaurav Reja","2026-05-04T07:05:15.535Z","2026-05-04T08:10:34.180Z"
"g1777878318996","https://res.cloudinary.com/dtcrife6i/image/upload/v1777878317/gahoibandhu/hxi3gzxzcyf5oyqln0ox.jpg","Ghaziabad Holi Milan Samaroh - 3 May 2026","Ghaziabad Holi Milan Samaroh - 3 May 2026","Gaurav Reja","2026-05-04T07:05:19.217Z",""
"g1777878324383","https://res.cloudinary.com/dtcrife6i/image/upload/v1777878321/gahoibandhu/mj2qexizeayofpwx9usl.jpg","Ghaziabad Holi Milan Samaroh - 3 May 2026","Ghaziabad Holi Milan Samaroh - 3 May 2026","Gaurav Reja","2026-05-04T07:05:24.591Z","2026-06-10T17:47:35.537Z"
"g1777878328830","https://res.cloudinary.com/dtcrife6i/image/upload/v1777878326/gahoibandhu/vabb41wpxpnzbqjnar0z.jpg","Ghaziabad Holi Milan Samaroh - 3 May 2026","Ghaziabad Holi Milan Samaroh - 3 May 2026","Gaurav Reja","2026-05-04T07:05:29.108Z","2026-06-10T08:37:31.758Z"