"ID","Date","Type","Description","Amount","Category","AddedBy","Timestamp"
"led1778297173238","2026-05-09 00:00:00","income","Balance carry frward","23917","Old","dendthdel@gmail.com","2026-05-09T03:26:13.238Z"
"led1778297203925","2026-05-09 00:00:00","income","1000 Rs. Member","19000","Except Gagan Chhiroliya","dendthdel@gmail.com","2026-05-09T03:26:43.925Z"
"led1778297249311","2026-05-09 00:00:00","expense","Flower Boquet","350","Kshitij Innaugration","dendthdel@gmail.com","2026-05-09T03:27:29.311Z"
"led1778392756415","2026-05-10 00:00:00","expense","Meeting expenses","4195","Chai samosa party","dendthdel@gmail.com","2026-05-10T05:59:16.415Z"
"led1778402580959","2026-05-10 00:00:00","income","Contribution","1000","Gagan","dendthdel@gmail.com","2026-05-10T08:43:00.959Z"
"led1781421289167","2026-06-14 00:00:00","expense","Porter for banner","148","Porter","dendthdel@gmail.com","2026-06-14T07:14:49.167Z"
"led1781421341458","2026-06-14 00:00:00","income","Donation received cash","500","Rajni Gahoi","dendthdel@gmail.com","2026-06-14T07:15:41.458Z"
"led1781421375186","2026-06-14 00:00:00","income","Donation Rcvd","100","Mahesh Seth","dendthdel@gmail.com","2026-06-14T07:16:15.186Z"
"led1781421407487","2026-06-14 00:00:00","expense","Rooh afza","1288","8 Bottle","dendthdel@gmail.com","2026-06-14T07:16:47.487Z"
"led1781427022469","2026-06-14 00:00:00","expense","Chhabil Expenses","6550","Soumya catering","dendthdel@gmail.com","2026-06-14T08:50:22.470Z"
"led1781427080336","2026-06-14 00:00:00","income","Amit Neekhra","1001","Core","dendthdel@gmail.com","2026-06-14T08:51:20.336Z"
"led1781429219207","2026-06-14 00:00:00","expense","Banner","500","Kshitij","dendthdel@gmail.com","2026-06-14T09:26:59.207Z"
"led1781429252575","2026-06-14 00:00:00","expense","Patka","300","Kshitij","dendthdel@gmail.com","2026-06-14T09:27:32.575Z"
"led1781430451132","2026-06-14 00:00:00","expense","Cake","1600","4 cakes","dendthdel@gmail.com","2026-06-14T09:47:31.132Z"
"led1785553268612","2026-08-01 00:00:00","expense","Gift for Kavi Sammelan","2100","Gift purchase","dendthdel@gmail.com","2026-08-01T03:01:08.612Z"
"led1785553300961","2026-08-01 00:00:00","expense","Porter","350","Gaurav","dendthdel@gmail.com","2026-08-01T03:01:40.961Z"
"led1785553339162","2026-08-01 00:00:00","expense","Sammelan gift","3500","Kavi gift","dendthdel@gmail.com","2026-08-01T03:02:19.162Z"
"led1785579928568","2026-08-01 00:00:00","income","Program Contribution","4000","Sumit Gupta Noida","dendthdel@gmail.com","2026-08-01T10:25:28.568Z"
"led1785579956913","2026-08-01 00:00:00","income","Program Contribution","5100","Anmol","dendthdel@gmail.com","2026-08-01T10:25:56.913Z"
"led1785580040401","2026-08-01 00:00:00","income","Program Contribution","2000","Rohit Rusia","dendthdel@gmail.com","2026-08-01T10:27:20.401Z"
"led1785625066099","2026-08-01 00:00:00","expense","Cake and bouquet","1850","Kshitij","dendthdel@gmail.com","2026-08-01T22:57:46.099Z"
"led1785625205023","2026-08-01 00:00:00","income","Core Collection","20100","19 person","dendthdel@gmail.com","2026-08-01T23:00:05.023Z"
"led1785625205024","2026-08-02 00:00:00","income","Program Contribution","5100","CA Shyam JI Seth","dendthdel@gmail.com","2026-08-02T10:27:20.401Z"
"led1785625205025","2026-08-02 00:00:00","income","Program Contribution","5100","Surender Kharya","dendthdel@gmail.com","2026-08-02T10:27:20.401Z"
"led1785625205026","2026-08-02 00:00:00","income","Program Contribution","21000","Rupal Bilaiya","dendthdel@gmail.com","2026-08-02T10:27:20.401Z"
"led1785625205027","2026-08-02 00:00:00","income","Program Contribution","500","Pramod Kankane","dendthdel@gmail.com","2026-08-02T10:27:20.401Z"
"led1785625205028","2026-08-04 00:00:00","expense","Banner & Standy","4700","Madhur Khard","dendthdel@gmail.com","2026-08-04T22:57:46.099Z"
"led1785625205029","2026-08-04 00:00:00","expense","Hall Booking","5000","Pramod Bilaiya","dendthdel@gmail.com","2026-08-04T22:57:46.099Z"
"led1785625205030","2026-08-04 00:00:00","expense","Flower and Mala","850","Gaurav Rawat","dendthdel@gmail.com","2026-08-04T22:57:46.099Z"
"led1785625205031","2026-08-04 00:00:00","expense","Caterring","31000","Sonu","dendthdel@gmail.com","2026-08-04T22:57:46.099Z"
"led1785625205032","2026-08-04 00:00:00","expense","Photographer & Porter","2136","Pramod Bilaiya","dendthdel@gmail.com","2026-08-04T22:57:46.099Z"
"led1785863176242","2026-08-04 00:00:00","income","Program Contribution","1100","R K Gupta Kuchiya","dendthdel@gmail.com","2026-08-04T17:06:16.242Z"
"led1787194148624","2026-08-16 00:00:00","expense","Club House","5000","Mahila Mandal Program","dendthdel@gmail.com","2026-08-20T02:49:08.624Z"
"led1787194200710","2026-08-16 00:00:00","income","Contribution Rcvd","14000","From Mahila Mandal","dendthdel@gmail.com","2026-08-20T02:50:00.710Z"
"led1787194238145","2026-08-20 00:00:00","expense","Catering and tent","22000","Sonu","dendthdel@gmail.com","2026-08-20T02:50:38.145Z"
"led1787413486413","2026-08-22 00:00:00","income","Mahila Mandal Contribution","4504","Remaining","dendthdel@gmail.com","2026-08-22T15:44:46.413Z"
"led1789886687129","2026-09-20 00:00:00","expense","General Meet","1005","","dendthdel@gmail.com","2026-09-20T06:44:47.129Z"
"led1790518144227","2026-09-27 00:00:00","expense","Caterring","36000","","dendthdel@gmail.com","2026-09-27T14:09:04.227Z"
"led1790518189414","2026-09-27 00:00:00","expense","Sonu - Tent and Music","5000","","dendthdel@gmail.com","2026-09-27T14:09:49.414Z"
"led1790518525582","2026-09-27 00:00:00","income","47 Member Collection 1100","51700","","dendthdel@gmail.com","2026-09-27T14:15:25.582Z"
"led1790518602895","2026-09-27 00:00:00","expense","Choclate","780","","dendthdel@gmail.com","2026-09-27T14:16:42.895Z"
"led1790518707311","2026-09-27 00:00:00","expense","Flower Mala","50","","dendthdel@gmail.com","2026-09-27T14:18:27.311Z"
"led1790518851970","2026-09-27 00:00:00","expense","Game Samaan","80","","dendthdel@gmail.com","2026-09-27T14:20:51.971Z"
"led1790518893911","2026-09-27 00:00:00","expense","Club House Booking","13300","","dendthdel@gmail.com","2026-09-27T14:21:33.911Z"
"led1790689337922","2026-09-29 00:00:00","expense","Dal bati restaurant pending","1500","","dendthdel@gmail.com","2026-09-29T13:42:17.922Z"
"led1791031132219","2026-09-27 00:00:00","income","Contribution 2 person","2200","","dendthdel@gmail.com","2026-10-03T12:38:52.219Z"
"led1791031176666","2026-10-03 00:00:00","expense","Sonu Catering for tent","2000","","dendthdel@gmail.com","2026-10-03T12:39:36.666Z"
"led1791031220014","2026-10-03 00:00:00","income","Club house refund","3790","","dendthdel@gmail.com","2026-10-03T12:40:20.014Z"