"Email","LoginTime","Name","Photo","GahoiId","City","Page"
"guptarajedra6135@gmail.com","2026-09-09T05:52:30.158Z","राजेन्द्र प्रसाद सेठ","https://res.cloudinary.com/dtcrife6i/image/upload/c_fill,g_face,w_600,h_600/f_auto,q_auto/v1788451073/gahoibandhu/znvycg7nqxzth9zsy7cj.png","GP00000285","Chandra Nagar","login"
"guptarajedra6135@gmail.com","2026-09-09T06:09:32.443Z","राजेन्द्र प्रसाद सेठ","https://res.cloudinary.com/dtcrife6i/image/upload/c_fill,g_face,w_600,h_600/f_auto,q_auto/v1788451073/gahoibandhu/znvycg7nqxzth9zsy7cj.png","GP00000285","Chandra Nagar","login"
"ankitreja@gmail.com","2026-09-10T03:59:50.449Z","Ankit Reja","","GP00000004","Jhansi","login"
"ankitreja@gmail.com","2026-09-10T04:16:34.236Z","Ankit Reja","","GP00000004","Jhansi","login"
"saurabh.court@gmail.com","2026-09-10T13:11:18.716Z","Saurabh kharya","","GP00000168","Chhatarpur","login"
"harshsijariya33@gmail.com","2026-09-11T15:36:26.816Z","Harsh Sijariya","https://lh3.googleusercontent.com/a/ACg8ocKQj2t4AIlPOYqzy2tTNEHegLWK8GrhCDWClqB4sc2ER3iUmA=s96-c","GP00000320","Barauri","login"
"fundm76@gmail.com","2026-09-12T01:48:02.246Z","Manoj kumar gupta","","GP00000321","Gwalior","login"
"fundm76@gmail.com","2026-09-12T01:59:38.696Z","Manoj kumar gupta","","GP00000321","Gwalior","login"
"gauravrawat987@gmail.com","2026-09-12T03:53:17.193Z","Gaurav Rawat","https://res.cloudinary.com/dtcrife6i/image/upload/v1776661547/gahoibandhu/zgxlhjstzfwlq7qbfvrj.jpg","GP00000009","Greater Noida West","login"
"gauravrawat987@gmail.com","2026-09-12T03:53:31.754Z","Gaurav Rawat","https://res.cloudinary.com/dtcrife6i/image/upload/v1776661547/gahoibandhu/zgxlhjstzfwlq7qbfvrj.jpg","GP00000009","Greater Noida West","login"
"gauravrawat987@gmail.com","2026-09-12T03:53:36.354Z","Gaurav Rawat","https://res.cloudinary.com/dtcrife6i/image/upload/v1776661547/gahoibandhu/zgxlhjstzfwlq7qbfvrj.jpg","GP00000009","Greater Noida West","login"
"gauravrawat987@gmail.com","2026-09-12T03:54:49.698Z","Gaurav Rawat","https://res.cloudinary.com/dtcrife6i/image/upload/v1776661547/gahoibandhu/zgxlhjstzfwlq7qbfvrj.jpg","GP00000009","Greater Noida West","login"
"gauravrawat987@gmail.com","2026-09-12T03:55:23.758Z","Gaurav Rawat","https://res.cloudinary.com/dtcrife6i/image/upload/v1776661547/gahoibandhu/zgxlhjstzfwlq7qbfvrj.jpg","GP00000009","Greater Noida West","login"
"gauravrawat987@gmail.com","2026-09-12T03:55:28.978Z","Gaurav Rawat","https://res.cloudinary.com/dtcrife6i/image/upload/v1776661547/gahoibandhu/zgxlhjstzfwlq7qbfvrj.jpg","GP00000009","Greater Noida West","login"
"gauravrawat987@gmail.com","2026-09-12T03:56:42.990Z","Gaurav Rawat","https://res.cloudinary.com/dtcrife6i/image/upload/v1776661547/gahoibandhu/zgxlhjstzfwlq7qbfvrj.jpg","GP00000009","Greater Noida West","login"
"utkarshgupta9554@gmail.com","2026-09-12T04:32:56.224Z","Utkarsh Gupta","https://lh3.googleusercontent.com/a/ACg8ocKLP3TZ0uXiPUC3QGVDxSU6Bcw33of7RdJmEz3TG1M8ailMIdAmkw=s96-c","GP00000323","Jalaun","login"
"guptasureshchandra011@gmail.com","2026-09-12T06:50:04.294Z","Sureshchandra Gupta","","GP00000324","Hamirpur","login"
"dendthdel@gmail.com","2026-09-12T07:33:47.727Z","Gaurav Reja","https://res.cloudinary.com/dtcrife6i/image/upload/v1773063559/gahoibandhu/btcaot1wzgloesty4pj2.jpg","GP00000001","Greater Noida West","login"
"gauravrawat987@gmail.com","2026-09-12T11:33:57.738Z","Gaurav Rawat","https://res.cloudinary.com/dtcrife6i/image/upload/v1776661547/gahoibandhu/zgxlhjstzfwlq7qbfvrj.jpg","GP00000009","Greater Noida West","login"
"gauravrawat987@gmail.com","2026-09-12T11:34:36.877Z","Gaurav Rawat","https://res.cloudinary.com/dtcrife6i/image/upload/v1776661547/gahoibandhu/zgxlhjstzfwlq7qbfvrj.jpg","GP00000009","Greater Noida West","login"
"gauravrawat987@gmail.com","2026-09-12T11:35:02.027Z","Gaurav Rawat","https://res.cloudinary.com/dtcrife6i/image/upload/v1776661547/gahoibandhu/zgxlhjstzfwlq7qbfvrj.jpg","GP00000009","Greater Noida West","login"
"gauravrawat987@gmail.com","2026-09-12T11:37:32.417Z","Gaurav Rawat","https://res.cloudinary.com/dtcrife6i/image/upload/v1776661547/gahoibandhu/zgxlhjstzfwlq7qbfvrj.jpg","GP00000009","Greater Noida West","login"
"gauravrawat987@gmail.com","2026-09-12T16:48:14.812Z","Gaurav Rawat","https://res.cloudinary.com/dtcrife6i/image/upload/v1776661547/gahoibandhu/zgxlhjstzfwlq7qbfvrj.jpg","GP00000009","Greater Noida West","login"
"abhishekgupta29@hotmail.com","2026-09-12T17:21:07.920Z","Abhishek Kumar Gupta","https://res.cloudinary.com/dtcrife6i/image/upload/w_600,h_600,c_fill,g_face,q_auto,f_auto/v1778507813/gahoibandhu/x76dsfx3jjth8j1f9fpb.jpg","GP00000051","Greater Noida West","login"
"shubhanshu2009@gmail.com","2026-09-12T18:51:30.262Z","Shubhanshu Gupta","https://lh3.googleusercontent.com/a/ACg8ocKIW7VvDdTc7iiz2wMP0Z81AHxi-arRhhtiEFJERJleY3suwDwg=s96-c","GP00000326","Gautam Buddha Nagar","login"
"shubhanshu2009@gmail.com","2026-09-12T18:54:57.575Z","Shubhanshu Gupta","https://lh3.googleusercontent.com/a/ACg8ocKIW7VvDdTc7iiz2wMP0Z81AHxi-arRhhtiEFJERJleY3suwDwg=s96-c","GP00000326","Gautam Buddha Nagar","login"
"shubhanshu2009@gmail.com","2026-09-12T18:57:04.058Z","Shubhanshu Gupta","https://lh3.googleusercontent.com/a/ACg8ocKIW7VvDdTc7iiz2wMP0Z81AHxi-arRhhtiEFJERJleY3suwDwg=s96-c","GP00000326","Gautam Buddha Nagar","login"
"shubhanshu2009@gmail.com","2026-09-12T18:58:13.186Z","Shubhanshu Gupta","https://lh3.googleusercontent.com/a/ACg8ocKIW7VvDdTc7iiz2wMP0Z81AHxi-arRhhtiEFJERJleY3suwDwg=s96-c","GP00000326","Gautam Buddha Nagar","login"
"dendthdel@gmail.com","2026-09-13T03:34:11.372Z","Gaurav Reja","https://res.cloudinary.com/dtcrife6i/image/upload/v1773063559/gahoibandhu/btcaot1wzgloesty4pj2.jpg","GP00000001","Greater Noida West","login"
"gauravrawat987@gmail.com","2026-09-13T03:39:53.017Z","Gaurav Rawat","https://res.cloudinary.com/dtcrife6i/image/upload/v1776661547/gahoibandhu/zgxlhjstzfwlq7qbfvrj.jpg","GP00000009","Greater Noida West","login"
"gauravrawat987@gmail.com","2026-09-13T04:41:34.204Z","Gaurav Rawat","https://res.cloudinary.com/dtcrife6i/image/upload/v1776661547/gahoibandhu/zgxlhjstzfwlq7qbfvrj.jpg","GP00000009","Greater Noida West","login"
"gauravrawat987@gmail.com","2026-09-13T04:42:21.675Z","Gaurav Rawat","https://res.cloudinary.com/dtcrife6i/image/upload/v1776661547/gahoibandhu/zgxlhjstzfwlq7qbfvrj.jpg","GP00000009","Greater Noida West","login"
"gauravrawat987@gmail.com","2026-09-13T04:42:25.990Z","Gaurav Rawat","https://res.cloudinary.com/dtcrife6i/image/upload/v1776661547/gahoibandhu/zgxlhjstzfwlq7qbfvrj.jpg","GP00000009","Greater Noida West","login"
"gauravrawat987@gmail.com","2026-09-13T06:01:21.150Z","Gaurav Rawat","https://res.cloudinary.com/dtcrife6i/image/upload/v1776661547/gahoibandhu/zgxlhjstzfwlq7qbfvrj.jpg","GP00000009","Greater Noida West","login"
"deepeshgupta0175@gmail.com","2026-09-13T08:17:10.074Z","Deepesh","","GP00000328","Tikamgarh","login"
"deepeshgupta0175@gmail.com","2026-09-13T08:17:17.046Z","Deepesh","","GP00000328","Tikamgarh","login"
"deepeshgupta0175@gmail.com","2026-09-13T08:18:45.167Z","Deepesh","","GP00000328","Tikamgarh","login"
"deepeshgupta0175@gmail.com","2026-09-13T08:19:56.874Z","Deepesh","","GP00000328","Tikamgarh","login"
"deepeshgupta0175@gmail.com","2026-09-13T08:31:18.244Z","Deepesh","","GP00000328","Tikamgarh","login"
"deepeshgupta0175@gmail.com","2026-09-13T08:33:53.244Z","Deepesh","","GP00000328","Tikamgarh","login"
"deepeshgupta0175@gmail.com","2026-09-13T08:37:05.652Z","Deepesh","","GP00000328","Tikamgarh","login"
"adiebkh@gmail.com","2026-09-13T09:15:46.381Z","G.B. GUPTA","","GP00000327","Bhopal","login"
"adiebkh@gmail.com","2026-09-13T09:16:41.664Z","G.B. GUPTA","","GP00000327","Bhopal","login"
"adiebkh@gmail.com","2026-09-13T09:17:36.347Z","G.B. GUPTA","","GP00000327","Bhopal","login"
"adiebkh@gmail.com","2026-09-13T09:17:43.463Z","G.B. GUPTA","","GP00000327","Bhopal","login"
"adiebkh@gmail.com","2026-09-13T09:17:51.253Z","G.B. GUPTA","","GP00000327","Bhopal","login"
"deepeshgupta0175@gmail.com","2026-09-13T09:20:23.668Z","Deepesh","","GP00000328","Tikamgarh","login"
"deepeshgupta0175@gmail.com","2026-09-13T09:24:30.310Z","Deepesh","","GP00000328","Tikamgarh","login"
"deepeshgupta0175@gmail.com","2026-09-13T09:26:42.378Z","Deepesh","","GP00000328","Tikamgarh","login"
"deepeshgupta0175@gmail.com","2026-09-13T09:34:28.604Z","Deepesh","","GP00000328","Tikamgarh","login"
"deepeshgupta0175@gmail.com","2026-09-13T09:51:03.178Z","Deepesh","","GP00000328","Tikamgarh","login"
"deepeshgupta0175@gmail.com","2026-09-13T09:56:27.756Z","Deepesh","","GP00000328","Tikamgarh","login"
"deepeshgupta0175@gmail.com","2026-09-13T09:58:18.925Z","Deepesh","","GP00000328","Tikamgarh","login"
"deepeshgupta0175@gmail.com","2026-09-13T11:28:02.722Z","Deepesh","","GP00000328","Tikamgarh","login"
"deepeshgupta0175@gmail.com","2026-09-13T11:31:23.489Z","Deepesh","","GP00000328","Tikamgarh","login"
"adiebkh@gmail.com","2026-09-13T16:09:12.048Z","G.B. GUPTA","https://res.cloudinary.com/dtcrife6i/image/upload/c_fill,g_face,w_600,h_600/f_auto,q_auto/v1789291581/gahoibandhu/ry8hcxvaa7x4borgyi7n.jpg","GP00000327","Bhopal","login"
"adiebkh@gmail.com","2026-09-13T16:11:15.678Z","G.B. GUPTA","https://res.cloudinary.com/dtcrife6i/image/upload/c_fill,g_face,w_600,h_600/f_auto,q_auto/v1789291581/gahoibandhu/ry8hcxvaa7x4borgyi7n.jpg","GP00000327","Bhopal","login"
"adiebkh@gmail.com","2026-09-13T16:11:39.599Z","G.B. GUPTA","https://res.cloudinary.com/dtcrife6i/image/upload/c_fill,g_face,w_600,h_600/f_auto,q_auto/v1789291581/gahoibandhu/ry8hcxvaa7x4borgyi7n.jpg","GP00000327","Bhopal","login"
"adiebkh@gmail.com","2026-09-13T16:21:36.819Z","G.B. GUPTA","https://res.cloudinary.com/dtcrife6i/image/upload/c_fill,g_face,w_600,h_600/f_auto,q_auto/v1789291581/gahoibandhu/ry8hcxvaa7x4borgyi7n.jpg","GP00000327","Bhopal","login"
"guptamuskan30420@gmail.com","2026-09-14T05:15:56.741Z","Muskaan Gupta","https://res.cloudinary.com/dtcrife6i/image/upload/c_fill,g_face,w_600,h_600/f_auto,q_auto/v1784957964/gahoibandhu/jni6sv7qqpxxuksxfosa.jpg","GP00000182","Delhi","login"
"guptarajedra6135@gmail.com","2026-09-14T17:23:15.466Z","राजेन्द्र प्रसाद सेठ","https://res.cloudinary.com/dtcrife6i/image/upload/c_fill,g_face,w_600,h_600/f_auto,q_auto/v1788451073/gahoibandhu/znvycg7nqxzth9zsy7cj.png","GP00000285","Chandra Nagar","login"
"ramprakashmor12@gmail.com","2026-09-15T06:04:48.168Z","Dhruv Mor","","GP00000228","Chhatarpur","login"
"ramprakashmor12@gmail.com","2026-09-15T06:05:08.275Z","Dhruv Mor","","GP00000228","Chhatarpur","login"
"shekhargupta0987@gmail.com","2026-09-15T10:25:42.720Z","Shekhar Gupta","https://res.cloudinary.com/dtcrife6i/image/upload/c_fill,g_face,w_600,h_600/f_auto,q_auto/v1785175230/gahoibandhu/jqqurzwdm1bptnkdprzy.png","GP00000293","Ubora","login"
"Viswari@gmail.com","2026-09-15T18:09:57.743Z","Anuj Viswari","https://res.cloudinary.com/dtcrife6i/image/upload/w_600,h_600,c_fill,g_face,q_auto,f_auto/v1778491370/gahoibandhu/i3qh5wce73qh6v4odklf.jpg","GP00000005","Greater Noida West","login"
"Viswari@gmail.com","2026-09-15T18:10:03.556Z","Anuj Viswari","https://res.cloudinary.com/dtcrife6i/image/upload/w_600,h_600,c_fill,g_face,q_auto,f_auto/v1778491370/gahoibandhu/i3qh5wce73qh6v4odklf.jpg","GP00000005","Greater Noida West","login"
"vikasneekhra44@gmail.com","2026-09-16T07:06:35.969Z","Vikas Neekhra","https://lh3.googleusercontent.com/a/ACg8ocJKkrw4SBRUk-aOK2LPS_ryy1dop2W-fl2yD_JAVvyyRWSd1Q=s96-c","GP00000330","Ghaziabad","login"
"vikasneekhra44@gmail.com","2026-09-16T07:06:43.479Z","Vikas Neekhra","https://lh3.googleusercontent.com/a/ACg8ocJKkrw4SBRUk-aOK2LPS_ryy1dop2W-fl2yD_JAVvyyRWSd1Q=s96-c","GP00000330","Ghaziabad","login"
"vikasneekhra44@gmail.com","2026-09-16T07:10:31.364Z","Vikas Neekhra","https://lh3.googleusercontent.com/a/ACg8ocJKkrw4SBRUk-aOK2LPS_ryy1dop2W-fl2yD_JAVvyyRWSd1Q=s96-c","GP00000330","Ghaziabad","login"
"ankitreja@gmail.com","2026-09-16T12:33:33.114Z","Ankit Reja","","GP00000004","Jhansi","login"
"ankitreja@gmail.com","2026-09-16T12:35:52.026Z","Ankit Reja","","GP00000004","Jhansi","login"
"ankitreja@gmail.com","2026-09-16T12:39:21.199Z","Ankit Reja","","GP00000004","Jhansi","login"
"suhaneprince5@gmail.com","2026-09-17T17:46:27.287Z","prince suhane","https://lh3.googleusercontent.com/a/ACg8ocL4cY9WK8mI6pnc4zTDj8UU_o0x5bp3o4wcDspg6QsmSkY6fOU=s96-c","GP00000280","Bhopal","login"
"sandy2010@gmail.com","2026-09-18T10:16:18.186Z","SANDEEP KUMAR Gupta","","GP00000016","Greater Noida West","login"
"mmmgreno@gmail.com","2026-09-18T13:57:27.806Z","Sanjiv Kumar Sohane","https://res.cloudinary.com/dtcrife6i/image/upload/w_600,h_600,c_fill,g_face,q_auto,f_auto/v1778574716/gahoibandhu/zmbubdycdoqernaf8s4r.jpg","GP00000033","Greater Noida","login"
"dishaashokguptagupta@gmail.com","2026-09-18T16:36:38.371Z","Disha Ashokji Gupta","https://res.cloudinary.com/dtcrife6i/image/upload/c_fill,g_face,w_600,h_600/f_auto,q_auto/v1787592560/gahoibandhu/vwznw4bpf00jyycncvlp.png","GP00000299","Wardha","login"
"dishaashokguptagupta@gmail.com","2026-09-18T16:36:49.311Z","Disha Ashokji Gupta","https://res.cloudinary.com/dtcrife6i/image/upload/c_fill,g_face,w_600,h_600/f_auto,q_auto/v1787592560/gahoibandhu/vwznw4bpf00jyycncvlp.png","GP00000299","Wardha","login"
"shivamrejaasia@gmail.com","2026-09-18T17:04:59.399Z","Shivam Reja","https://lh3.googleusercontent.com/a/ACg8ocK_8BAquTdAPWqZziCTIOgzTwshGpAyhaFFhENMxY5MzrAzaQNw=s96-c","GP00000331","Indore","login"
"shivamrejaasia@gmail.com","2026-09-18T17:05:02.680Z","Shivam Reja","https://lh3.googleusercontent.com/a/ACg8ocK_8BAquTdAPWqZziCTIOgzTwshGpAyhaFFhENMxY5MzrAzaQNw=s96-c","GP00000331","Indore","login"
"shivamrejaasia@gmail.com","2026-09-18T17:05:20.270Z","Shivam Reja","https://lh3.googleusercontent.com/a/ACg8ocK_8BAquTdAPWqZziCTIOgzTwshGpAyhaFFhENMxY5MzrAzaQNw=s96-c","GP00000331","Indore","login"
"askraa100@gmail.com","2026-09-19T06:02:37.036Z","Ayushi Gupta","","GP00000332","Churkhi","login"
"manojgupta17855@gmail.com","2026-09-19T07:20:07.106Z","Manoj Kumar Gupta","https://lh3.googleusercontent.com/a/ACg8ocK9S87s9VDQzLaHTfcIApk5jsyhMx7IZ4qVMuEq_bmaIGDO9RV-=s96-c","GP00000333","Shivpuri","login"
"seth641580@gmail.com","2026-09-19T07:41:33.266Z","Archna gupta","","GP00000334","Jhansi","login"
"seth641580@gmail.com","2026-09-19T07:41:39.203Z","Archna gupta","","GP00000334","Jhansi","login"
"seth641580@gmail.com","2026-09-19T07:42:17.385Z","Archna gupta","","GP00000334","Jhansi","login"
"seth641580@gmail.com","2026-09-19T07:46:42.870Z","Archna gupta","","GP00000334","Jhansi","login"
"seth641580@gmail.com","2026-09-19T07:49:55.932Z","Archna gupta","","GP00000334","Jhansi","login"
"seth641580@gmail.com","2026-09-19T07:54:32.901Z","Archna gupta","","GP00000334","Jhansi","login"
"rishiaimlb.techgupta@gmail.com","2026-09-19T10:45:37.348Z","Rishi Gupta","","GP00000335","Mandla","login"
"rishiaimlb.techgupta@gmail.com","2026-09-19T10:52:59.526Z","Rishi Gupta","","GP00000335","Mandla","login"
"rishiaimlb.techgupta@gmail.com","2026-09-19T10:53:46.404Z","Rishi Gupta","","GP00000335","Mandla","login"
"rishiaimlb.techgupta@gmail.com","2026-09-19T10:57:19.496Z","Rishi Gupta","","GP00000335","Mandla","login"
"seth641580@gmail.com","2026-09-19T11:00:06.864Z","Archna gupta","","GP00000334","Jhansi","login"
"jeetugupta00185@gmail.com","2026-09-20T02:39:22.448Z","Jitendra Gupta","","GP00000336","Gwalior","login"
"jeetugupta00185@gmail.com","2026-09-20T02:39:36.208Z","Jitendra Gupta","","GP00000336","Gwalior","login"
"jeetugupta00185@gmail.com","2026-09-20T02:40:40.638Z","Jitendra Gupta","","GP00000336","Gwalior","login"
"jeetugupta00185@gmail.com","2026-09-20T02:42:24.577Z","Jitendra Gupta","","GP00000336","Gwalior","login"
"askraa100@gmail.com","2026-09-20T08:28:37.411Z","Ayushi Gupta","","GP00000332","Churkhi","login"
"seth641580@gmail.com","2026-09-21T04:35:01.770Z","Archna gupta","","GP00000334","Jhansi","login"
"seth641580@gmail.com","2026-09-21T04:35:02.573Z","Archna gupta","","GP00000334","Jhansi","login"
"seth641580@gmail.com","2026-09-21T04:35:04.615Z","Archna gupta","","GP00000334","Jhansi","login"
"guptabhavna3010@gmail.com","2026-09-21T08:08:57.105Z","Bhavna lahariya","","GP00000337","Pune","login"
"seth641580@gmail.com","2026-09-21T18:43:56.846Z","Archna gupta","","GP00000334","Jhansi","login"
"seth641580@gmail.com","2026-09-21T18:44:48.453Z","Archna gupta","","GP00000334","Jhansi","login"
"seth641580@gmail.com","2026-09-21T18:45:41.523Z","Archna gupta","","GP00000334","Jhansi","login"
"seth641580@gmail.com","2026-09-21T18:47:10.016Z","Archna gupta","","GP00000334","Jhansi","login"
"sparshg53@gmail.com","2026-09-23T15:00:20.425Z","sparsh gupta","https://lh3.googleusercontent.com/a/ACg8ocJr2ZoRF_c02aXzOSIJWHvms-0TunUcIOpBLS-oBtcX83RpSfTd=s96-c","GP00000147","Jalaun","login"
"gauravrawat987@gmail.com","2026-09-23T18:17:09.049Z","Gaurav Rawat","https://res.cloudinary.com/dtcrife6i/image/upload/v1776661547/gahoibandhu/zgxlhjstzfwlq7qbfvrj.jpg","GP00000009","Greater Noida West","login"
"helpdesk4youready@gmail.com","2026-09-24T05:40:14.418Z","RK","https://lh3.googleusercontent.com/a/ACg8ocJ2vbKrM3Zvv0ArsaBU7_U-QheJPOCaJ0DNfSxVfg-YJ4C2YA=s96-c","GP00000339","Chhatarpur","login"
"helpdesk4youready@gmail.com","2026-09-24T05:42:16.401Z","RK","https://lh3.googleusercontent.com/a/ACg8ocJ2vbKrM3Zvv0ArsaBU7_U-QheJPOCaJ0DNfSxVfg-YJ4C2YA=s96-c","GP00000339","Chhatarpur","login"
"pramodgupta935@gmail.com","2026-09-25T13:44:59.069Z","Pramod Kumar Gupta","https://res.cloudinary.com/dtcrife6i/image/upload/w_600,h_600,c_fill,g_face,q_auto,f_auto/v1781073111/gahoibandhu/mlmv8ii6gfmvazuxwy3q.jpg","GP00000166","Hoshangabad","login"
"guptarajedra6135@gmail.com","2026-09-26T10:42:15.242Z","राजेन्द्र प्रसाद सेठ","https://res.cloudinary.com/dtcrife6i/image/upload/c_fill,g_face,w_600,h_600/f_auto,q_auto/v1788451073/gahoibandhu/znvycg7nqxzth9zsy7cj.png","GP00000285","Chandra Nagar","login"
"guptarajedra6135@gmail.com","2026-09-26T10:43:44.403Z","राजेन्द्र प्रसाद सेठ","https://res.cloudinary.com/dtcrife6i/image/upload/c_fill,g_face,w_600,h_600/f_auto,q_auto/v1788451073/gahoibandhu/znvycg7nqxzth9zsy7cj.png","GP00000285","Chandra Nagar","login"
"gsavita192@gmail.com","2026-09-26T15:52:41.584Z","Dr shivani Gupta","","GP00000341","Lahar Bhind","login"
"gsavita192@gmail.com","2026-09-26T15:53:28.653Z","Dr shivani Gupta","","GP00000341","Lahar Bhind","login"
"anubhavgahoi7@gmail.com","2026-09-28T05:48:01.778Z","Anubhav Kumar Gupta","","GP00000342","Jalaun","login"
"anubhavgahoi7@gmail.com","2026-09-28T05:49:44.064Z","Anubhav Kumar Gupta","","GP00000342","Jalaun","login"
"anubhavgahoi7@gmail.com","2026-09-28T05:50:07.920Z","Anubhav Kumar Gupta","","GP00000342","Jalaun","login"
"anubhavgahoi7@gmail.com","2026-09-28T05:52:46.485Z","Anubhav Kumar Gupta","","GP00000342","Jalaun","login"
"pknikhra@gmail.com","2026-09-28T12:01:01.878Z","Arpit neekhra","","GP00000343","Bhopal","login"
"pknikhra@gmail.com","2026-09-28T12:01:16.621Z","Arpit neekhra","","GP00000343","Bhopal","login"
"pknikhra@gmail.com","2026-09-28T12:08:22.520Z","Arpit neekhra","","GP00000343","Bhopal","login"
"nancy75000g@gmail.com","2026-09-28T12:09:41.546Z","Nancy Gupta","","GP00000344","Bareilly","login"
"nancy75000g@gmail.com","2026-09-28T12:09:47.986Z","Nancy Gupta","","GP00000344","Bareilly","login"
"deepeshgupta0175@gmail.com","2026-09-29T12:51:15.354Z","Deepesh","","GP00000328","Tikamgarh","login"
"deepeshgupta0175@gmail.com","2026-09-29T12:51:47.153Z","Deepesh","","GP00000328","Tikamgarh","login"
"deepeshgupta0175@gmail.com","2026-09-29T12:54:01.118Z","Deepesh","","GP00000328","Tikamgarh","login"
"vikasnaina22@gmail.com","2026-09-29T17:52:16.417Z","Vikas Naina","","GP00000345","Gwalior","login"
"vikasnaina22@gmail.com","2026-09-29T17:52:30.500Z","Vikas Naina","","GP00000345","Gwalior","login"
"vikasnaina22@gmail.com","2026-09-29T19:29:01.802Z","Vikas Naina","https://res.cloudinary.com/dtcrife6i/image/upload/c_fill,g_face,w_600,h_600/f_auto,q_auto/v1790704404/gahoibandhu/vclnfawz925loncumhxz.png","GP00000345","Gwalior","login"
"bhanu3111@gmail.com","2026-09-30T08:54:51.436Z","Bhanu","","GP00000347","Gwalior","login"
"deepeshgupta0175@gmail.com","2026-09-30T10:46:55.683Z","Deepesh","","GP00000328","Tikamgarh","login"
"deepeshgupta0175@gmail.com","2026-09-30T10:48:18.146Z","Deepesh","","GP00000328","Tikamgarh","login"
"atmanandgupta23@gmail.com","2026-09-30T11:51:22.931Z","Atmanand Gupta Kuchiya","","GP00000348","Kolar Road","login"
"atmanandgupta23@gmail.com","2026-09-30T11:52:36.244Z","Atmanand Gupta Kuchiya","","GP00000348","Kolar Road","login"
"atmanandgupta23@gmail.com","2026-09-30T12:07:03.153Z","Atmanand Kuchiya","","GP00000348","Bhopal M.P.","login"
"atmanandgupta23@gmail.com","2026-09-30T12:07:50.633Z","Atmanand Kuchiya","","GP00000348","Bhopal M.P.","login"
"atmanandgupta23@gmail.com","2026-09-30T12:08:24.220Z","Atmanand Kuchiya","","GP00000348","Bhopal M.P.","login"
"atmanandgupta23@gmail.com","2026-09-30T12:09:26.553Z","Atmanand Kuchiya","","GP00000348","Bhopal M.P.","login"
"atmanandgupta23@gmail.com","2026-09-30T12:25:56.337Z","Atmanand Kuchiya","","GP00000348","Bhopal M.P.","login"
"atmanandgupta23@gmail.com","2026-09-30T12:30:48.959Z","Atmanand Kuchiya","","GP00000348","Bhopal M.P.","login"
"atmanandgupta23@gmail.com","2026-09-30T12:45:13.821Z","Atmanand Kuchiya","","GP00000348","Bhopal M.P.","login"
"atmanandgupta23@gmail.com","2026-09-30T12:48:27.589Z","Atmanand Gupta Kuchiya","https://res.cloudinary.com/dtcrife6i/image/upload/c_fill,g_face,w_600,h_600/f_auto,q_auto/v1790772370/gahoibandhu/jdrhgk0jqmm4vvqjxk6j.jpg","GP00000348","Bhopal M.P.","login"
"atmanandgupta23@gmail.com","2026-10-01T02:57:37.083Z","Atmanand Gupta Kuchiya","https://res.cloudinary.com/dtcrife6i/image/upload/c_fill,g_face,w_600,h_600/f_auto,q_auto/v1790772370/gahoibandhu/jdrhgk0jqmm4vvqjxk6j.jpg","GP00000348","Bhopal M.P.","login"
"arpitgupta02200@gmail.com","2026-10-01T17:29:32.925Z","Arpit Gupta","https://res.cloudinary.com/dtcrife6i/image/upload/w_600,h_600,c_fill,g_face,q_auto,f_auto/v1779678429/gahoibandhu/mejdgj9ozlswn3hd5cuh.jpg","GP00000206","Dabra","login"
"narayandasgupta2558@gmail.com","2026-10-02T03:01:48.764Z","Narayan das Gupta","","GP00000349","Raisen","login"
"narayandasgupta2558@gmail.com","2026-10-02T03:03:14.606Z","Narayan das Gupta","","GP00000349","Raisen","login"
"narayandasgupta2558@gmail.com","2026-10-02T03:04:14.275Z","Narayan das Gupta","","GP00000349","Raisen","login"
"narayandasgupta2558@gmail.com","2026-10-02T03:13:12.124Z","Narayan das Gupta","","GP00000349","Raisen","login"
"abhishekgupta29@hotmail.com","2026-10-02T15:32:26.268Z","Abhishek Kumar Gupta","https://res.cloudinary.com/dtcrife6i/image/upload/w_600,h_600,c_fill,g_face,q_auto,f_auto/v1778507813/gahoibandhu/x76dsfx3jjth8j1f9fpb.jpg","GP00000051","Greater Noida West","login"
"01ravi.amit@gmail.com","2026-10-02T16:06:16.561Z","Ravi Gupta","","GP00000350","Bhind","login"
"01ravi.amit@gmail.com","2026-10-02T16:06:27.425Z","Ravi Gupta","","GP00000350","Bhind","login"
"01ravi.amit@gmail.com","2026-10-02T16:13:11.388Z","Ravi Gupta","","GP00000350","Bhind","login"
"01ravi.amit@gmail.com","2026-10-02T16:19:49.656Z","Ravi Gupta","","GP00000350","Bhind","login"
"01ravi.amit@gmail.com","2026-10-02T16:20:05.706Z","Ravi Gupta","","GP00000350","Bhind","login"
"gopalgahoi2292@gmail.com","2026-10-02T17:05:34.567Z","Gopal Gahoi","","GP00000352","Auraiya","login"
"gopalgahoi2292@gmail.com","2026-10-02T17:05:47.128Z","Gopal Gahoi","","GP00000352","Auraiya","login"
"gupta20.shivam@gmail.com","2026-10-02T17:22:52.655Z","Shivam bijpuriya","","GP00000353","Gwalior","login"
"anv.priy@gmail.com","2026-10-02T18:10:34.064Z","Anvesh Gupta","https://lh3.googleusercontent.com/a/ACg8ocLs2W_kFd5qnMlv7AglX9fdNmBvFWaoClCyAr71xA54zOqiY0SV=s96-c","GP00000354","Bhind","login"
"namitag1971@gmail.com","2026-10-02T18:40:19.764Z","Namita Gupta","https://lh3.googleusercontent.com/a/ACg8ocLvvlpGNqozij4Lx9KgprVObprda5NwepPUZJ6Je2iILAej1TyErA=s96-c","GP00000355","Mumbai","login"
"ankitgupta707@gmail.com","2026-10-03T00:42:40.675Z","Ankit gupta","","GP00000356","Lucknow","login"
"manojkumargupta8081@gmail.com","2026-10-03T04:41:23.927Z","Manoj kumar Gupta","","GP00000095","Seondha","login"
"manojkumargupta8081@gmail.com","2026-10-03T04:41:32.463Z","Manoj kumar Gupta","","GP00000095","Seondha","login"
"manojkumargupta8081@gmail.com","2026-10-03T05:11:08.602Z","Manoj kumar Gupta","https://res.cloudinary.com/dtcrife6i/image/upload/c_fill,g_face,w_600,h_600/f_auto,q_auto/v1791002607/gahoibandhu/qw4hzlq7sab6sncibm94.jpg","GP00000095","Seondha","login"
"anil49011@gmail.com","2026-10-03T07:23:55.348Z","Gahoi Anil Nigoti","https://lh3.googleusercontent.com/a/ACg8ocJTZmtMkBURLW7ngEh-6phWzIE3dEuaq-hFUNaazs-bKhS2ibCCLw=s96-c","GP00000359","Gwalior","login"
"anil49011@gmail.com","2026-10-03T07:24:09.056Z","Gahoi Anil Nigoti","https://lh3.googleusercontent.com/a/ACg8ocJTZmtMkBURLW7ngEh-6phWzIE3dEuaq-hFUNaazs-bKhS2ibCCLw=s96-c","GP00000359","Gwalior","login"
"anil49011@gmail.com","2026-10-03T07:24:45.292Z","Gahoi Anil Nigoti","https://lh3.googleusercontent.com/a/ACg8ocJTZmtMkBURLW7ngEh-6phWzIE3dEuaq-hFUNaazs-bKhS2ibCCLw=s96-c","GP00000359","Gwalior","login"
"anil49011@gmail.com","2026-10-03T07:36:23.088Z","Gahoi Anil Nigoti","https://lh3.googleusercontent.com/a/ACg8ocJTZmtMkBURLW7ngEh-6phWzIE3dEuaq-hFUNaazs-bKhS2ibCCLw=s96-c","GP00000359","Gwalior","login"
"manishg127@gmail.com","2026-10-03T08:53:26.808Z","MANISH KUMAR GUPTA","","GP00000360","Gwalior","login"
"manishg127@gmail.com","2026-10-03T08:53:50.491Z","MANISH KUMAR GUPTA","","GP00000360","Gwalior","login"
"rishavnigoti@gmail.com","2026-10-04T06:02:49.725Z","Rishav Gupta","https://lh3.googleusercontent.com/a/ACg8ocI_6xt00Jb4obkVmlfpo1DV7g37sFMO4ievJH1XHMsipQ3T1ZuR=s96-c","GP00000248","Shivpuri","login"
"rishavnigoti@gmail.com","2026-10-04T06:03:12.360Z","Rishav Gupta","https://lh3.googleusercontent.com/a/ACg8ocI_6xt00Jb4obkVmlfpo1DV7g37sFMO4ievJH1XHMsipQ3T1ZuR=s96-c","GP00000248","Shivpuri","login"
"rishavnigoti@gmail.com","2026-10-04T06:09:31.536Z","Rishav Gupta","https://lh3.googleusercontent.com/a/ACg8ocI_6xt00Jb4obkVmlfpo1DV7g37sFMO4ievJH1XHMsipQ3T1ZuR=s96-c","GP00000248","Shivpuri","login"
"rishavnigoti@gmail.com","2026-10-04T06:10:07.093Z","Rishav Gupta","https://lh3.googleusercontent.com/a/ACg8ocI_6xt00Jb4obkVmlfpo1DV7g37sFMO4ievJH1XHMsipQ3T1ZuR=s96-c","GP00000248","Shivpuri","login"
"rishavnigoti@gmail.com","2026-10-04T06:11:11.203Z","Rishav Gupta","https://lh3.googleusercontent.com/a/ACg8ocI_6xt00Jb4obkVmlfpo1DV7g37sFMO4ievJH1XHMsipQ3T1ZuR=s96-c","GP00000248","Indore","login"
"rishavnigoti@gmail.com","2026-10-04T06:11:11.587Z","Rishav Gupta","https://lh3.googleusercontent.com/a/ACg8ocI_6xt00Jb4obkVmlfpo1DV7g37sFMO4ievJH1XHMsipQ3T1ZuR=s96-c","GP00000248","Indore","login"
"anil49011@gmail.com","2026-10-04T16:25:14.408Z","Gahoi Anil Nigoti","https://lh3.googleusercontent.com/a/ACg8ocJTZmtMkBURLW7ngEh-6phWzIE3dEuaq-hFUNaazs-bKhS2ibCCLw=s96-c","GP00000359","Gwalior","login"