"ID","ProfileID","ByEmail","ByName","OwnerEmail","Time"
"1776431992517","M1251","shailesh.seth1008@gmail.com","shailesh gupta","rg121968@gmail.com","2026-04-17T13:19:52.517Z"
"1776432020918","m1774515543444","shailesh.seth1008@gmail.com","shailesh gupta","deepakarygupta@gmail.com","2026-04-17T13:20:20.918Z"
"1776432875117","M1273","shailesh.seth1008@gmail.com","shailesh gupta","tikaria.prabhakar@gmail.com","2026-04-17T13:34:35.117Z"
"1776432925772","M1301","shailesh.seth1008@gmail.com","shailesh gupta","vai11gup112@gmail.com","2026-04-17T13:35:25.772Z"
"1776540176307","M1303","shailesh.seth1008@gmail.com","shailesh gupta","birender1965@gmail.com","2026-04-18T19:22:56.307Z"
"1776540636291","m1774515543444","sendtogopal@gmail.com","Gopal","deepakarygupta@gmail.com","2026-04-18T19:30:36.291Z"
"1776588098881","M1237","nikhilgupta042@gmail.com","Nikhil Viswari","manojkumargupta8081@gmail.com","2026-04-19T08:41:38.881Z"
"1776589813047","M1237","manojkumargupta8081@gmail.com","Manoj kumar Gupta","manojkumargupta8081@gmail.com","2026-04-19T09:10:13.047Z"
"1776591108604","m1776590991190","nikhilgupta042@gmail.com","Nikhil Viswari","nikhilgupta042@gmail.com","2026-04-19T09:31:48.604Z"
"1776661149274","M1282","livelyaman19@gmail.com","Ar. Aman Gupta","s.suhane1992@gmail.com","2026-04-20T04:59:09.274Z"
"1776956410632","m1776624665090","rkr617675@gmail.com","ANURAG RUSIA","rkr617675@gmail.com","2026-04-23T15:00:10.632Z"
"1777916703435","M1248","sachin.pahariya.chirgaon@gmail.com","Sachin Pahariya","guptasudhir77@gmail.com","2026-05-04T17:45:03.435Z"
"1777916837128","M1301","sachin.pahariya.chirgaon@gmail.com","Sachin Pahariya","vai11gup112@gmail.com","2026-05-04T17:47:17.128Z"
"1777916862802","M1283","sachin.pahariya.chirgaon@gmail.com","Sachin Pahariya","kajalgupta0598@gmail.com","2026-05-04T17:47:42.802Z"
"1777916868767","M1281","sachin.pahariya.chirgaon@gmail.com","Sachin Pahariya","pratikshagupta124@gmail.com","2026-05-04T17:47:48.767Z"
"1777947954939","m1777739378131","vai11gup112@gmail.com","Vaibhav Gupta","chiragguptame4@gmail.com","2026-05-05T02:25:54.939Z"
"1778321542305","M1283","shrinivashgupta@gmail.com","Shrinivash Gupta","kajalgupta0598@gmail.com","2026-05-09T10:12:22.305Z"
"1778347860016","m1778318224045","sethankit2311@gmail.com","Ankit Gupta","sethankit2311@gmail.com","2026-05-09T17:31:00.016Z"
"1779110624380","migr_1779091712194_180","skg5464@gmail.com","sanjay kumar gupta","anilddnewslko@gmail.com","2026-05-18T13:23:44.380Z"
"1779189461260","migr_1779091712190_16","gauravrawat987@gmail.com","Gaurav Rawat","gauravgupta.kgpr@gmail.com","2026-05-19T11:17:41.260Z"
"1779189528736","migr_1779091712201_466","gauravrawat987@gmail.com","Gaurav Rawat","pramodgupta935@gmail.com","2026-05-19T11:18:48.736Z"
"1779597774756","migr_1779091712202_530","dineshbarsainya@gmail.com","Dinesh Gupta","guptamuskan30420@gmail.com","2026-05-24T04:42:54.756Z"
"1779607316266","migr_1779091712195_226","anilneekhara2@gmail.com","Anil Prakash Neekhra","prinedimondcity@gmail.com","2026-05-24T07:21:56.266Z"
"1779607637788","migr_1779091712191_27","anilneekhara2@gmail.com","Anil Prakash Neekhra","2023385623.hriday@ug.sharda.ac.in","2026-05-24T07:27:17.788Z"
"1779615848231","migr_1779091712192_32","guptaadarsh313@gmail.com","Adarsh Gupta","dkgupta18762@gmail.com","2026-05-24T09:44:08.231Z"
"1779617091103","migr_1779091712200_427","advocateankkit@gmail.com","Ankit Gupta (Seth)","shalinijii1990@gmail.com","2026-05-24T10:04:51.103Z"
"1779638712132","migr_1779091712200_414","jyotimukesh013@gmail.com","Mukesh Gupta","choudaha.akhilesh@gmail.com","2026-05-24T16:05:12.132Z"
"1779638718481","migr_1779091712200_395","jyotimukesh013@gmail.com","Mukesh Gupta","guptacp0111@gmail.com","2026-05-24T16:05:18.481Z"
"1779638916953","migr_1779091712200_401","jyotimukesh013@gmail.com","Mukesh Gupta","guptasaroj6168@gmail.com","2026-05-24T16:08:36.953Z"
"1779639641931","migr_1779091712202_525","jyotimukesh013@gmail.com","Mukesh Gupta","saurabh.srg2005@gmail.com","2026-05-24T16:20:41.931Z"
"1779645115288","migr_1779091712202_497","guptaadarsh313@gmail.com","Adarsh Gupta","pratikshagupta124@gmail.com","2026-05-24T17:51:55.288Z"
"1779645115660","migr_1779091712202_497","guptaadarsh313@gmail.com","Adarsh Gupta","pratikshagupta124@gmail.com","2026-05-24T17:51:55.660Z"
"1779645401734","migr_1779091712202_524","guptaadarsh313@gmail.com","Adarsh Gupta","juligupta8959@gmail.com","2026-05-24T17:56:41.734Z"
"1779681010445","migr_1779091712194_164","mohanrusia63yu@gmail.com","Mohan Rusia","akguptanowgong@gmail.com","2026-05-25T03:50:10.445Z"
"1779681100520","migr_1779091712200_420","mohanrusia63yu@gmail.com","Mohan Rusia","pipersaniya@gmail.com","2026-05-25T03:51:40.520Z"
"1779681259521","migr_1779091712195_231","mohanrusia63yu@gmail.com","Mohan Rusia","mukeshgupta64251@gmail.com","2026-05-25T03:54:19.521Z"
"1779682571183","migr_1779091712194_150","mohanrusia63yu@gmail.com","Mohan Rusia","r.kumargupta116@gmail.com","2026-05-25T04:16:11.183Z"
"1779776124281","m1779620525477","hkgupta74d@gmail.com","MAYANK GUPTA","hkgupta74d@gmail.com","2026-05-26T06:15:24.281Z"
"1779783750256","migr_1779091712194_130","mohanrusia63yu@gmail.com","Mohan Rusia","ykguptachh@gmail.com","2026-05-26T08:22:30.256Z"
"1779797084799","migr_1779091712192_68","jyotimukesh013@gmail.com","Mukesh Gupta","19novgupta@gmail.com","2026-05-26T12:04:44.799Z"
"1779797493533","migr_1779091712203_535","jyotimukesh013@gmail.com","Mukesh Gupta","saranshviswari@gmail.com","2026-05-26T12:11:33.533Z"
"1779821232124","m1779476804028","dendthdel@gmail.com","Gaurav Reja","gaurav.reja@gmail.com","2026-05-26T18:47:12.125Z"
"1779869441603","migr_1779091712202_497","hkgupta74d@gmail.com","MAYANK GUPTA","pratikshagupta124@gmail.com","2026-05-27T08:10:41.603Z"
"1779869511026","migr_1779091712202_524","hkgupta74d@gmail.com","MAYANK GUPTA","juligupta8959@gmail.com","2026-05-27T08:11:51.026Z"
"1779936508462","migr_1779091712194_162","jyotimukesh013@gmail.com","Mukesh Gupta","kanil945135@gmail.com","2026-05-28T02:48:28.462Z"
"1779952331794","migr_1779091712202_517","mohanrusia63yu@gmail.com","Mohan Rusia","kumarguptaanil39@gmail.com","2026-05-28T07:12:11.794Z"
"1779988106811","migr_1779091712201_466","pramodgupta935@gmail.com","Muskan Gupta","pramodgupta935@gmail.com","2026-05-28T17:08:26.811Z"
"1780197027258","migr_1779091712203_531","hkgupta74d@gmail.com","MAYANK GUPTA","satyambarsainya.signin1@gmail.com","2026-05-31T03:10:27.258Z"
"1780489075666","m1778163217166","sendtogopal@gmail.com","Gopal","skg5464@gmail.com","2026-06-03T12:17:55.666Z"
"1780489147071","migr_1779091712192_41","sendtogopal@gmail.com","Gopal","sakshambarsaiya115@gmail.com","2026-06-03T12:19:07.071Z"
"1780568064619","m1774515543444","ankitg527@gmail.com","ankit Gupta","deepakarygupta@gmail.com","2026-06-04T10:14:24.619Z"
"1780720376683","migr_1779091712194_140","mohanrusia63yu@gmail.com","Mohan Rusia","mabwgks@gmail.com","2026-06-06T04:32:56.683Z"
"1781071239547","migr_1779091712202_524","mohanrusia63yu@gmail.com","Mohan Rusia","juligupta8959@gmail.com","2026-06-10T06:00:39.547Z"
"1781635908685","migr_1779091712202_524","amitbichpuria@gmail.com","Amit Bichpuria","juligupta8959@gmail.com","2026-06-16T18:51:48.685Z"
"1781975962979","m1778319011106","gashish416@gmail.com","Ashish seth","sandy2010@gmail.com","2026-06-20T17:19:22.979Z"
"1782096205209","migr_1779091712201_466","mayankgupta101093@gmail.com","Mayank gupta","pramodgupta935@gmail.com","2026-06-22T02:43:25.209Z"
"1782096314241","migr_1779091712202_517","mayankgupta101093@gmail.com","Mayank gupta","kumarguptaanil39@gmail.com","2026-06-22T02:45:14.241Z"
"1782096375367","migr_1779091712202_496","mayankgupta101093@gmail.com","Mayank gupta","poojagupta953112@gmail.com","2026-06-22T02:46:15.367Z"
"1782096393286","migr_1779091712202_479","mayankgupta101093@gmail.com","Mayank gupta","mona.gupta131996@gmail.com","2026-06-22T02:46:33.286Z"
"1782096411991","migr_1779091712201_467","mayankgupta101093@gmail.com","Mayank gupta","rg121968@gmail.com","2026-06-22T02:46:51.991Z"
"1782096537391","migr_1779091712194_164","mayankgupta101093@gmail.com","Mayank gupta","akguptanowgong@gmail.com","2026-06-22T02:48:57.391Z"
"1782097424686","migr_1779091712192_69","mayankgupta101093@gmail.com","Mayank gupta","jpg467748@gmail.com","2026-06-22T03:03:44.686Z"
"1782097517110","migr_1779091712194_130","mayankgupta101093@gmail.com","Mayank gupta","ykguptachh@gmail.com","2026-06-22T03:05:17.110Z"
"1782097544364","migr_1779091712194_145","mayankgupta101093@gmail.com","Mayank gupta","pinkig9621@gmail.com","2026-06-22T03:05:44.364Z"
"1782097573212","migr_1779091712194_166","mayankgupta101093@gmail.com","Mayank gupta","prahladgupta158@gmail.com","2026-06-22T03:06:13.212Z"
"1782097576630","migr_1779091712194_167","mayankgupta101093@gmail.com","Mayank gupta","shubhi171197gupta@gmail.com","2026-06-22T03:06:16.630Z"
"1782097597005","migr_1779091712194_174","mayankgupta101093@gmail.com","Mayank gupta","ramjilalgupta674@gmail.com","2026-06-22T03:06:37.005Z"
"1782097807237","m1774515543444","mayankgupta101093@gmail.com","Mayank gupta","deepakarygupta@gmail.com","2026-06-22T03:10:07.237Z"
"1782097845591","migr_1779091712201_468","mayankgupta101093@gmail.com","Mayank gupta","ag1819095@gmail.com","2026-06-22T03:10:45.591Z"
"1782106934520","migr_1779091712192_51","mayankgupta101093@gmail.com","Mayank gupta","sg1380314@gmail.com","2026-06-22T05:42:14.520Z"
"1782107017458","migr_1779091712193_76","mayankgupta101093@gmail.com","Mayank gupta","shivangik216@gmail.com","2026-06-22T05:43:37.458Z"
"1782278499670","migr_1779091712202_498","ayushguptacs@gmail.com","Ayush Gupta","s.suhane1992@gmail.com","2026-06-24T05:21:39.670Z"
"1782558139591","m1778163217166","ayushguptagtayuc@gmail.com","Ayush Gupta","skg5464@gmail.com","2026-06-27T11:02:19.591Z"
"1783170551615","m1778163217166","saurabh.court@gmail.com","Saurabh kharya","skg5464@gmail.com","2026-07-04T13:09:11.615Z"
"1783352523263","migr_1779091712200_427","mayankgupta101093@gmail.com","Mayank gupta","shalinijii1990@gmail.com","2026-07-06T15:42:03.263Z"
"1783352642966","migr_1779091712195_189","mayankgupta101093@gmail.com","Mayank gupta","rcgupta1064@gmail.com","2026-07-06T15:44:02.966Z"
"1783352671603","migr_1779091712202_489","mayankgupta101093@gmail.com","Mayank gupta","tikaria.prabhakar@gmail.com","2026-07-06T15:44:31.603Z"
"1783352743098","migr_1779091712190_14","mayankgupta101093@gmail.com","Mayank gupta","jayantmnnit@gmail.com","2026-07-06T15:45:43.098Z"
"1783352782922","migr_1779091712200_392","mayankgupta101093@gmail.com","Mayank gupta","kuldeepsuhane.1972@gmail.com","2026-07-06T15:46:22.922Z"
"1783352807428","migr_1779091712195_211","mayankgupta101093@gmail.com","Mayank gupta","shivi1910@gmail.com","2026-07-06T15:46:47.428Z"
"1783352811057","migr_1779091712195_208","mayankgupta101093@gmail.com","Mayank gupta","guptaramkishore50@gmail.com","2026-07-06T15:46:51.057Z"
"1783352817765","migr_1779091712195_217","mayankgupta101093@gmail.com","Mayank gupta","mukulguptajhs@gmail.com।","2026-07-06T15:46:57.765Z"
"1783352835295","migr_1779091712191_19","mayankgupta101093@gmail.com","Mayank gupta","mg4882774@gmail.com","2026-07-06T15:47:15.295Z"
"1784742862304","m1779714208755","amitoppo78n@gmail.com","Amit gupta","jyotimukesh013@gmail.com","2026-07-22T17:54:22.304Z"
"1784742993887","migr_1779091712190_16","amitoppo78n@gmail.com","Amit gupta","gauravgupta.kgpr@gmail.com","2026-07-22T17:56:33.887Z"
"1784743008547","migr_1779091712203_534","amitoppo78n@gmail.com","Amit gupta","sawlapramod@gmail.com","2026-07-22T17:56:48.547Z"
"1784743016449","migr_1779091712203_531","amitoppo78n@gmail.com","Amit gupta","satyambarsainya.signin1@gmail.com","2026-07-22T17:56:56.449Z"
"1784743034177","migr_1779091712202_497","amitoppo78n@gmail.com","Amit gupta","pratikshagupta124@gmail.com","2026-07-22T17:57:14.177Z"
"1784743048352","migr_1779091712202_498","amitoppo78n@gmail.com","Amit gupta","s.suhane1992@gmail.com","2026-07-22T17:57:28.352Z"
"1784743425364","migr_1779091712202_491","amitoppo78n@gmail.com","Amit gupta","sunshinerays2704@gmail.com","2026-07-22T18:03:45.364Z"
"1784743444256","migr_1779091712201_457","amitoppo78n@gmail.com","Amit gupta","ankitg527@gmail.com","2026-07-22T18:04:04.256Z"
"1784743459109","migr_1779091712195_208","amitoppo78n@gmail.com","Amit gupta","guptaramkishore50@gmail.com","2026-07-22T18:04:19.109Z"
"1784743478499","migr_1779091712192_32","amitoppo78n@gmail.com","Amit gupta","dkgupta18762@gmail.com","2026-07-22T18:04:38.499Z"
"1784743604611","migr_1779091712194_166","amitoppo78n@gmail.com","Amit gupta","prahladgupta158@gmail.com","2026-07-22T18:06:44.611Z"
"1784743619339","migr_1779091712193_110","amitoppo78n@gmail.com","Amit gupta","shubhamrawat.rawat@gmail.com","2026-07-22T18:06:59.339Z"
"1784743638770","migr_1779091712193_106","amitoppo78n@gmail.com","Amit gupta","jptextileagency@gmail.com","2026-07-22T18:07:18.771Z"
"1784743663338","migr_1779091712191_25","amitoppo78n@gmail.com","Amit gupta","twinklegupta0396.tg@gmail.com","2026-07-22T18:07:43.338Z"
"1784743678947","migr_1779091712192_62","amitoppo78n@gmail.com","Amit gupta","akgupta.2812@gmail.com","2026-07-22T18:07:58.947Z"
"1784743682874","migr_1779091712192_69","amitoppo78n@gmail.com","Amit gupta","jpg467748@gmail.com","2026-07-22T18:08:02.874Z"
"1785336517366","m1785307507902","arpitgupta02200@gmail.com","Arpit Gupta","arpitgupta02200@gmail.com","2026-07-29T14:48:37.366Z"
"1785665662921","m1779620525477","gahoipatrika@gmail.com","Yogesh Suhane","hkgupta74d@gmail.com","2026-08-02T10:14:22.921Z"
"1786081985051","m1785178744030","shekhargupta0987@gmail.com","Shekhar Gupta","shekhargupta0987@gmail.com","2026-08-07T05:53:05.051Z"
"1786682662668","m1779620525477","dishaashokguptagupta@gmail.com","Disha Ashok Gupta Gupta","hkgupta74d@gmail.com","2026-08-14T04:44:22.668Z"
"1786682772006","m1779597513038","dishaashokguptagupta@gmail.com","Disha Ashok Gupta Gupta","dineshbarsainya@gmail.com","2026-08-14T04:46:12.006Z"
"1786682995122","migr_1779091712201_455","dishaashokguptagupta@gmail.com","Disha Ashok Gupta Gupta","nannhigupta@gmail.com","2026-08-14T04:49:55.122Z"
"1786683013766","migr_1779091712203_532","dishaashokguptagupta@gmail.com","Disha Ashok Gupta Gupta","devyanigupta35@gmail.com","2026-08-14T04:50:13.766Z"
"1786750178868","migr_17790918121","dishaashokguptagupta@gmail.com","Disha Ashok Gupta Gupta","vai11gup112@gmail.com","2026-08-14T23:29:38.868Z"
"1787160610772","migr_17790918129","guptaadarsh313@gmail.com","Adarsh Gupta","nishagupta301098@gmail.com","2026-08-19T17:30:10.772Z"
"1787942716082","m1776624665090","shyamjig43@gmail.com","Ram Kothari","rkr617675@gmail.com","2026-08-28T18:45:16.082Z"
"1788620204189","migr_1779091712201_438","rkg311964@gmail.com","Dr Sanchit Gupta","manoj.gupta.eipl@gmail.com","2026-09-05T14:56:44.189Z"
"1788624176111","migr_1779091712202_524","rg9900368@gmail.com","rahul gupta","juligupta8959@gmail.com","2026-09-05T16:02:56.111Z"
"1789287620214","migr_17790918121","deepeshgupta0175@gmail.com","Deepesh","vai11gup112@gmail.com","2026-09-13T08:20:20.215Z"
"1789287673549","migr_1779091712202_524","deepeshgupta0175@gmail.com","Deepesh","juligupta8959@gmail.com","2026-09-13T08:21:13.549Z"
"1789287709981","migr_1779091712202_517","deepeshgupta0175@gmail.com","Deepesh","kumarguptaanil39@gmail.com","2026-09-13T08:21:49.981Z"
"1789291163157","migr_1779091712193_82","deepeshgupta0175@gmail.com","Deepesh","ckkbhonti5666@gmail.com","2026-09-13T09:19:23.157Z"
"1789837008057","migr_1779091712193_76","deepeshgupta0175@gmail.com","Deepesh","shivangik216@gmail.com","2026-09-19T16:56:48.057Z"
"1790597116040","migr_17790918132","pknikhra@gmail.com","Arpit neekhra","nancy75000g@gmail.com","2026-09-28T12:05:16.040Z"
"1790709191447","migr_17790918139","vikasnaina22@gmail.com","Vikas Naina","pkgupta307@gmail.com","2026-09-29T19:13:11.447Z"
"1790709191625","migr_17790918139","vikasnaina22@gmail.com","Vikas Naina","pkgupta307@gmail.com","2026-09-29T19:13:11.625Z"