"ID","FromEmail","FromName","ToEmail","ToName","Subject","Body","SentAt","Read","Deleted","ReminderSent"
"msg_1776168519704_nmsf8","dendthdel@gmail.com","Gaurav Reja","gauravrawat987@gmail.com","Gaurav Rawat","Hello Rawat Ji","Kya Haal Hai","2026-04-14T12:08:39.704Z","true","false",""
"msg_1776168545856_xitx2","dendthdel@gmail.com","Gaurav Reja","mdheerajgupta@gmail.com","Dheeraj Gupta(चऊदा)","Dheeraj Bhai","Ram Ram Ji","2026-04-14T12:09:05.856Z","true","false",""
"msg_1776168603488_hjgea","pritireja@gmail.com","Priti Reja","dendthdel@gmail.com","Gaurav Reja","Test Message","Hi","2026-04-14T12:10:03.488Z","true","false",""
"msg_1776168702992_2fqy2","dendthdel@gmail.com","Gaurav Reja","pkguptamca@gmail.com","Pramod Kumar Gupta","राम राम जी","राम राम","2026-04-14T12:11:42.992Z","true","false",""
"msg_1776168943614_vioih","gauravrawat987@gmail.com","Gaurav Rawat","dendthdel@gmail.com","Gaurav Reja","Re: Hello Rawat Ji","Me achha hu,","2026-04-14T12:15:43.614Z","true","false",""
"msg_1776168944177_lmnsv","dendthdel@gmail.com","Gaurav Reja","gauravrawat987@gmail.com","Gaurav Rawat","Maharaj","Kripa Karo","2026-04-14T12:15:44.178Z","true","false",""
"msg_1776169525842_eftza","dendthdel@gmail.com","Gaurav Reja","Viswari@gmail.com","Anuj Viswari","Hi Anuj","There is a surprise for you","2026-04-14T12:25:25.843Z","true","true",""
"msg_1776169775684_1ohu0","Viswari@gmail.com","Anuj Viswari","dendthdel@gmail.com","Gaurav Reja","Re: Hi Anuj","Charan sparsh bhaiya","2026-04-14T12:29:35.685Z","true","false",""
"msg_1776175997049_sijqp","dendthdel@gmail.com","Gaurav Reja","pkguptamca@gmail.com","Pramod Kumar Gupta","Ram Ram Ji","Ram Ram","2026-04-14T14:13:17.050Z","true","false",""
"msg_1776187142332_acfaw","dendthdel@gmail.com","Gaurav Reja","pkguptamca@gmail.com","Pramod Kumar Gupta","Re: Re: Ram Ram Ji","test","2026-04-14T17:19:02.332Z","true","false",""
"msg_1776187500500_naojb","dendthdel@gmail.com","Gaurav Reja","Viswari@gmail.com","Anuj Viswari","Re: Chat","HI","2026-04-14T17:25:00.500Z","true","false",""
"msg_1776187584464_kxirs","dendthdel@gmail.com","Gaurav Reja","pritireja@gmail.com","Priti Reja","Re: Chat","hello","2026-04-14T17:26:24.466Z","true","false",""
"msg_1776187593862_2qls9","dendthdel@gmail.com","Gaurav Reja","pritireja@gmail.com","Priti Reja","Re: Chat","hi","2026-04-14T17:26:33.863Z","true","false",""
"msg_1776187616892_dcct2","dendthdel@gmail.com","Gaurav Reja","pkguptamca@gmail.com","Pramod Kumar Gupta","Re: Chat","Bilaiya Ji ab dekho kaisa lag raha hai","2026-04-14T17:26:56.893Z","true","false",""
"msg_1776187658015_won3g","dendthdel@gmail.com","Gaurav Reja","gauravrawat987@gmail.com","Gaurav Rawat","Re: Chat","Maharaj update ho gaya","2026-04-14T17:27:38.015Z","true","false",""
"msg_1776187701165_ecomr","dendthdel@gmail.com","Gaurav Reja","manojkumargupta8081@gmail.com","Manoj kumar Gupta","Hi Manoj Ji","Welcome Manoj Ji","2026-04-14T17:28:21.165Z","false","false",""
"msg_1776187722023_4mzoz","dendthdel@gmail.com","Gaurav Reja","Viswari@gmail.com","Anuj Viswari","Re: Chat","Ha Anuj","2026-04-14T17:28:42.024Z","true","false",""
"msg_1776241366300_xkmay","dendthdel@gmail.com","Gaurav Reja","pkguptamca@gmail.com","Pramod Kumar Gupta","Re: Chat","aj ka kya plan hai","2026-04-15T08:22:46.301Z","true","false",""
"msg_1776241395403_0zu01","dendthdel@gmail.com","Gaurav Reja","mdheerajgupta@gmail.com","Dheeraj Gupta(चऊदा)","Ram Ram bhaiya","Chauda ji namaskar","2026-04-15T08:23:15.404Z","true","false",""
"msg_1776256200440_cs2dv","dendthdel@gmail.com","Gaurav Reja","Viswari@gmail.com","Anuj Viswari","Re: Chat","hi","2026-04-15T12:30:00.440Z","true","false",""
"msg_1776271009212_xpfvi","dendthdel@gmail.com","Gaurav Reja","cine_india@yahoo.co.in","Chandrahas Kuchya","Hi","राम राम भाईसाहब","2026-04-15T16:36:49.213Z","false","false",""
"msg_1776487582828_jl5m1","dendthdel@gmail.com","Gaurav Reja","pritireja@gmail.com","Priti Reja","Re: Chat","Happy Birthday To you","2026-04-18T04:46:22.828Z","true","false",""
"msg_1776491650468_lh2c2","dendthdel@gmail.com","Gaurav Reja","mdheerajgupta@gmail.com","Dheeraj Gupta(चऊदा)","Re: Chat","ram ram ji","2026-04-18T05:54:10.468Z","true","false",""
"msg_1776498849428_bgxe3","dendthdel@gmail.com","Gaurav Reja","mayankgupta1984@gmail.com","Mayank Gupta","Hi Mayank","Ram Ram Ji","2026-04-18T07:54:09.428Z","false","false",""
"msg_1776674810839_d5kru","dendthdel@gmail.com","Gaurav Reja","gauravrawat987@gmail.com","Gaurav Rawat","Re: Chat","Profile edit me","2026-04-20T08:46:50.839Z","true","false",""
"msg_1777964603732_9mnmj","dendthdel@gmail.com","Gaurav Reja","rashmigupta.gahoi@gmail.com","Rashmi Gupta","Login Issue","Hello Mam,

We have checked you are not able to login in portal. Kindly use your email id as user name and your mobile number is password.","2026-05-05T07:03:23.733Z","false","false",""
"msg_1778401884539_b11xc","dendthdel@gmail.com","Gaurav Reja","Viswari@gmail.com","Anuj Viswari","Re: Chat","Dekha","2026-05-10T08:31:24.540Z","false","false",""
"msg_1778409051644_ymjxc","dendthdel@gmail.com","Gaurav Reja","skadvocate.hc11@gmail.com","SUMIT KUMAR GUPTA","Welcome","Welcome Sumit","2026-05-10T10:30:51.644Z","true","false",""
"m1778481750327674","dendthdel@gmail.com","Gaurav Reja","mdheerajgupta@gmail.com","Dheeraj Gupta(चऊदा)","Chat","HI","2026-05-11T06:42:30.327Z","true","false",""
"m1778482256912133","dendthdel@gmail.com","Gaurav Reja","mdheerajgupta@gmail.com","Dheeraj Gupta(चऊदा)","Chat","gaurav this side","2026-05-11T06:50:56.912Z","true","false",""
"m1778482923390673","dendthdel@gmail.com","Gaurav Reja","mdheerajgupta@gmail.com","Dheeraj Gupta(चऊदा)","Chat","hi","2026-05-11T07:02:03.390Z","true","false",""
"m1778484817776958","pritireja@gmail.com","Priti Reja","dendthdel@gmail.com","Gaurav Reja","Chat","hi","2026-05-11T07:33:37.776Z","true","false",""
"m1778485831977514","dendthdel@gmail.com","Gaurav Reja","mdheerajgupta@gmail.com","Dheeraj Gupta(चऊदा)","Chat","Hi","2026-05-11T07:50:31.977Z","true","false",""
"m1778485868523383","dendthdel@gmail.com","Gaurav Reja","praveenmtw@gmail.com","Praveen Bilaiya","Chat","Ram ram ji","2026-05-11T07:51:08.523Z","true","false",""
"m1778490130820877","gauravrawat987@gmail.com","Gaurav Rawat","dendthdel@gmail.com","Gaurav Reja","Chat","Ye sahi h","2026-05-11T09:02:10.820Z","true","false",""
"m1778492632935184","dendthdel@gmail.com","Gaurav Reja","gauravrawat987@gmail.com","Gaurav Rawat","Chat","OK","2026-05-11T09:43:52.935Z","true","false",""
"m1778497906664779","mdheerajgupta@gmail.com","Dheeraj Gupta(चऊदा)","dendthdel@gmail.com","Gaurav Reja","Chat","Hi","2026-05-11T11:11:46.664Z","true","false",""
"m1778497931564804","mdheerajgupta@gmail.com","Dheeraj Gupta(चऊदा)","dendthdel@gmail.com","Gaurav Reja","Chat","Bhaiya Ram Ram","2026-05-11T11:12:11.565Z","true","false",""
"m1778553237480688","pritireja@gmail.com","Priti Reja","dendthdel@gmail.com","Gaurav Reja","Chat","hi","2026-05-12T02:33:57.480Z","true","false",""
"m1778571563914596","gaurav.reja@gmail.com","Gaurav Reja","mdheerajgupta@gmail.com","Dheeraj Gupta(चऊदा)","Chat","Testing 1 2 3","2026-05-12T07:39:23.914Z","true","false",""
"m1778576164375835","dendthdel@gmail.com","Gaurav Reja","tikaryamba@gmail.com","Aashish Tikarya","Chat","Dhanyavad Judne ke liye","2026-05-12T08:56:04.375Z","false","false",""
"m1778600774316646","dendthdel@gmail.com","Gaurav Reja","jeet24007@gmail.com","Jeet Gupta","Chat","Hi","2026-05-12T15:46:14.316Z","true","false",""
"m1778600960263110","jeet24007@gmail.com","Jeet Gupta","dendthdel@gmail.com","Gaurav Reja","Chat","Hi","2026-05-12T15:49:20.263Z","true","false",""
"m1778743019078482","demo@demo.in","Demo","dendthdel@gmail.com","Gaurav Reja","Chat","Namaste","2026-05-14T07:16:59.078Z","true","true",""
"m177884429730454","dendthdel@gmail.com","Gaurav Reja","jeet24007@gmail.com","Jeet Gupta","Chat","Logo Banaya kya","2026-05-15T11:24:57.304Z","false","false",""
"m1778893858407889","mdheerajgupta@gmail.com","Dheeraj Gupta(चऊदा)","gaurav.reja@gmail.com","Gaurav Reja","Chat","Testing 456","2026-05-16T01:10:58.407Z","true","false",""
"m1778894859968941","dendthdel@gmail.com","Gaurav Reja","mdheerajgupta@gmail.com","Dheeraj Gupta(चऊदा)","Chat","Ram ram bhai, naya look kaisa laga","2026-05-16T01:27:39.968Z","true","false",""
"m177892154962323","gaurav.reja@gmail.com","Gaurav Reja","mdheerajgupta@gmail.com","Dheeraj Gupta(चऊदा)","Chat","done","2026-05-16T08:52:29.623Z","true","false",""
"m1779821235406463","dendthdel@gmail.com","Gaurav Reja","gaurav.reja@gmail.com","Gaurav Reja","Chat","🌹 नमस्ते! Mujhe aapki matrimony profile (Shishir Seth) pasand aayi. Agar aap interested hain toh kripaya reply karein.

— Gaurav Reja","2026-05-26T18:47:15.406Z","true","false",""
"m1780568067955431","ankitg527@gmail.com","ankit Gupta","deepakarygupta@gmail.com","RAKSHA GUPTA","Chat","🌹 नमस्ते! Mujhe aapki matrimony profile (RAKSHA GUPTA) pasand aayi. Agar aap interested hain toh kripaya reply karein.

— ankit Gupta","2026-06-04T10:14:27.955Z","false","false",""
"m1780568071609361","ankitg527@gmail.com","ankit Gupta","deepakarygupta@gmail.com","RAKSHA GUPTA","Chat","🌹 नमस्ते! Mujhe aapki matrimony profile (RAKSHA GUPTA) pasand aayi. Agar aap interested hain toh kripaya reply karein.

— ankit Gupta","2026-06-04T10:14:31.609Z","false","false",""
"m1780657139380544","dendthdel@gmail.com","Gaurav Reja","sbmgt1502@gmail.com","Shubham Gupta","Chat","Hi Shubham Ji","2026-06-05T10:58:59.380Z","true","false",""
"m1780657164535349","dendthdel@gmail.com","Gaurav Reja","sbmgt1502@gmail.com","Shubham Gupta","Chat","Can you help to promote this portal in Raipur Gahoi Samaj","2026-06-05T10:59:24.535Z","true","false",""
"m1781230714629339","rajanigupta91656@gmail.com","Dr. Anuj Gupta","drnisha.dentist@gmail.com","Dr Nisha Gupta","Chat","आ","2026-06-12T02:18:34.629Z","false","false",""
"m1782025107151287","praveenmtw@gmail.com","Praveen Bilaiya","dendthdel@gmail.com","Gaurav Reja","Chat","Ram Ram","2026-06-21T06:58:27.151Z","true","false",""
"m1782096208793619","mayankgupta101093@gmail.com","Mayank gupta","pramodgupta935@gmail.com","Pramod Kumar Gupta","Chat","🌹 नमस्ते! Mujhe aapki matrimony profile (Muskan Gupta) pasand aayi. Agar aap interested hain toh kripaya reply karein.

— Mayank gupta","2026-06-22T02:43:28.793Z","true","false",""
"m1782097578663670","mayankgupta101093@gmail.com","Mayank gupta","prahladgupta158@gmail.com","Prahlad Gupta","Chat","🌹 नमस्ते! Mujhe aapki matrimony profile (NEHA GUPTA (BARSAIYA)) pasand aayi. Agar aap interested hain toh kripaya reply karein.

— Mayank gupta","2026-06-22T03:06:18.663Z","false","false",""
"m1782097600941888","mayankgupta101093@gmail.com","Mayank gupta","ramjilalgupta674@gmail.com","RAMJI Lal Gupta","Chat","🌹 नमस्ते! Mujhe aapki matrimony profile (Surbhi Gahoi) pasand aayi. Agar aap interested hain toh kripaya reply karein.

— Mayank gupta","2026-06-22T03:06:40.941Z","false","false",""
"m1782097812105230","mayankgupta101093@gmail.com","Mayank gupta","deepakarygupta@gmail.com","RAKSHA GUPTA","Chat","🌹 नमस्ते! Mujhe aapki matrimony profile (RAKSHA GUPTA) pasand aayi. Agar aap interested hain toh kripaya reply karein.

— Mayank gupta","2026-06-22T03:10:12.105Z","false","false",""
"m178255814383322","ayushguptagtayuc@gmail.com","Ayush Gupta","skg5464@gmail.com","sanjay kumar gupta","Chat","🌹 नमस्ते! Mujhe aapki matrimony profile (PRIYANSHI GUPTA) pasand aayi. Agar aap interested hain toh kripaya reply karein.

— Ayush Gupta","2026-06-27T11:02:23.833Z","true","false",""
"m1782899046310131","mayankgupta101093@gmail.com","Mayank gupta","madhurikathail@gmail.com","Pallavi Kathail","Chat","Hello","2026-07-01T09:44:06.310Z","false","false",""
"m1783170555132723","saurabh.court@gmail.com","Saurabh kharya","skg5464@gmail.com","sanjay kumar gupta","Chat","🌹 नमस्ते! Mujhe aapki matrimony profile (PRIYANSHI GUPTA) pasand aayi. Agar aap interested hain toh kripaya reply karein.

— Saurabh kharya","2026-07-04T13:09:15.132Z","true","false",""
"m1784114352604208","gahoiashishsuhane143123@gmail.com","Gahoi ashish R. P suhane","dendthdel@gmail.com","Gaurav Reja","Chat","बहुत सुन्दर और सार्थक","2026-07-15T11:19:12.604Z","true","false",""
"m1784115578511187","dendthdel@gmail.com","Gaurav Reja","gahoiashishsuhane143123@gmail.com","Gahoi ASHISH SUHANE","Chat","धन्यवाद","2026-07-15T11:39:38.511Z","false","false",""
"m1784519179899362","amitoppo78n@gmail.com","Amit gupta","roshnichhirolya123@gmail.com","Roshni chhirolya","Chat","Hi","2026-07-20T03:46:19.899Z","true","false",""
"m1784742866952749","amitoppo78n@gmail.com","Amit gupta","jyotimukesh013@gmail.com","Mukesh Gupta","Chat","🌹 नमस्ते! Mujhe aapki matrimony profile (Garima Gupta) pasand aayi. Agar aap interested hain toh kripaya reply karein.

— Amit gupta","2026-07-22T17:54:26.952Z","false","false",""
"m1784742994094108","amitoppo78n@gmail.com","Amit gupta","jyotimukesh013@gmail.com","Mukesh Gupta","Chat","🌹 नमस्ते! Mujhe aapki matrimony profile (Garima Gupta) pasand aayi. Agar aap interested hain toh kripaya reply karein.

— Amit gupta","2026-07-22T17:56:34.094Z","false","false",""
"m1784743448204690","amitoppo78n@gmail.com","Amit gupta","ankitg527@gmail.com","ankit Gupta","Chat","🌹 नमस्ते! Mujhe aapki matrimony profile (Ankit Gupta) pasand aayi. Agar aap interested hain toh kripaya reply karein.

— Amit gupta","2026-07-22T18:04:08.204Z","false","false",""
"m1784743608981552","amitoppo78n@gmail.com","Amit gupta","prahladgupta158@gmail.com","Prahlad Gupta","Chat","🌹 नमस्ते! Mujhe aapki matrimony profile (NEHA GUPTA (BARSAIYA)) pasand aayi. Agar aap interested hain toh kripaya reply karein.

— Amit gupta","2026-07-22T18:06:48.981Z","false","false",""
"m1785665666887629","gahoipatrika@gmail.com","Yogesh Suhane","hkgupta74d@gmail.com","MAYANK GUPTA","Chat","🌹 नमस्ते! Mujhe aapki matrimony profile (Mayank Gupta) pasand aayi. Agar aap interested hain toh kripaya reply karein.

— Yogesh Suhane","2026-08-02T10:14:26.887Z","true","false",""
"m1785665668596423","gahoipatrika@gmail.com","Yogesh Suhane","hkgupta74d@gmail.com","MAYANK GUPTA","Chat","🌹 नमस्ते! Mujhe aapki matrimony profile (Mayank Gupta) pasand aayi. Agar aap interested hain toh kripaya reply karein.

— Yogesh Suhane","2026-08-02T10:14:28.596Z","true","false",""
"m1785665669177988","gahoipatrika@gmail.com","Yogesh Suhane","hkgupta74d@gmail.com","MAYANK GUPTA","Chat","🌹 नमस्ते! Mujhe aapki matrimony profile (Mayank Gupta) pasand aayi. Agar aap interested hain toh kripaya reply karein.

— Yogesh Suhane","2026-08-02T10:14:29.177Z","true","false",""
"m1786682667030299","dishaashokguptagupta@gmail.com","Disha Ashok Gupta Gupta","hkgupta74d@gmail.com","MAYANK GUPTA","Chat","🌹 नमस्ते! Mujhe aapki matrimony profile (Mayank Gupta) pasand aayi. Agar aap interested hain toh kripaya reply karein.

— Disha Ashok Gupta Gupta","2026-08-14T04:44:27.030Z","true","true",""
"m1786682776071486","dishaashokguptagupta@gmail.com","Disha Ashok Gupta Gupta","dineshbarsainya@gmail.com","Dinesh Gupta","Chat","🌹 नमस्ते! Mujhe aapki matrimony profile (Prakhar Gupta) pasand aayi. Agar aap interested hain toh kripaya reply karein.

— Disha Ashok Gupta Gupta","2026-08-14T04:46:16.071Z","false","true",""
"m1786750182083462","dishaashokguptagupta@gmail.com","Disha Ashok Gupta Gupta","vai11gup112@gmail.com","Vaibhav Gupta","Chat","🌹 नमस्ते! Mujhe aapki matrimony profile (Deeksha Gupta) pasand aayi. Agar aap interested hain toh kripaya reply karein.

— Disha Ashok Gupta Gupta","2026-08-14T23:29:42.083Z","false","true",""
"m1786750182125159","dishaashokguptagupta@gmail.com","Disha Ashok Gupta Gupta","vai11gup112@gmail.com","Vaibhav Gupta","Chat","🌹 नमस्ते! Mujhe aapki matrimony profile (Deeksha Gupta) pasand aayi. Agar aap interested hain toh kripaya reply karein.

— Disha Ashok Gupta Gupta","2026-08-14T23:29:42.125Z","false","true",""
"m1786750184469177","dishaashokguptagupta@gmail.com","Disha Ashok Gupta Gupta","vai11gup112@gmail.com","Vaibhav Gupta","Chat","🌹 नमस्ते! Mujhe aapki matrimony profile (Deeksha Gupta) pasand aayi. Agar aap interested hain toh kripaya reply karein.

— Disha Ashok Gupta Gupta","2026-08-14T23:29:44.469Z","false","true",""
"m1786982459124448","hkgupta74d@gmail.com","MAYANK GUPTA","gahoipatrika@gmail.com","Yogesh Suhane","Chat","Your state","2026-08-17T16:00:59.124Z","true","false",""
"m1786982607058133","hkgupta74d@gmail.com","MAYANK GUPTA","gahoipatrika@gmail.com","Yogesh Suhane","Chat","Pls share biodata and photo on this mobile no 9425120458","2026-08-17T16:03:27.058Z","true","false",""
"m1787942719569319","shyamjig43@gmail.com","Ram Kothari","rkr617675@gmail.com","ANURAG RUSIA","Chat","🌹 नमस्ते! Mujhe aapki matrimony profile (ANURAG RUSIA) pasand aayi. Agar aap interested hain toh kripaya reply karein.

— Ram Kothari","2026-08-28T18:45:19.569Z","false","false",""
"m1787942720478946","shyamjig43@gmail.com","Ram Kothari","rkr617675@gmail.com","ANURAG RUSIA","Chat","🌹 नमस्ते! Mujhe aapki matrimony profile (ANURAG RUSIA) pasand aayi. Agar aap interested hain toh kripaya reply karein.

— Ram Kothari","2026-08-28T18:45:20.478Z","false","false",""
"m1788363890756688","pkguptamca@gmail.com","Pramod Kumar Gupta","dendthdel@gmail.com","Gaurav Reja","Chat","sahi lag raha hai","2026-09-02T15:44:50.756Z","true","false",""
"m1789178854424839","dendthdel@gmail.com","Gaurav Reja","pkguptamca@gmail.com","Pramod Kumar Gupta","Chat","Happy Birthday","2026-09-12T02:07:34.424Z","false","false",""
"m1789287624348119","deepeshgupta0175@gmail.com","Deepesh","vai11gup112@gmail.com","Vaibhav Gupta","Chat","🌹 नमस्ते! Mujhe aapki matrimony profile (Deeksha Gupta) pasand aayi. Agar aap interested hain toh kripaya reply karein.

— Deepesh","2026-09-13T08:20:24.348Z","false","false",""
"m1789288336073870","deepeshgupta0175@gmail.com","Deepesh","vai11gup112@gmail.com","Vaibhav Gupta","Chat","Ok","2026-09-13T08:32:16.073Z","false","false",""
"m1789293105531749","deepeshgupta0175@gmail.com","Deepesh","vai11gup112@gmail.com","Vaibhav Gupta","Chat","🌹 नमस्ते! Mujhe aapki matrimony profile (Deeksha Gupta) pasand aayi. Agar aap interested hain toh kripaya reply karein.

— Deepesh","2026-09-13T09:51:45.531Z","false","false",""
"m1789293127614580","deepeshgupta0175@gmail.com","Deepesh","vai11gup112@gmail.com","Vaibhav Gupta","Chat","Ok","2026-09-13T09:52:07.614Z","false","false",""
"m1790247710048274","dendthdel@gmail.com","Gaurav Reja","utkarshgupta9554@gmail.com","Utkarsh Gupta","Chat","Please create your matrimony profile","2026-09-24T11:01:50.048Z","false","false",""