"Time","Icon","Text","Read"
"2026-03-14T22:08:33.936Z","📣","Gaurav Reja sent broadcast: ""New Features Added to Gahoi Bandhu"" to 78 members","false"
"2026-03-15T03:58:34.436Z","💑","Gaurav Reja expressed interest in a matrimony profile","false"
"2026-03-15T06:42:59.074Z","👤","Pramod Kumar Gupta registered","false"
"2026-03-15T06:51:03.628Z","✅","Pramod Kumar Gupta approved by Praveen Bilaiya","false"
"2026-03-15T08:39:01.602Z","👤","Santosh Khantal registered (auto-approved)","false"
"2026-03-15T09:28:01.169Z","👤","Abhilash Sawla registered (auto-approved)","false"
"2026-03-15T10:10:58.308Z","👤","AshokkumarBaderia registered","false"
"2026-03-15T12:46:05.102Z","👤","Pradeep Gupta registered","false"
"2026-03-15T12:46:31.348Z","✅","AshokkumarBaderia approved by Gaurav Reja","false"
"2026-03-15T12:46:39.520Z","✅","Pradeep Gupta approved by Gaurav Reja","false"
"2026-03-15T12:51:39.684Z","👤","GAURAV KUCHYA registered (auto-approved)","false"
"2026-03-15T12:54:54.067Z","👤","Shubh Gupta registered","false"
"2026-03-15T12:55:03.602Z","✅","Shubh Gupta approved by Gaurav Reja","false"
"2026-03-15T12:58:46.991Z","👤","Chandrahas Kuchya registered (auto-approved)","false"
"2026-03-15T15:53:03.799Z","👤","Piyush Gupta registered","false"
"2026-03-15T16:38:37.534Z","✅","Piyush Gupta approved by Gaurav Reja","false"
"2026-03-17T06:31:24.639Z","👤","Saurabh Gupta registered (auto-approved)","false"
"2026-03-20T18:11:34.722Z","👤","Manish kumar seth registered","false"
"2026-03-20T21:28:23.193Z","✅","Manish kumar seth approved by Gaurav Reja","false"
"2026-03-20T23:34:47.381Z","👤","MAHESH CHANDRA KANKANE registered (auto-approved)","false"
"2026-03-25T03:34:19.274Z","👤","RUPAL  GUPTA registered (auto-approved)","false"
"2026-03-26T08:26:29.770Z","👤","CA. Jitendra Gupta registered (auto-approved)","false"
"2026-03-26T08:52:03.556Z","💑","RAKSHA GUPTA expressed interest in a matrimony profile","false"
"2026-03-29T17:13:43.442Z","📖","Admin uploaded magazine: Gahoi Darpan","false"
"2026-03-30T06:47:21.088Z","📣","Gaurav Reja sent broadcast: ""New Features Added"" to 92 members","false"
"2026-04-09T15:53:35.348Z","👤","ishant nigoti registered (auto-approved)","false"
"2026-04-11T04:25:21.964Z","📣","Gaurav Reja sent broadcast: ""Testing"" to 1 members","false"
"2026-04-12T07:34:04.445Z","👤","Ashok Gupta registered (auto-approved)","false"
"2026-04-12T08:42:38.208Z","💑","Gaurav Reja expressed interest in a matrimony profile","false"
"2026-04-12T09:23:18.275Z","💑","Gaurav Reja expressed interest in a matrimony profile","false"
"2026-04-12T09:28:31.083Z","💑","Gaurav Reja expressed interest in a matrimony profile","false"
"2026-04-12T09:37:57.548Z","💑","Gaurav Reja expressed interest in a matrimony profile","false"
"2026-04-14T12:18:21.413Z","💑","Gaurav Reja expressed interest in a matrimony profile","false"
"2026-04-14T17:17:09.489Z","👤","Manoj kumar Gupta registered (auto-approved)","false"
"2026-04-17T13:09:57.505Z","👤","shailesh gupta registered (auto-approved)","false"
"2026-04-17T13:19:52.845Z","💑","shailesh gupta expressed interest in a matrimony profile","false"
"2026-04-17T13:20:22.242Z","💑","shailesh gupta expressed interest in a matrimony profile","false"
"2026-04-17T13:34:35.358Z","💑","shailesh gupta expressed interest in a matrimony profile","false"
"2026-04-17T13:35:26.063Z","💑","shailesh gupta expressed interest in a matrimony profile","false"
"2026-04-18T07:46:57.307Z","👤","Abhishek Gupta registered (auto-approved)","false"
"2026-04-18T08:45:50.670Z","👤","Pramod Gupta registered (auto-approved)","false"
"2026-04-18T08:47:15.507Z","👤","Prashant Chauda registered (auto-approved)","false"
"2026-04-18T09:19:34.276Z","👤","Manas Gupta registered","false"
"2026-04-18T09:21:57.151Z","👤","Madhur Kumar Billaiya registered","false"
"2026-04-18T09:28:38.578Z","✅","Manas Gupta approved by Gaurav Reja","false"
"2026-04-18T09:28:42.080Z","✅","Madhur Kumar Billaiya approved by Gaurav Reja","false"
"2026-04-18T09:32:27.165Z","👤","Shyamji Gupta registered (auto-approved)","false"
"2026-04-18T19:22:56.540Z","💑","shailesh gupta expressed interest in a matrimony profile","false"
"2026-04-18T19:25:05.504Z","👤","Gopal registered (auto-approved)","false"
"2026-04-18T19:30:36.575Z","💑","Gopal expressed interest in a matrimony profile","false"
"2026-04-19T03:31:05.341Z","📣","Gaurav Reja sent broadcast: ""Gahoi Portal Update"" to 76 members","false"
"2026-04-19T03:31:12.722Z","👤","NILAY GUPTA registered (auto-approved)","false"
"2026-04-19T03:38:18.400Z","👤","Nikhil Viswari registered","false"
"2026-04-19T03:39:59.962Z","✅","Nikhil Viswari approved by Gaurav Reja","false"
"2026-04-19T04:53:09.883Z","👤","Vinay Nagriya registered (auto-approved)","false"
"2026-04-19T07:11:02.280Z","👤","Manish Gupta registered","false"
"2026-04-19T07:11:30.084Z","✅","Manish Gupta approved by Gaurav Reja","false"
"2026-04-19T07:13:29.841Z","👤","Saurabh Gupta registered","false"
"2026-04-19T07:14:05.294Z","✅","Saurabh Gupta approved by Gaurav Reja","false"
"2026-04-19T07:24:04.768Z","👤","Apoorva Gupta registered (auto-approved)","false"
"2026-04-19T08:41:39.166Z","💑","Nikhil Viswari expressed interest in a matrimony profile","false"
"2026-04-19T09:10:13.374Z","💑","Manoj kumar Gupta expressed interest in a matrimony profile","false"
"2026-04-19T09:30:10.597Z","👤","NITIN GUPTA registered (auto-approved)","false"
"2026-04-19T09:31:49.091Z","💑","Nikhil Viswari expressed interest in a matrimony profile","false"
"2026-04-19T15:34:24.364Z","👤","Ajay Kankane registered (auto-approved)","false"
"2026-04-19T17:17:11.150Z","👤","Vishal Kurele registered (auto-approved)","false"
"2026-04-19T17:52:12.642Z","👤","Dr. KARUNESH CHANDRA GUPTA registered","false"
"2026-04-19T17:56:23.532Z","👤","ANURAG RUSIA registered (auto-approved)","false"
"2026-04-19T18:02:46.832Z","👤","Sandeep Gupta registered (auto-approved)","false"
"2026-04-19T18:27:50.658Z","✅","Dr. KARUNESH CHANDRA GUPTA approved by Gaurav Reja","false"
"2026-04-19T18:29:09.171Z","👤","Dr Basant Kumar Gupta registered (auto-approved)","false"
"2026-04-19T20:40:20.952Z","👤","Ar. Aman Gupta registered (auto-approved)","false"
"2026-04-20T04:30:49.091Z","👤","Alok Misuriya registered (auto-approved)","false"
"2026-04-20T04:59:09.544Z","💑","Ar. Aman Gupta expressed interest in a matrimony profile","false"
"2026-04-20T05:08:11.284Z","👤","Nikhil Gupta registered (auto-approved)","false"
"2026-04-20T08:32:28.730Z","👤","Brij Mohan Gupta ( Gandhi) registered","false"
"2026-04-20T08:39:23.791Z","✅","Brij Mohan Gupta ( Gandhi) approved by Gaurav Reja","false"
"2026-04-20T09:59:04.930Z","👤","Dr. Arvind Kumar Gupta (Biswari) registered (auto-approved)","false"
"2026-04-20T10:39:50.178Z","👤","Manohar Lal Barsainya registered","false"
"2026-04-20T10:40:25.368Z","✅","Manohar Lal Barsainya approved by Gaurav Reja","false"
"2026-04-20T16:55:03.082Z","👤","gd gupta registered (auto-approved)","false"
"2026-04-21T10:22:57.210Z","👤","Paresh Choudhary registered (auto-approved)","false"
"2026-04-21T19:01:29.307Z","👤","Mukesh Gupta registered (auto-approved)","false"
"2026-04-22T06:39:16.062Z","👤","Pankaj Pipersaniya registered (auto-approved)","false"
"2026-04-22T12:48:03.404Z","👤","Gyanendra Kumar Rawat registered (auto-approved)","false"
"2026-04-23T15:00:10.923Z","💑","ANURAG RUSIA expressed interest in a matrimony profile","false"
"2026-04-28T18:14:25.767Z","👤","Sandeep gupta registered (auto-approved)","false"
"2026-04-29T12:24:33.598Z","👤","Ajay Kumar Gupta registered","false"
"2026-04-29T12:30:41.011Z","✅","Ajay Kumar Gupta approved by Gaurav Reja","false"
"2026-04-30T03:40:16.401Z","👤","Rashmi Gupta registered (auto-approved)","false"
"2026-05-02T16:23:27.477Z","👤","Chirag Reja registered (auto-approved)","false"
"2026-05-03T18:30:46.593Z","👤","Sumit Gupta registered (auto-approved)","false"
"2026-05-04T07:40:57.813Z","📢","Admin posted event: Chai Pe Charcha","false"
"2026-05-04T17:42:36.369Z","👤","Sachin Pahariya registered (auto-approved)","false"
"2026-05-04T17:45:03.677Z","💑","Sachin Pahariya expressed interest in a matrimony profile","false"
"2026-05-04T17:47:17.337Z","💑","Sachin Pahariya expressed interest in a matrimony profile","false"
"2026-05-04T17:47:43.077Z","💑","Sachin Pahariya expressed interest in a matrimony profile","false"
"2026-05-04T17:47:48.984Z","💑","Sachin Pahariya expressed interest in a matrimony profile","false"
"2026-05-04T18:22:14.728Z","👤","Rajendra Kumar Gupta registered","false"
"2026-05-04T18:22:50.870Z","✅","Rajendra Kumar Gupta approved by Gaurav Reja","false"
"2026-05-05T02:24:17.928Z","👤","Vaibhav Gupta registered (auto-approved)","false"
"2026-05-05T02:25:55.192Z","💑","Vaibhav Gupta expressed interest in a matrimony profile","false"
"2026-05-05T04:09:10.461Z","👤","Sachin Gupta registered (auto-approved)","false"
"2026-05-05T07:32:26.309Z","👤","ankit Gupta registered","false"
"2026-05-05T08:12:52.136Z","✅","ankit Gupta approved by Gaurav Reja","false"
"2026-05-05T08:13:03.032Z","✅","ankit Gupta approved by Gaurav Reja","false"
"2026-05-07T07:03:56.366Z","👤","sanjay kumar gupta registered","false"
"2026-05-07T07:19:30.166Z","✅","sanjay kumar gupta approved by Gaurav Reja","false"
"2026-05-09T07:37:42.835Z","👤","sdsdf registered","false"
"2026-05-09T07:38:40.051Z","❌","sdsdf rejected by Gaurav Reja","false"
"2026-05-09T07:39:04.670Z","🗑","sdsdf permanently deleted by Gaurav Reja","false"
"2026-05-09T09:08:25.922Z","👤","Ankit Gupta registered (auto-approved)","false"
"2026-05-09T10:12:22.550Z","💑","Shrinivash Gupta expressed interest in a matrimony profile","false"
"2026-05-09T12:31:06.167Z","👤","Ashish Gupta registered (auto-approved)","false"
"2026-05-09T17:31:00.290Z","💑","Ankit Gupta expressed interest in a matrimony profile","false"
"2026-05-10T05:13:26.505Z","👤","Dr.Dheeraj kumar Gupta registered","false"
"2026-05-10T05:22:56.134Z","✅","Dr.Dheeraj kumar Gupta approved by Gaurav Reja","false"
"2026-05-10T05:32:49.245Z","👤","Mahesh Chandra Gupta Seth registered (auto-approved)","false"
"2026-05-10T10:28:46.815Z","👤","SUMIT KUMAR GUPTA registered (auto-approved)","false"
"2026-05-11T09:29:45.337Z","👤","Gaurav Reja registered (auto-approved)","false"
"2026-05-11T10:43:42.101Z","👤","Gahoi ashish R. P suhane registered","false"
"2026-05-11T11:10:56.815Z","✅","Gahoi ashish R. P suhane approved by Dheeraj Gupta(चऊदा)","false"
"2026-05-11T11:11:06.875Z","✅","Gahoi ashish R. P suhane approved by Dheeraj Gupta(चऊदा)","false"
"2026-05-11T11:11:11.725Z","✅","Gahoi ashish R. P suhane approved by Dheeraj Gupta(चऊदा)","false"
"2026-05-11T12:22:51.663Z","👤","Nikunj gupta registered (auto-approved)","false"
"2026-05-11T13:33:27.435Z","👤","sparsh gupta registered (auto-approved)","false"
"2026-05-11T13:35:06.571Z","👤","Anmol Gupta registered (auto-approved)","false"
"2026-05-11T13:39:02.708Z","👤","Deepesh Reja registered (auto-approved)","false"
"2026-05-12T08:27:17.455Z","👤","Aashish Tikarya registered","false"
"2026-05-12T08:29:57.408Z","✅","Aashish Tikarya approved by Gaurav Reja","false"
"2026-05-12T11:03:25.011Z","👤","adarsh Rusia registered (auto-approved)","false"
"2026-05-12T11:32:01.986Z","👤","Kamlesh gupta registered","false"
"2026-05-12T11:32:35.748Z","✅","Kamlesh gupta approved by Gaurav Reja","false"
"2026-05-12T11:44:27.364Z","👤","Yogesh Reja registered","false"
"2026-05-12T11:49:03.767Z","✅","Yogesh Reja approved by Gaurav Reja","false"
"2026-05-12T12:00:15.653Z","👤","RAJIV KUMAR GUPTA registered (auto-approved)","false"
"2026-05-12T12:09:43.809Z","👤","Sanjay Reja registered (auto-approved)","false"
"2026-05-12T12:24:57.995Z","👤","Meenakshi gupta registered (auto-approved)","false"
"2026-05-12T12:43:09.625Z","👤","Jagdamba Sohaney registered","false"
"2026-05-12T13:06:18.652Z","✅","Jagdamba Sohaney approved by Gaurav Reja","false"
"2026-05-12T14:30:12.250Z","👤","DIVYANSH GUPTA registered (auto-approved)","false"
"2026-05-12T15:43:26.283Z","👤","Jeet Gupta registered (auto-approved)","false"
"2026-05-12T17:17:00.961Z","👤","Rajat S Kankane registered (auto-approved)","false"
"2026-05-13T14:17:58.381Z","👤","Rajeev  Gupta registered (auto-approved)","false"
"2026-05-14T03:34:57.579Z","👤","shivam gupta registered (auto-approved)","false"
"2026-05-14T05:55:00.192Z","👤","Rajat Gupta registered (auto-approved)","false"
"2026-05-14T07:12:53.567Z","👤","Demo registered (Quick Signup, pending)","false"
"2026-05-14T07:13:50.469Z","✅","Demo approved by Gaurav Reja","false"
"2026-05-14T07:13:54.292Z","✅","Demo approved by Gaurav Reja","false"
"2026-05-14T07:26:02.682Z","🗑","Demo permanently deleted by Gaurav Reja","false"
"2026-05-14T09:02:33.385Z","👤","Aditi Gupta registered (Quick Signup, pending)","false"
"2026-05-14T09:03:13.872Z","✅","Aditi Gupta approved by Gaurav Reja","false"
"2026-05-15T22:26:34.935Z","👤","RAJIV GUPTA ( NEEKHRA) registered (Quick Signup, pending)","false"
"2026-05-16T01:11:24.398Z","✅","RAJIV GUPTA ( NEEKHRA) approved by Dheeraj Gupta(चऊदा)","false"
"2026-05-18T13:23:44.594Z","💑","sanjay kumar gupta expressed interest in a matrimony profile","false"
"2026-05-19T11:17:41.692Z","💑","Gaurav Rawat expressed interest in a matrimony profile","false"
"2026-05-19T11:18:48.914Z","💑","Gaurav Rawat expressed interest in a matrimony profile","false"
"2026-05-19T11:23:57.709Z","👤","Muskan Gupta registered (Quick Signup, pending)","false"
"2026-05-19T11:25:15.662Z","✅","Muskan Gupta approved by Dheeraj Gupta(चऊदा)","false"
"2026-05-20T04:57:53.584Z","👤","Akshay Gandhi registered (Quick Signup, pending)","false"
"2026-05-20T05:10:30.579Z","✅","Akshay Gandhi approved by Gaurav Reja","false"
"2026-05-20T05:43:51.242Z","👤","Saurabh kharya registered (Quick Signup, pending)","false"
"2026-05-20T05:54:54.908Z","👤","ram naresh gupta registered (Quick Signup, pending)","false"
"2026-05-20T06:21:17.277Z","✅","Saurabh kharya approved by Gaurav Reja","false"
"2026-05-20T06:21:22.170Z","✅","ram naresh gupta approved by Gaurav Reja","false"
"2026-05-20T07:07:03.263Z","👤","Mohan Rusia registered (auto-approved)","false"
"2026-05-23T03:43:53.077Z","👤","Haridas suhane registered (Quick Signup, pending)","false"
"2026-05-23T03:52:31.935Z","✅","Haridas suhane approved by Gaurav Reja","false"
"2026-05-23T18:08:15.720Z","👤","Mohit Rusia registered (auto-approved)","false"
"2026-05-23T18:15:13.728Z","👤","Ashish Kumar Gupta registered (Quick Signup, auto-approved)","false"
"2026-05-23T19:42:02.656Z","👤","NITESH GUPTA registered (auto-approved)","false"
"2026-05-24T03:02:56.718Z","👤","Jayant Barsaiyan registered (Quick Signup, pending)","false"
"2026-05-24T03:13:59.049Z","✅","Jayant Barsaiyan approved by Gaurav Reja","false"
"2026-05-24T03:34:32.156Z","👤","Pawan dadarya registered (Quick Signup, pending)","false"
"2026-05-24T03:35:10.918Z","✅","Pawan dadarya approved by Gaurav Reja","false"
"2026-05-24T04:09:43.708Z","👤","Dinesh Gupta registered (Quick Signup, auto-approved)","false"
"2026-05-24T04:11:02.226Z","👤","RAMJI Lal Gupta registered (Quick Signup, pending)","false"
"2026-05-24T04:21:25.989Z","👤","Rajkumar Gupta registered (auto-approved)","false"
"2026-05-24T04:38:02.338Z","👤","Shyam ji gupta registered (Quick Signup, pending)","false"
"2026-05-24T04:42:54.912Z","💑","Dinesh Gupta expressed interest in a matrimony profile","false"
"2026-05-24T05:11:40.131Z","✅","Shyam ji gupta approved by Gaurav Reja","false"
"2026-05-24T05:29:15.349Z","✅","RAMJI Lal Gupta approved by Gaurav Reja","false"
"2026-05-24T05:44:36.016Z","👤","Dev Neekhra registered (Quick Signup, pending)","false"
"2026-05-24T05:47:34.425Z","✅","Dev Neekhra approved by Gaurav Reja","false"
"2026-05-24T06:13:03.006Z","👤","Muskaan Gupta registered (Quick Signup, pending)","false"
"2026-05-24T06:14:56.996Z","✅","Muskaan Gupta approved by Dheeraj Gupta(चऊदा)","false"
"2026-05-24T07:07:03.817Z","👤","Ajay Kumar Gupta registered (auto-approved)","false"
"2026-05-24T07:10:11.651Z","👤","MAYANK GUPTA registered (Quick Signup, pending)","false"
"2026-05-24T07:10:57.227Z","✅","MAYANK GUPTA approved by Gaurav Reja","false"
"2026-05-24T07:21:56.422Z","💑","Anil Prakash Neekhra expressed interest in a matrimony profile","false"
"2026-05-24T07:27:17.957Z","💑","Anil Prakash Neekhra expressed interest in a matrimony profile","false"
"2026-05-24T07:30:56.499Z","👤","Umesh kumar kankane registered (Quick Signup, pending)","false"
"2026-05-24T07:31:42.259Z","✅","Umesh kumar kankane approved by Gaurav Reja","false"
"2026-05-24T07:57:41.936Z","👤","Amit Sarawagi registered (Quick Signup, pending)","false"
"2026-05-24T07:58:20.430Z","✅","Amit Sarawagi approved by Dheeraj Gupta(चऊदा)","false"
"2026-05-24T08:12:40.018Z","👤","Ratnesh Kumar Gupta registered (Quick Signup, pending)","false"
"2026-05-24T08:26:31.100Z","👤","RAMESH GUPTA registered (Quick Signup, auto-approved)","false"
"2026-05-24T08:29:40.405Z","👤","Ramesh Gupta registered (Quick Signup, pending)","false"
"2026-05-24T08:29:53.039Z","👤","Pankaj Gupta registered (Quick Signup, pending)","false"
"2026-05-24T08:41:01.060Z","✅","Ratnesh Kumar Gupta approved by Dheeraj Gupta(चऊदा)","false"
"2026-05-24T08:41:11.903Z","✅","Ramesh Gupta approved by Dheeraj Gupta(चऊदा)","false"
"2026-05-24T08:41:15.817Z","✅","Pankaj Gupta approved by Dheeraj Gupta(चऊदा)","false"
"2026-05-24T09:09:51.993Z","👤","Adarsh Gupta registered (Quick Signup, auto-approved)","false"
"2026-05-24T09:44:02.524Z","👤","Manoj Gupta registered (Quick Signup, pending)","false"
"2026-05-24T09:44:08.409Z","💑","Adarsh Gupta expressed interest in a matrimony profile","false"
"2026-05-24T09:46:21.046Z","✅","Manoj Gupta approved by Gaurav Reja","false"
"2026-05-24T09:47:22.679Z","👤","Ram Kumar Gupta registered (auto-approved)","false"
"2026-05-24T10:01:20.661Z","👤","Ankit Gupta (Seth) registered (Quick Signup, auto-approved)","false"
"2026-05-24T10:04:51.279Z","💑","Ankit Gupta (Seth) expressed interest in a matrimony profile","false"
"2026-05-24T10:49:32.659Z","👤","Romharshan registered (Quick Signup, pending)","false"
"2026-05-24T10:51:08.837Z","👤","Atul Kumar Gupta registered (Quick Signup, auto-approved)","false"
"2026-05-24T10:52:11.770Z","👤","Dilip G Gupta registered (Quick Signup, pending)","false"
"2026-05-24T10:57:32.999Z","👤","VIJAY KUMAR GUPTA registered (Quick Signup, pending)","false"
"2026-05-24T11:42:56.807Z","✅","Romharshan approved by Gaurav Reja","false"
"2026-05-24T11:43:01.247Z","✅","Dilip G Gupta approved by Gaurav Reja","false"
"2026-05-24T11:43:16.377Z","✅","VIJAY KUMAR GUPTA approved by Gaurav Reja","false"
"2026-05-24T11:58:57.688Z","👤","Sanjay Gupta registered (Quick Signup, pending)","false"
"2026-05-24T12:02:26.800Z","👤","Vishnu Prasad Gupta registered (auto-approved)","false"
"2026-05-24T12:38:22.849Z","👤","Vaibhav Gahoi registered (auto-approved)","false"
"2026-05-24T13:22:51.857Z","👤","K. D. Gupta registered (auto-approved)","false"
"2026-05-24T13:25:09.564Z","✅","Sanjay Gupta approved by Dheeraj Gupta(चऊदा)","false"
"2026-05-24T13:33:34.387Z","👤","Ramnivas GUPTA registered (Quick Signup, pending)","false"
"2026-05-24T14:10:05.880Z","👤","Mukesh Gupta registered (Quick Signup, auto-approved)","false"
"2026-05-24T14:36:49.861Z","👤","Shipra Gupta registered (Quick Signup, pending)","false"
"2026-05-24T15:37:22.673Z","👤","Arpit Gupta registered (auto-approved)","false"
"2026-05-24T16:05:12.419Z","💑","Mukesh Gupta expressed interest in a matrimony profile","false"
"2026-05-24T16:05:18.691Z","💑","Mukesh Gupta expressed interest in a matrimony profile","false"
"2026-05-24T16:08:37.198Z","💑","Mukesh Gupta expressed interest in a matrimony profile","false"
"2026-05-24T16:20:42.190Z","💑","Mukesh Gupta expressed interest in a matrimony profile","false"
"2026-05-24T16:43:51.145Z","✅","Shipra Gupta approved by Dheeraj Gupta(चऊदा)","false"
"2026-05-24T16:43:52.955Z","✅","Ramnivas GUPTA approved by Dheeraj Gupta(चऊदा)","false"
"2026-05-24T17:51:55.503Z","💑","Adarsh Gupta expressed interest in a matrimony profile","false"
"2026-05-24T17:51:57.535Z","💑","Adarsh Gupta expressed interest in a matrimony profile","false"
"2026-05-24T17:56:41.926Z","💑","Adarsh Gupta expressed interest in a matrimony profile","false"
"2026-05-24T18:49:40.322Z","👤","Ankit Rusia registered (Quick Signup, pending)","false"
"2026-05-24T20:55:21.765Z","👤","Raj Gupta registered (auto-approved)","false"
"2026-05-24T21:55:37.043Z","✅","Ankit Rusia approved by Gaurav Reja","false"
"2026-05-25T03:50:10.628Z","💑","Mohan Rusia expressed interest in a matrimony profile","false"
"2026-05-25T03:51:40.681Z","💑","Mohan Rusia expressed interest in a matrimony profile","false"
"2026-05-25T03:54:19.670Z","💑","Mohan Rusia expressed interest in a matrimony profile","false"
"2026-05-25T04:16:11.414Z","💑","Mohan Rusia expressed interest in a matrimony profile","false"
"2026-05-25T07:20:49.115Z","👤","RAGHVENDRA PRASAD RUSIA registered (Quick Signup, pending)","false"
"2026-05-25T07:22:03.781Z","✅","RAGHVENDRA PRASAD RUSIA approved by Gaurav Reja","false"
"2026-05-25T08:15:26.248Z","👤","pawan kumar gupta registered (Quick Signup, pending)","false"
"2026-05-25T08:15:56.754Z","✅","pawan kumar gupta approved by Gaurav Reja","false"
"2026-05-25T08:32:39.090Z","👤","Lokesh neekhara registered (Quick Signup, pending)","false"
"2026-05-25T08:35:09.881Z","✅","Lokesh neekhara approved by Gaurav Reja","false"
"2026-05-25T10:17:21.909Z","👤","Anuj Gupta registered (Quick Signup, pending)","false"
"2026-05-25T10:18:07.234Z","✅","Anuj Gupta approved by Gaurav Reja","false"
"2026-05-25T10:42:07.781Z","👤","Ramesh Gupta registered (auto-approved)","false"
"2026-05-25T12:19:54.328Z","👤","Meena Suhane registered (auto-approved)","false"
"2026-05-26T06:15:24.484Z","💑","MAYANK GUPTA expressed interest in a matrimony profile","false"
"2026-05-26T08:22:30.506Z","💑","Mohan Rusia expressed interest in a matrimony profile","false"
"2026-05-26T10:56:17.280Z","👤","Swarnim Gupta registered (Quick Signup, auto-approved)","false"
"2026-05-26T12:04:45.567Z","💑","Mukesh Gupta expressed interest in a matrimony profile","false"
"2026-05-26T12:11:33.753Z","💑","Mukesh Gupta expressed interest in a matrimony profile","false"
"2026-05-26T18:47:12.277Z","💑","Gaurav Reja expressed interest in a matrimony profile","false"
"2026-05-27T07:40:27.061Z","👤","Rakesh Rawat registered (Quick Signup, pending)","false"
"2026-05-27T07:41:06.169Z","✅","Rakesh Rawat approved by Gaurav Reja","false"
"2026-05-27T08:10:41.799Z","💑","MAYANK GUPTA expressed interest in a matrimony profile","false"
"2026-05-27T08:11:51.364Z","💑","MAYANK GUPTA expressed interest in a matrimony profile","false"
"2026-05-28T02:48:28.736Z","💑","Mukesh Gupta expressed interest in a matrimony profile","false"
"2026-05-28T07:12:12.009Z","💑","Mohan Rusia expressed interest in a matrimony profile","false"
"2026-05-28T17:08:26.994Z","💑","Muskan Gupta expressed interest in a matrimony profile","false"
"2026-05-30T09:59:35.087Z","👤","Akhilesh Rusia registered (Quick Signup, auto-approved)","false"
"2026-05-31T03:10:27.663Z","💑","MAYANK GUPTA expressed interest in a matrimony profile","false"
"2026-05-31T11:52:03.544Z","👤","Rajendra Raj Suhane registered (Quick Signup, pending)","false"
"2026-05-31T12:57:19.291Z","✅","Rajendra Raj Suhane approved by Gaurav Reja","false"
"2026-05-31T12:57:27.629Z","✅","Rajendra Raj Suhane approved by Gaurav Reja","false"
"2026-05-31T17:02:47.664Z","👤","OmPrakash Gupta registered (Quick Signup, auto-approved)","false"
"2026-06-02T10:29:01.557Z","👤","Ramkumar Kuchiya registered (Quick Signup, auto-approved)","false"
"2026-06-03T12:17:55.947Z","💑","Gopal expressed interest in a matrimony profile","false"
"2026-06-03T12:19:07.372Z","💑","Gopal expressed interest in a matrimony profile","false"
"2026-06-04T10:14:24.767Z","💑","ankit Gupta expressed interest in a matrimony profile","false"
"2026-06-04T12:48:43.241Z","👤","SHAILESH KUMAR GUPTA registered (Quick Signup, auto-approved)","false"
"2026-06-04T13:29:15.775Z","👤","Gaurav Reja registered (Quick Signup, auto-approved)","false"
"2026-06-04T13:30:46.151Z","🗑","Gaurav Reja permanently deleted by Gaurav Reja","false"
"2026-06-04T16:21:56.624Z","👤","Shubham Gupta registered (Quick Signup, pending)","false"
"2026-06-04T16:55:29.485Z","✅","Shubham Gupta approved by Gaurav Reja","false"
"2026-06-05T11:43:52.474Z","👤","Jitendra Kumar Gupta (gera) registered (auto-approved)","false"
"2026-06-06T04:32:56.858Z","💑","Mohan Rusia expressed interest in a matrimony profile","false"
"2026-06-06T14:25:05.186Z","👤","Dr. Anuj Gupta registered (Quick Signup, auto-approved)","false"
"2026-06-07T02:19:57.256Z","👤","Neha Gupta registered (Quick Signup, auto-approved)","false"
"2026-06-08T09:25:15.225Z","👤","MANISH SARAWAGI registered (Quick Signup, pending)","false"
"2026-06-08T09:25:17.995Z","👤","Vikash Gupta registered (Quick Signup, pending)","false"
"2026-06-08T09:26:01.832Z","✅","MANISH SARAWAGI approved by Gaurav Reja","false"
"2026-06-08T09:26:03.228Z","✅","Vikash Gupta approved by Gaurav Reja","false"
"2026-06-08T16:08:38.324Z","👤","Dhruv more registered (Quick Signup, auto-approved)","false"
"2026-06-09T01:43:03.424Z","👤","Raj kumar Gupta registered (Quick Signup, pending)","false"
"2026-06-09T02:03:26.510Z","✅","Raj kumar Gupta approved by Gaurav Reja","false"
"2026-06-09T05:15:51.747Z","👤","Deep Lohiya registered (auto-approved)","false"
"2026-06-10T06:00:39.771Z","💑","Mohan Rusia expressed interest in a matrimony profile","false"
"2026-06-10T09:53:35.735Z","👤","Manoj Baderiya registered (auto-approved)","false"
"2026-06-10T10:34:21.124Z","👤","GANESHI LAL Baderiya registered (auto-approved)","false"
"2026-06-10T13:18:37.747Z","👤","Ayush chhawal registered (Quick Signup, auto-approved)","false"
"2026-06-11T11:56:29.205Z","👤","MUKESH AGGARWAL registered (Quick Signup, auto-approved)","false"
"2026-06-13T03:51:28.493Z","👤","Yash registered (Quick Signup, pending)","false"
"2026-06-13T04:01:11.284Z","✅","Yash approved by Gaurav Reja","false"
"2026-06-13T06:52:11.401Z","👤","Ghanshyamdas Gupta registered (auto-approved)","false"
"2026-06-13T10:48:13.202Z","👤","Vikas gupta registered (Quick Signup, pending)","false"
"2026-06-13T10:48:41.503Z","✅","Vikas gupta approved by Gaurav Reja","false"
"2026-06-13T11:33:22.439Z","👤","Devesh Kumar Gupta registered (Quick Signup, pending)","false"
"2026-06-13T12:13:22.761Z","✅","Devesh Kumar Gupta approved by Gaurav Reja","false"
"2026-06-14T05:43:18.293Z","👤","Prahlad Gupta registered (auto-approved)","false"
"2026-06-16T11:50:55.703Z","👤","Sanjay Gupta registered (Quick Signup, pending)","false"
"2026-06-16T12:47:58.273Z","✅","Sanjay Gupta approved by Gaurav Reja","false"
"2026-06-16T18:35:43.484Z","👤","Amit Bichpuria registered (auto-approved)","false"
"2026-06-16T18:51:48.861Z","💑","Amit Bichpuria expressed interest in a matrimony profile","false"
"2026-06-17T04:35:47.146Z","👤","Jitendra Gupta registered (Quick Signup, pending)","false"
"2026-06-17T04:46:59.878Z","✅","Jitendra Gupta approved by Gaurav Reja","false"
"2026-06-17T05:46:26.371Z","👤","Saket Gupta registered (Quick Signup, pending)","false"
"2026-06-17T05:50:57.191Z","✅","Saket Gupta approved by Dheeraj Gupta(चऊदा)","false"
"2026-06-17T07:30:06.933Z","👤","Rakesh Kumar Kankane registered (Quick Signup, pending)","false"
"2026-06-17T07:30:46.042Z","✅","Rakesh Kumar Kankane approved by Gaurav Reja","false"
"2026-06-17T12:26:21.155Z","👤","Rajesh Gupta registered (Quick Signup, auto-approved)","false"
"2026-06-18T04:09:37.606Z","👤","Vineet Masuraha registered (auto-approved)","false"
"2026-06-18T07:44:06.953Z","👤","Aravind Gupta registered (Quick Signup, pending)","false"
"2026-06-18T07:51:23.133Z","✅","Aravind Gupta approved by Gaurav Reja","false"
"2026-06-18T10:06:56.890Z","👤","RANU Gupta Bilaiya Adhyksh registered (auto-approved)","false"
"2026-06-18T13:39:55.312Z","👤","NISHANT GUPTA registered (auto-approved)","false"
"2026-06-18T13:59:58.968Z","👤","Rishav Gupta registered (auto-approved)","false"
"2026-06-18T14:20:27.702Z","👤","Gopal Bundelkhandi registered (Quick Signup, pending)","false"
"2026-06-18T14:55:09.042Z","👤","akhilesh kumar registered (Quick Signup, pending)","false"
"2026-06-18T18:23:39.722Z","👤","Saurabh Sohane registered (Quick Signup, pending)","false"
"2026-06-18T19:16:23.155Z","👤","Sparsh Gupta registered (auto-approved)","false"
"2026-06-19T03:26:24.103Z","👤","sumit kankane registered (Quick Signup, pending)","false"
"2026-06-19T03:56:10.340Z","✅","Gopal Bundelkhandi approved by Gaurav Reja","false"
"2026-06-19T03:56:15.069Z","✅","akhilesh kumar approved by Gaurav Reja","false"
"2026-06-19T03:56:25.869Z","✅","Saurabh Sohane approved by Gaurav Reja","false"
"2026-06-19T03:56:39.787Z","✅","sumit kankane approved by Gaurav Reja","false"
"2026-06-19T13:40:25.208Z","👤","Manish Gupta registered (Quick Signup, pending)","false"
"2026-06-19T13:51:47.779Z","✅","Manish Gupta approved by Gaurav Reja","false"
"2026-06-20T03:36:58.906Z","👤","Ankit Gupta registered (auto-approved)","false"
"2026-06-20T06:41:00.101Z","👤","Anjesh Kumar Gupta registered (Quick Signup, auto-approved)","false"
"2026-06-20T15:09:00.328Z","👤","Rajiv  gupta registered (Quick Signup, pending)","false"
"2026-06-20T15:14:58.987Z","✅","Rajiv  gupta approved by Gaurav Reja","false"
"2026-06-20T17:19:23.180Z","💑","Ashish seth expressed interest in a matrimony profile","false"
"2026-06-21T04:02:03.638Z","👤","Praveen Gupta registered (Quick Signup, pending)","false"
"2026-06-21T04:53:56.445Z","👤","Prasoon Chapra registered (Quick Signup, pending)","false"
"2026-06-21T05:00:31.677Z","✅","Prasoon Chapra approved by Gaurav Reja","false"
"2026-06-21T05:00:46.562Z","✅","Praveen Gupta approved by Gaurav Reja","false"
"2026-06-21T06:37:43.035Z","👤","Rohit Gupta registered (Quick Signup, pending)","false"
"2026-06-21T06:47:48.757Z","✅","Rohit Gupta approved by Gaurav Reja","false"
"2026-06-21T11:55:25.513Z","👤","Premnarain Gupta registered (Quick Signup, pending)","false"
"2026-06-21T12:01:07.998Z","✅","Premnarain Gupta approved by Dheeraj Gupta(चऊदा)","false"
"2026-06-22T02:40:59.341Z","👤","Mayank gupta registered (auto-approved)","false"
"2026-06-22T02:43:25.442Z","💑","Mayank gupta expressed interest in a matrimony profile","false"
"2026-06-22T02:45:14.481Z","💑","Mayank gupta expressed interest in a matrimony profile","false"
"2026-06-22T02:46:15.554Z","💑","Mayank gupta expressed interest in a matrimony profile","false"
"2026-06-22T02:46:33.432Z","💑","Mayank gupta expressed interest in a matrimony profile","false"
"2026-06-22T02:46:52.135Z","💑","Mayank gupta expressed interest in a matrimony profile","false"
"2026-06-22T02:48:57.668Z","💑","Mayank gupta expressed interest in a matrimony profile","false"
"2026-06-22T03:03:44.907Z","💑","Mayank gupta expressed interest in a matrimony profile","false"
"2026-06-22T03:05:17.380Z","💑","Mayank gupta expressed interest in a matrimony profile","false"
"2026-06-22T03:05:44.521Z","💑","Mayank gupta expressed interest in a matrimony profile","false"
"2026-06-22T03:06:13.490Z","💑","Mayank gupta expressed interest in a matrimony profile","false"
"2026-06-22T03:06:17.210Z","💑","Mayank gupta expressed interest in a matrimony profile","false"
"2026-06-22T03:06:37.203Z","💑","Mayank gupta expressed interest in a matrimony profile","false"
"2026-06-22T03:10:08.599Z","💑","Mayank gupta expressed interest in a matrimony profile","false"
"2026-06-22T03:10:45.739Z","💑","Mayank gupta expressed interest in a matrimony profile","false"
"2026-06-22T05:42:14.835Z","💑","Mayank gupta expressed interest in a matrimony profile","false"
"2026-06-22T05:43:38.022Z","💑","Mayank gupta expressed interest in a matrimony profile","false"
"2026-06-22T12:06:36.683Z","👤","Akhilesh Kumar Choudaha registered (Quick Signup, pending)","false"
"2026-06-22T12:11:37.934Z","✅","Akhilesh Kumar Choudaha approved by Gaurav Reja","false"
"2026-06-23T14:44:52.906Z","👤","U C Gupta registered (auto-approved)","false"
"2026-06-24T05:21:39.913Z","💑","Ayush Gupta expressed interest in a matrimony profile","false"
"2026-06-24T10:31:10.829Z","👤","Rupali gupta registered (auto-approved)","false"
"2026-06-27T08:10:02.910Z","👤","Pravin Gupta registered (auto-approved)","false"
"2026-06-27T10:58:42.474Z","👤","Ayush Gupta registered (Quick Signup, auto-approved)","false"
"2026-06-27T11:02:19.939Z","💑","Ayush Gupta expressed interest in a matrimony profile","false"
"2026-06-27T16:35:00.679Z","👤","Pallavi Kathail registered (Quick Signup, pending)","false"
"2026-06-27T17:10:30.715Z","✅","Pallavi Kathail approved by Gaurav Reja","false"
"2026-06-28T15:33:25.629Z","👤","Anjali Gupta registered (Quick Signup, pending)","false"
"2026-06-28T15:55:56.418Z","✅","Anjali Gupta approved by Gaurav Reja","false"
"2026-06-28T17:00:59.562Z","👤","Sanjay Gupta registered (auto-approved)","false"
"2026-06-29T16:35:00.974Z","👤","Anil Kumar Gupta registered (Quick Signup, pending)","false"
"2026-06-29T16:41:30.219Z","✅","Anil Kumar Gupta approved by Gaurav Reja","false"
"2026-07-03T16:16:28.932Z","👤","Yogesh Gupta registered (Quick Signup, pending)","false"
"2026-07-03T17:03:50.368Z","✅","Yogesh Gupta approved by Gaurav Reja","false"
"2026-07-04T10:25:36.327Z","👤","Karuna Gupta registered (auto-approved)","false"
"2026-07-04T13:09:11.895Z","💑","Saurabh kharya expressed interest in a matrimony profile","false"
"2026-07-06T15:42:03.457Z","💑","Mayank gupta expressed interest in a matrimony profile","false"
"2026-07-06T15:44:03.201Z","💑","Mayank gupta expressed interest in a matrimony profile","false"
"2026-07-06T15:44:31.914Z","💑","Mayank gupta expressed interest in a matrimony profile","false"
"2026-07-06T15:45:43.318Z","💑","Mayank gupta expressed interest in a matrimony profile","false"
"2026-07-06T15:46:23.331Z","💑","Mayank gupta expressed interest in a matrimony profile","false"
"2026-07-06T15:46:47.608Z","💑","Mayank gupta expressed interest in a matrimony profile","false"
"2026-07-06T15:46:51.311Z","💑","Mayank gupta expressed interest in a matrimony profile","false"
"2026-07-06T15:46:57.990Z","💑","Mayank gupta expressed interest in a matrimony profile","false"
"2026-07-06T15:47:15.559Z","💑","Mayank gupta expressed interest in a matrimony profile","false"
"2026-07-07T07:17:44.206Z","👤","Kuldeep Gupta registered (auto-approved)","false"
"2026-07-08T06:29:52.216Z","👤","Sunil Gupta registered (Quick Signup, auto-approved)","false"
"2026-07-09T09:47:14.017Z","👤","Roshni chhirolya registered (Quick Signup, pending)","false"
"2026-07-09T12:25:07.189Z","✅","Roshni chhirolya approved by Gaurav Reja","false"
"2026-07-11T05:25:47.327Z","👤","Ramji Sharan Gupta registered (Quick Signup, auto-approved)","false"
"2026-07-11T10:45:55.777Z","👤","Aditi Gupta registered (Quick Signup, pending)","false"
"2026-07-11T10:48:56.768Z","✅","Aditi Gupta approved by Gaurav Reja","false"
"2026-07-11T11:10:17.054Z","👤","Ramu Gupta registered (Quick Signup, pending)","false"
"2026-07-11T11:29:56.878Z","✅","Ramu Gupta approved by Gaurav Reja","false"
"2026-07-12T07:49:28.033Z","👤","prince suhane registered (auto-approved)","false"
"2026-07-14T03:39:33.622Z","👤","neelkamal bilaiya registered (auto-approved)","false"
"2026-07-15T11:16:38.195Z","👤","Anup Gupta registered (Quick Signup, pending)","false"
"2026-07-15T11:17:01.169Z","👤","Mahesh Kumar Modi registered (Quick Signup, pending)","false"
"2026-07-15T11:39:05.534Z","✅","Mahesh Kumar Modi approved by Gaurav Reja","false"
"2026-07-15T11:39:10.680Z","✅","Anup Gupta approved by Gaurav Reja","false"
"2026-07-15T13:52:48.922Z","👤","Saurabh Gupta registered (auto-approved)","false"
"2026-07-15T13:57:32.525Z","👤","राजेन्द्र प्रसाद सेठ registered (Quick Signup, pending)","false"
"2026-07-15T15:00:41.599Z","✅","राजेन्द्र प्रसाद सेठ approved by Gaurav Reja","false"
"2026-07-19T08:08:14.173Z","👤","Sanjay Gupta registered (auto-approved)","false"
"2026-07-19T16:02:53.834Z","👤","Krishan Kumar Kankane registered (Quick Signup, auto-approved)","false"
"2026-07-20T03:38:23.976Z","👤","Amit gupta registered (Quick Signup, auto-approved)","false"
"2026-07-22T11:50:13.320Z","👤","Mhaveer Sharan Gupta registered (Quick Signup, auto-approved)","false"
"2026-07-22T17:54:22.537Z","💑","Amit gupta expressed interest in a matrimony profile","false"
"2026-07-22T17:56:34.177Z","💑","Amit gupta expressed interest in a matrimony profile","false"
"2026-07-22T17:56:49.212Z","💑","Amit gupta expressed interest in a matrimony profile","false"
"2026-07-22T17:56:56.610Z","💑","Amit gupta expressed interest in a matrimony profile","false"
"2026-07-22T17:57:14.504Z","💑","Amit gupta expressed interest in a matrimony profile","false"
"2026-07-22T17:57:28.553Z","💑","Amit gupta expressed interest in a matrimony profile","false"
"2026-07-22T18:03:45.579Z","💑","Amit gupta expressed interest in a matrimony profile","false"
"2026-07-22T18:04:04.487Z","💑","Amit gupta expressed interest in a matrimony profile","false"
"2026-07-22T18:04:19.459Z","💑","Amit gupta expressed interest in a matrimony profile","false"
"2026-07-22T18:04:38.725Z","💑","Amit gupta expressed interest in a matrimony profile","false"
"2026-07-22T18:06:44.833Z","💑","Amit gupta expressed interest in a matrimony profile","false"
"2026-07-22T18:06:59.818Z","💑","Amit gupta expressed interest in a matrimony profile","false"
"2026-07-22T18:07:18.930Z","💑","Amit gupta expressed interest in a matrimony profile","false"
"2026-07-22T18:07:43.629Z","💑","Amit gupta expressed interest in a matrimony profile","false"
"2026-07-22T18:07:59.198Z","💑","Amit gupta expressed interest in a matrimony profile","false"
"2026-07-22T18:08:03.025Z","💑","Amit gupta expressed interest in a matrimony profile","false"
"2026-07-25T03:18:54.032Z","👤","Ravindra Kumar Gupta registered (Quick Signup, auto-approved)","false"
"2026-07-25T13:03:22.104Z","👤","Dr Rajeev Kurele registered (Quick Signup, auto-approved)","false"
"2026-07-27T11:58:09.556Z","👤","Neerav Gupta registered (Quick Signup, pending)","false"
"2026-07-27T11:58:44.376Z","✅","Neerav Gupta approved by Gaurav Reja","false"
"2026-07-27T17:44:24.780Z","👤","Shekhar Gupta registered (Quick Signup, pending)","false"
"2026-07-27T17:56:22.117Z","✅","Shekhar Gupta approved by Dheeraj Gupta(चऊदा)","false"
"2026-07-28T17:33:37.065Z","👤","Rekha Kathal registered (Quick Signup, pending)","false"
"2026-07-28T17:36:13.916Z","✅","Rekha Kathal approved by Gaurav Reja","false"
"2026-07-29T14:48:37.608Z","💑","Arpit Gupta expressed interest in a matrimony profile","false"
"2026-07-31T09:20:41.191Z","👤","LAKI GUPTA registered (Quick Signup, pending)","false"
"2026-07-31T09:37:20.295Z","✅","LAKI GUPTA approved by Gaurav Reja","false"
"2026-08-01T14:09:41.828Z","👤","Prabhakar Tikaria registered (Quick Signup, pending)","false"
"2026-08-01T15:05:27.688Z","✅","Prabhakar Tikaria approved by Gaurav Reja","false"
"2026-08-01T15:14:25.997Z","👤","Yogesh Suhane registered (Quick Signup, auto-approved)","false"
"2026-08-02T10:14:23.420Z","💑","Yogesh Suhane expressed interest in a matrimony profile","false"
"2026-08-02T12:25:49.884Z","👤","Avinash Gupta registered (auto-approved)","false"
"2026-08-04T13:39:21.477Z","👤","Disha Ashok Gupta Gupta registered (auto-approved)","false"
"2026-08-04T17:53:54.927Z","👤","Anand Gupta registered (Quick Signup, pending)","false"
"2026-08-04T17:58:56.598Z","✅","Anand Gupta approved by Gaurav Reja","false"
"2026-08-05T10:07:46.211Z","👤","Sanjay Gupta registered (auto-approved)","false"
"2026-08-06T04:23:27.166Z","👤","Hemant Kumar Gupta registered (Quick Signup, pending)","false"
"2026-08-06T05:00:08.812Z","✅","Hemant Kumar Gupta approved by Gaurav Reja","false"
"2026-08-07T03:33:15.894Z","👤","Anurag Seth registered (auto-approved)","false"
"2026-08-07T05:41:56.848Z","👤","Utkarsh Gupta registered (Quick Signup, auto-approved)","false"
"2026-08-07T05:53:05.217Z","💑","Shekhar Gupta expressed interest in a matrimony profile","false"
"2026-08-08T04:19:00.201Z","👤","Himanshu Gupta registered (auto-approved)","false"
"2026-08-11T07:18:03.002Z","👤","Sachin Seth registered (Quick Signup, pending)","false"
"2026-08-11T07:33:19.065Z","✅","Sachin Seth approved by Gaurav Reja","false"
"2026-08-12T06:58:24.049Z","👤","सुमन कुमार रूसिया registered (Quick Signup, pending)","false"
"2026-08-12T06:58:55.688Z","✅","सुमन कुमार रूसिया approved by Gaurav Reja","false"
"2026-08-14T04:44:23.060Z","💑","Disha Ashok Gupta Gupta expressed interest in a matrimony profile","false"
"2026-08-14T04:46:12.243Z","💑","Disha Ashok Gupta Gupta expressed interest in a matrimony profile","false"
"2026-08-14T04:49:55.389Z","💑","Disha Ashok Gupta Gupta expressed interest in a matrimony profile","false"
"2026-08-14T04:50:14.047Z","💑","Disha Ashok Gupta Gupta expressed interest in a matrimony profile","false"
"2026-08-14T11:54:37.743Z","👤","SAKET GUPTA registered (Quick Signup, pending)","false"
"2026-08-14T13:02:20.517Z","👤","Rajesh Kumar Sohane registered (Quick Signup, auto-approved)","false"
"2026-08-14T13:31:19.263Z","✅","SAKET GUPTA approved by Gaurav Reja","false"
"2026-08-14T23:29:39.049Z","💑","Disha Ashok Gupta Gupta expressed interest in a matrimony profile","false"
"2026-08-16T13:25:45.224Z","👤","Kapil Neekhara registered (Quick Signup, pending)","false"
"2026-08-16T13:41:24.074Z","✅","Kapil Neekhara approved by Gaurav Reja","false"
"2026-08-19T17:30:11.235Z","💑","Adarsh Gupta expressed interest in a matrimony profile","false"
"2026-08-20T03:19:13.262Z","👤","Anuj Gupta registered (Quick Signup, pending)","false"
"2026-08-20T03:35:48.379Z","✅","Anuj Gupta approved by Gaurav Reja","false"
"2026-08-20T05:12:36.270Z","👤","Vimal Kumar Gupta registered (Quick Signup, pending)","false"
"2026-08-20T05:39:56.418Z","✅","Vimal Kumar Gupta approved by Gaurav Reja","false"
"2026-08-21T03:42:23.271Z","👤","Ayush Gupta registered (Quick Signup, pending)","false"
"2026-08-22T14:40:23.900Z","✅","Ayush Gupta approved by Gaurav Reja","false"
"2026-08-28T18:26:34.193Z","👤","Shyam Ji Gupta registered (auto-approved)","false"
"2026-08-28T18:45:16.399Z","💑","Ram Kothari expressed interest in a matrimony profile","false"
"2026-08-30T14:24:46.459Z","👤","Vijay Kumar Gupta registered (auto-approved)","false"
"2026-08-31T17:19:50.967Z","👤","rahul gupta registered (Quick Signup, pending)","false"
"2026-08-31T18:13:32.275Z","✅","rahul gupta approved by Gaurav Reja","false"
"2026-09-02T05:22:21.557Z","👤","Chandan Gupta registered (Quick Signup, pending)","false"
"2026-09-02T05:29:26.937Z","✅","Chandan Gupta approved by Gaurav Reja","false"
"2026-09-05T14:56:44.508Z","💑","Dr Sanchit Gupta expressed interest in a matrimony profile","false"
"2026-09-05T16:02:56.786Z","💑","rahul gupta expressed interest in a matrimony profile","false"
"2026-09-06T13:24:18.959Z","👤","Dinesh Kumar registered (Quick Signup, pending)","false"
"2026-09-06T13:32:38.971Z","✅","Dinesh Kumar approved by Gaurav Reja","false"
"2026-09-06T15:30:21.004Z","👤","Pradeep Gupta registered (Quick Signup, auto-approved)","false"
"2026-09-08T04:19:37.620Z","👤","Harsh Sijariya registered (auto-approved)","false"
"2026-09-12T01:47:37.956Z","👤","Manoj kumar gupta registered (Quick Signup, pending)","false"
"2026-09-12T01:49:15.364Z","✅","Manoj kumar gupta approved by Gaurav Reja","false"
"2026-09-12T01:54:24.870Z","👤","Shivansh gupta registered (Quick Signup, pending)","false"
"2026-09-12T01:55:50.738Z","✅","Shivansh gupta approved by Gaurav Reja","false"
"2026-09-12T04:32:49.828Z","👤","Utkarsh Gupta registered (auto-approved)","false"
"2026-09-12T06:48:49.221Z","👤","Sureshchandra Gupta registered (Quick Signup, pending)","false"
"2026-09-12T07:34:09.988Z","✅","Sureshchandra Gupta approved by Gaurav Reja","false"
"2026-09-12T14:52:50.859Z","👤","Amit Gupta registered (Quick Signup, pending)","false"
"2026-09-12T15:15:31.479Z","✅","Amit Gupta approved by Gaurav Reja","false"
"2026-09-12T18:51:24.773Z","👤","Shubhanshu Gupta registered (auto-approved)","false"
"2026-09-13T05:12:35.755Z","👤","G.B. GUPTA registered (Quick Signup, pending)","false"
"2026-09-13T05:13:18.546Z","✅","G.B. GUPTA approved by Gaurav Reja","false"
"2026-09-13T08:15:23.893Z","👤","Deepesh registered (Quick Signup, auto-approved)","false"
"2026-09-13T08:20:20.407Z","💑","Deepesh expressed interest in a matrimony profile","false"
"2026-09-13T08:21:13.733Z","💑","Deepesh expressed interest in a matrimony profile","false"
"2026-09-13T08:21:50.186Z","💑","Deepesh expressed interest in a matrimony profile","false"
"2026-09-13T09:19:23.847Z","💑","Deepesh expressed interest in a matrimony profile","false"
"2026-09-15T05:03:24.382Z","👤","Jitendra Gupta registered (Quick Signup, pending)","false"
"2026-09-15T05:15:30.882Z","✅","Jitendra Gupta approved by Gaurav Reja","false"
"2026-09-16T07:06:29.475Z","👤","Vikas Neekhra registered (auto-approved)","false"
"2026-09-18T17:03:09.208Z","👤","Shivam Reja registered (auto-approved)","false"
"2026-09-19T06:02:03.658Z","👤","Ayushi Gupta registered (Quick Signup, pending)","false"
"2026-09-19T06:07:12.689Z","✅","Ayushi Gupta approved by Gaurav Reja","false"
"2026-09-19T07:20:01.302Z","👤","Manoj Kumar Gupta registered (auto-approved)","false"
"2026-09-19T07:41:15.598Z","👤","Archna gupta registered (Quick Signup, auto-approved)","false"
"2026-09-19T10:45:12.348Z","👤","Rishi Gupta registered (Quick Signup, auto-approved)","false"
"2026-09-19T16:56:48.297Z","💑","Deepesh expressed interest in a matrimony profile","false"
"2026-09-20T02:38:16.417Z","👤","Jitendra Gupta registered (Quick Signup, auto-approved)","false"
"2026-09-21T08:06:30.283Z","👤","Bhavna lahariya registered (Quick Signup, pending)","false"
"2026-09-21T08:07:17.140Z","✅","Bhavna lahariya approved by Gaurav Reja","false"
"2026-09-23T18:16:30.051Z","👤","Monu gupta registered (Quick Signup, pending)","false"
"2026-09-23T18:17:49.249Z","✅","Monu gupta approved by Gaurav Rawat","false"
"2026-09-23T18:18:00.980Z","✅","Monu gupta approved by Gaurav Rawat","false"
"2026-09-24T05:39:07.863Z","👤","RK registered (auto-approved)","false"
"2026-09-25T15:12:21.056Z","👤","Aman gupta registered (Quick Signup, pending)","false"
"2026-09-25T15:22:17.740Z","✅","Aman gupta approved by Gaurav Rawat","false"
"2026-09-25T15:22:22.227Z","✅","Aman gupta approved by Gaurav Rawat","false"
"2026-09-26T15:51:58.082Z","👤","Dr shivani Gupta registered (Quick Signup, pending)","false"
"2026-09-26T15:53:47.358Z","✅","Dr shivani Gupta approved by Gaurav Rawat","false"
"2026-09-28T05:46:28.049Z","👤","Anubhav Kumar Gupta registered (Quick Signup, auto-approved)","false"
"2026-09-28T11:54:37.803Z","👤","Arpit neekhra registered (Quick Signup, pending)","false"
"2026-09-28T11:55:15.517Z","✅","Arpit neekhra approved by Gaurav Reja","false"
"2026-09-28T12:05:16.345Z","💑","Arpit neekhra expressed interest in a matrimony profile","false"
"2026-09-28T12:08:36.643Z","👤","Nancy Gupta registered (Quick Signup, auto-approved)","false"
"2026-09-29T17:51:11.180Z","👤","Vikas Naina registered (Quick Signup, auto-approved)","false"
"2026-09-29T18:01:26.685Z","👤","Dr Shivani Gupta registered (Quick Signup, pending)","false"
"2026-09-29T18:01:57.511Z","✅","Dr Shivani Gupta approved by Gaurav Reja","false"
"2026-09-29T19:13:11.636Z","💑","Vikas Naina expressed interest in a matrimony profile","false"
"2026-09-29T19:13:11.934Z","💑","Vikas Naina expressed interest in a matrimony profile","false"
"2026-09-30T08:54:07.628Z","👤","Bhanu registered (Quick Signup, auto-approved)","false"
"2026-09-30T11:50:41.216Z","👤","Atmanand Gupta Kuchiya registered (Quick Signup, auto-approved)","false"
"2026-10-01T08:17:19.329Z","👤","Narayan das Gupta registered (Quick Signup, pending)","false"
"2026-10-01T08:17:59.042Z","✅","Narayan das Gupta approved by Gaurav Reja","false"
"2026-10-02T16:00:35.365Z","👤","Ravi Gupta registered (Quick Signup, pending)","false"
"2026-10-02T16:02:11.648Z","✅","Ravi Gupta approved by Gaurav Reja","false"
"2026-10-02T16:02:21.407Z","✅","Ravi Gupta approved by Gaurav Reja","false"
"2026-10-02T16:52:41.950Z","👤","PRADEEP registered (Quick Signup, pending)","false"
"2026-10-02T16:56:03.767Z","✅","PRADEEP approved by Gaurav Reja","false"
"2026-10-02T17:05:01.651Z","👤","Gopal Gahoi registered (Quick Signup, pending)","false"
"2026-10-02T17:05:32.907Z","✅","Gopal Gahoi approved by Gaurav Reja","false"
"2026-10-02T17:22:02.341Z","👤","Shivam bijpuriya registered (Quick Signup, pending)","false"
"2026-10-02T18:10:26.350Z","👤","Anvesh Gupta registered (auto-approved)","false"
"2026-10-02T18:40:04.555Z","👤","Namita Gupta registered (auto-approved)","false"
"2026-10-02T21:30:40.327Z","✅","Shivam bijpuriya approved by Gaurav Reja","false"
"2026-10-03T00:41:01.918Z","👤","Ankit gupta registered (Quick Signup, pending)","false"
"2026-10-03T01:49:51.536Z","✅","Ankit gupta approved by Gaurav Reja","false"
"2026-10-03T02:40:12.365Z","👤","anil kumar gupta registered (Quick Signup, pending)","false"
"2026-10-03T02:59:58.952Z","✅","anil kumar gupta approved by Gaurav Reja","false"
"2026-10-03T05:06:53.985Z","👤","Ramesh Babu Gandhi registered (Quick Signup, pending)","false"
"2026-10-03T05:32:24.027Z","✅","Ramesh Babu Gandhi approved by Gaurav Reja","false"
"2026-10-03T07:23:47.542Z","👤","Gahoi Anil Nigoti registered (auto-approved)","false"
"2026-10-03T08:50:57.496Z","👤","MANISH KUMAR GUPTA registered (Quick Signup, auto-approved)","false"