"date","tithi","nakshatra","yoga","karana","paksha","amanta","purnimanta","samvat","sunrise","sunset","festival","fetchedAt"
"27/06/2026","Trayodashi upto 12:43 AM , Jun 28","Anuradha upto 10:11 PM","Sadhya upto 12:32 PM","Kaulava upto 11:32 AM","Shukla Paksha","Jyeshtha","Jyeshtha","2083 Siddharthi","5:25 AM","7:23 PM","","2026-06-27T00:31:20.061Z"
"28/06/2026","Chaturdashi upto 03:06 AM , Jun 29","Jyeshtha upto 01:08 AM , Jun 29","Shubha upto 01:30 PM","Garaja upto 01:54 PM","Shukla Paksha","Jyeshtha","Jyeshtha","2083 Siddharthi","5:26 AM","7:23 PM","","2026-06-28T00:31:21.275Z"
"29/06/2026","Purnima upto 05:26 AM , Jun 30","Mula upto 04:03 AM , Jun 30","Shukla upto 02:26 PM","Vishti upto 04:16 PM","Shukla Paksha","Jyeshtha","Jyeshtha","2083 Siddharthi","5:26 AM","7:23 PM","","2026-06-29T00:31:22.655Z"
"30/06/2026","Pratipada upto Full Night Nakshatra Purva Ashadha upto Full Night Yoga Brahma upto 03:19 PM","Purva Ashadha upto Full Night Yoga Brahma upto 03:19 PM","Brahma upto 03:19 PM","Balava upto 06:33 PM","Krishna Paksha","Jyeshtha","Ashadha","2083 Siddharthi","5:26 AM","7:23 PM","","2026-06-30T00:31:23.742Z"
"01/07/2026","Pratipada upto 07:38 AM","Purva Ashadha upto 06:51 AM","Indra upto 04:04 PM","Kaulava upto 07:38 AM","Krishna Paksha","Jyeshtha","Ashadha","2083 Siddharthi","5:27 AM","7:23 PM","","2026-07-01T00:31:20.725Z"
"02/07/2026","Dwitiya upto 09:37 AM","Uttara Ashadha upto 09:27 AM","Vaidhriti upto 04:39 PM","Garaja upto 09:37 AM","Krishna Paksha","Jyeshtha","Ashadha","2083 Siddharthi","5:27 AM","7:23 PM","","2026-07-02T00:31:21.017Z"
"03/07/2026","Tritiya upto 11:20 AM","Shravana upto 11:46 AM","Vishkambha upto 05:00 PM","Vishti upto 11:20 AM","Krishna Paksha","Jyeshtha","Ashadha","2083 Siddharthi","5:27 AM","7:23 PM","","2026-07-03T00:31:19.529Z"
"04/07/2026","Chaturthi upto 12:39 PM","Dhanishtha upto 01:43 PM","Brahma Muhurta 04:07 AM to 04:48 AM Pratah Sandhya 04:27 AM to 05:28 AM","Balava upto 12:39 PM","Krishna Paksha","Jyeshtha","Ashadha","2083 Siddharthi","5:28 AM","7:23 PM","","2026-07-04T00:31:19.376Z"
"05/07/2026","Panchami upto 01:30 PM","Shatabhisha upto 03:12 PM","Saubhagya","Taitila upto 01:30 PM","Krishna Paksha","Jyeshtha","Ashadha","2083 Siddharthi","5:28 AM","7:23 PM","","2026-07-05T00:31:19.293Z"
"06/07/2026","Shashthi upto 01:47 PM","Purva Bhadrapada upto 04:07 PM","Saubhagya upto 03:51 PM","Vanija upto 01:47 PM","Krishna Paksha","Jyeshtha","Ashadha","2083 Siddharthi","5:29 AM","7:23 PM","","2026-07-06T00:31:20.184Z"
"07/07/2026","Saptami upto 01:24 PM","Uttara Bhadrapada upto 04:24 PM","Shobhana upto 02:31 PM","Bava upto 01:24 PM","Krishna Paksha","Jyeshtha","Ashadha","2083 Siddharthi","5:29 AM","7:23 PM","","2026-07-07T00:31:19.583Z"
"08/07/2026","Ashtami upto 12:21 PM","Revati upto 04:00 PM","Atiganda upto 12:38 PM","Kaulava upto 12:21 PM","Krishna Paksha","Jyeshtha","Ashadha","2083 Siddharthi","5:30 AM","7:23 PM","","2026-07-08T00:31:19.594Z"
"09/07/2026","Navami upto 10:37 AM","Ashwini upto 02:56 PM","Sukarma upto 10:12 AM","Garaja upto 10:37 AM","Krishna Paksha","Jyeshtha","Ashadha","2083 Siddharthi","5:30 AM","7:22 PM","","2026-07-09T00:31:21.151Z"
"10/07/2026","Dashami upto 08:16 AM","Bharani upto 01:15 PM","Dhriti upto 07:15 AM","Vishti upto 08:16 AM","Krishna Paksha","Jyeshtha","Ashadha","2083 Siddharthi","5:31 AM","7:22 PM","","2026-07-10T00:31:20.515Z"
"11/07/2026","Dwadashi upto 02:04 AM , Jul 12","Krittika upto 11:03 AM","Ganda upto 12:05 AM , Jul 12","Kaulava upto 03:45 PM","Krishna Paksha","Jyeshtha","Ashadha","2083 Siddharthi","5:31 AM","7:22 PM","","2026-07-11T00:31:20.051Z"
"12/07/2026","Trayodashi upto 10:29 PM","Rohini upto 08:29 AM","Vriddhi upto 08:06 PM","Garaja upto 12:18 PM","Krishna Paksha","Jyeshtha","Ashadha","2083 Siddharthi","5:32 AM","7:22 PM","","2026-07-12T00:31:19.147Z"
"13/07/2026","Chaturdashi upto 06:49 PM","Mrigashira upto 05:41 AM","Dhruva upto 04:00 PM","Vishti upto 08:39 AM","Krishna Paksha","Jyeshtha","Ashadha","2083 Siddharthi","5:32 AM","7:22 PM","","2026-07-13T00:31:20.639Z"
"14/07/2026","Amavasya upto 03:12 PM","Punarvasu upto 12:09 AM , Jul 15","Vyaghata upto 11:57 AM","Bava","Krishna Paksha","Jyeshtha","Ashadha","2083 Siddharthi","5:33 AM","7:21 PM","","2026-07-14T00:31:21.007Z"
"15/07/2026","Pratipada upto 11:50 AM","Pushya upto 09:46 PM","Harshana upto 08:04 AM","Bava upto 11:50 AM","Shukla Paksha","Ashadha","Ashadha","2083 Siddharthi","5:33 AM","7:21 PM","","2026-07-15T00:31:20.895Z"
"16/07/2026","Dwitiya upto 08:52 AM","Ashlesha upto 07:52 PM","Siddhi upto 01:22 AM , Jul 17","Kaulava upto 08:52 AM","Shukla Paksha","Ashadha","Ashadha","2083 Siddharthi","5:34 AM","7:21 PM","","2026-07-16T00:31:21.469Z"
"17/07/2026","Tritiya upto 06:27 AM","Magha upto 06:34 PM","Vyatipata upto 10:46 PM","Garaja upto 06:27 AM","Shukla Paksha","Ashadha","Ashadha","2083 Siddharthi","5:34 AM","7:20 PM","","2026-07-17T00:31:20.779Z"
"18/07/2026","Panchami upto 03:42 AM , Jul 19","Purva Phalguni upto 06:00 PM","Variyana upto 08:46 PM","Bava upto 04:06 PM","Shukla Paksha","Ashadha","Ashadha","2083 Siddharthi","5:35 AM","7:20 PM","","2026-07-18T00:31:20.826Z"
"19/07/2026","Shashthi upto 03:29 AM , Jul 20","Uttara Phalguni upto 06:12 PM","Parigha upto 07:23 PM","Kaulava upto 03:30 PM","Shukla Paksha","Ashadha","Ashadha","2083 Siddharthi","5:35 AM","7:19 PM","","2026-07-19T00:31:20.695Z"
"20/07/2026","Saptami upto 04:02 AM , Jul 21","Hasta upto 07:09 PM","Shiva upto 06:37 PM","Garaja upto 03:40 PM","Shukla Paksha","Ashadha","Ashadha","2083 Siddharthi","5:36 AM","7:19 PM","","2026-07-20T00:31:22.728Z"
"21/07/2026","Ashtami upto 05:16 AM , Jul 22","Chitra upto 08:49 PM","Siddha upto 06:25 PM","Vishti upto 04:34 PM","Shukla Paksha","Ashadha","Ashadha","2083 Siddharthi","5:36 AM","7:19 PM","","2026-07-21T00:31:21.229Z"
"22/07/2026","Navami upto Full Night Nakshatra Swati upto 11:03 PM","Swati upto 11:03 PM","Sadhya upto 06:42 PM","Balava upto 06:06 PM","Shukla Paksha","Ashadha","Ashadha","2083 Siddharthi","5:37 AM","7:18 PM","","2026-07-22T00:31:21.376Z"
"23/07/2026","Navami upto 07:03 AM","Vishakha upto 01:42 AM , Jul 24","Shubha upto 07:20 PM","Kaulava upto 07:03 AM","Shukla Paksha","Ashadha","Ashadha","2083 Siddharthi","5:37 AM","7:18 PM","","2026-07-23T00:31:20.698Z"
"24/07/2026","Dashami upto 09:12 AM","Anuradha upto 04:36 AM , Jul 25","Shukla upto 08:11 PM","Garaja upto 09:12 AM","Shukla Paksha","Ashadha","Ashadha","2083 Siddharthi","5:38 AM","7:17 PM","","2026-07-24T00:31:20.099Z"
"25/07/2026","Ekadashi upto 11:34 AM","Jyeshtha upto Full Night Dwadashi Karana Vishti upto 11:34 AM","Brahma upto 09:09 PM","Vishti upto 11:34 AM","Shukla Paksha","Ashadha","Ashadha","2083 Siddharthi","5:38 AM","7:17 PM","","2026-07-25T00:31:22.311Z"
"26/07/2026","Dwadashi upto 01:57 PM","Jyeshtha upto 07:34 AM","Indra upto 10:05 PM","Balava upto 01:57 PM","Shukla Paksha","Ashadha","Ashadha","2083 Siddharthi","5:39 AM","7:16 PM","","2026-07-26T00:31:19.545Z"
"27/07/2026","Trayodashi upto 04:14 PM","Mula upto 10:28 AM","Vaidhriti upto 10:55 PM","Taitila upto 04:14 PM","Shukla Paksha","Ashadha","Ashadha","2083 Siddharthi","5:40 AM","7:15 PM","","2026-07-27T00:31:20.592Z"
"28/07/2026","Chaturdashi upto 06:18 PM","Purva Ashadha upto 01:11 PM","Vishkambha upto 11:33 PM","Vanija upto 06:18 PM","Shukla Paksha","Ashadha","Ashadha","2083 Siddharthi","5:40 AM","7:15 PM","","2026-07-28T00:31:20.372Z"
"29/07/2026","Purnima upto 08:05 PM","Uttara Ashadha upto 03:37 PM","Shukla","Vishti upto 07:14 AM","Shukla Paksha","Ashadha","Ashadha","2083 Siddharthi","5:41 AM","7:14 PM","","2026-07-29T00:31:22.146Z"
"30/07/2026","Pratipada upto 09:30 PM","Shravana upto 05:43 PM","Saubhagya","Balava upto 08:50 AM","Krishna Paksha","Ashadha","Shravana","2083 Siddharthi","5:41 AM","7:14 PM","","2026-07-30T00:31:19.915Z"
"31/07/2026","Dwitiya upto 10:31 PM","Dhanishtha upto 07:26 PM","Saubhagya upto 11:54 PM","Taitila upto 10:04 AM","Krishna Paksha","Ashadha","Shravana","2083 Siddharthi","5:42 AM","7:13 PM","","2026-07-31T00:31:22.183Z"
"01/08/2026","Tritiya upto 11:07 PM","Shatabhisha upto 08:45 PM","Shobhana upto 11:23 PM","Vanija upto 10:52 AM","Krishna Paksha","Ashadha","Shravana","2083 Siddharthi","5:42 AM","7:12 PM","","2026-08-01T00:31:20.574Z"
"02/08/2026","Chaturthi upto 11:15 PM","Purva Bhadrapada upto 09:37 PM","Atiganda upto 10:30 PM","Bava upto 11:14 AM","Krishna Paksha","Ashadha","Shravana","2083 Siddharthi","5:43 AM","7:11 PM","","2026-08-02T00:31:18.810Z"
"03/08/2026","Panchami upto 10:54 PM","Uttara Bhadrapada upto 10:00 PM","Sukarma upto 09:13 PM","Kaulava upto 11:08 AM","Krishna Paksha","Ashadha","Shravana","2083 Siddharthi","5:43 AM","7:11 PM","","2026-08-03T00:31:21.095Z"
"04/08/2026","Shashthi upto 10:03 PM","Revati upto 09:54 PM","Dhriti upto 07:33 PM","Garaja upto 10:32 AM","Krishna Paksha","Ashadha","Shravana","2083 Siddharthi","5:44 AM","7:10 PM","","2026-08-04T00:31:21.103Z"
"05/08/2026","Saptami upto 08:42 PM","Ashwini upto 09:18 PM","Ganda","Vishti upto 09:26 AM","Krishna Paksha","Ashadha","Shravana","2083 Siddharthi","5:45 AM","7:09 PM","","2026-08-05T00:31:21.098Z"
"06/08/2026","Ashtami upto 06:52 PM","Bharani upto 08:13 PM","Ganda upto 03:01 PM","Balava upto 07:50 AM","Krishna Paksha","Ashadha","Shravana","2083 Siddharthi","5:45 AM","7:08 PM","","2026-08-06T00:31:20.098Z"
"07/08/2026","Navami upto 04:36 PM","Krittika upto 06:43 PM","Vriddhi upto 12:11 PM","Taitila upto 05:47 AM","Krishna Paksha","Ashadha","Shravana","2083 Siddharthi","5:46 AM","7:08 PM","","2026-08-07T00:31:28.011Z"
"08/08/2026","Dashami upto 01:59 PM","Rohini upto 04:51 PM","Dhruva upto 09:02 AM","Vishti upto 01:59 PM","Krishna Paksha","Ashadha","Shravana","2083 Siddharthi","5:46 AM","7:07 PM","","2026-08-08T00:31:20.188Z"
"09/08/2026","Ekadashi upto 11:04 AM","Mrigashira upto 02:43 PM","Harshana upto 02:04 AM , Aug 10","Balava upto 11:04 AM","Krishna Paksha","Ashadha","Shravana","2083 Siddharthi","5:47 AM","7:06 PM","","2026-08-09T00:31:20.002Z"
"10/08/2026","Dwadashi upto 08:00 AM","Ardra upto 12:26 PM","Vajra upto 10:27 PM","Taitila upto 08:00 AM","Krishna Paksha","Ashadha","Shravana","2083 Siddharthi","5:47 AM","7:05 PM","","2026-08-10T00:31:20.753Z"
"11/08/2026","Chaturdashi upto 01:52 AM , Aug 12","Punarvasu upto 10:09 AM","Siddhi upto 06:51 PM","Vishti upto 03:22 PM","Krishna Paksha","Ashadha","Shravana","2083 Siddharthi","5:48 AM","7:04 PM","","2026-08-11T00:31:19.434Z"
"12/08/2026","Amavasya upto 11:06 PM","Pushya upto 07:59 AM","Vyatipata upto 03:26 PM","Chatushpada upto 12:27 PM","Krishna Paksha","Ashadha","Shravana","2083 Siddharthi","5:48 AM","7:03 PM","","2026-08-12T00:31:19.847Z"
"13/08/2026","Pratipada upto 08:41 PM","Ashlesha upto 06:06 AM","Variyana upto 12:16 PM","Bava upto 08:41 PM","Shukla Paksha","Shravana","Shravana","2083 Siddharthi","5:49 AM","7:02 PM","","2026-08-13T00:31:21.473Z"
"14/08/2026","Dwitiya upto 06:46 PM","Purva Phalguni upto 03:42 AM , Aug 15","Parigha upto 09:28 AM","Balava upto 07:39 AM","Shukla Paksha","Shravana","Shravana","2083 Siddharthi","5:50 AM","7:02 PM","","2026-08-14T00:31:20.018Z"
"15/08/2026","Tritiya upto 05:28 PM","Uttara Phalguni upto 03:25 AM , Aug 16","Shiva upto 07:09 AM","Taitila upto 06:02 AM","Shukla Paksha","Shravana","Shravana","2083 Siddharthi","5:50 AM","7:01 PM","","2026-08-15T00:31:19.519Z"
"16/08/2026","Chaturthi upto 04:52 PM","Hasta upto 03:50 AM , Aug 17","Sadhya upto 04:08 AM , Aug 17","Vishti upto 04:52 PM","Shukla Paksha","Shravana","Shravana","2083 Siddharthi","5:51 AM","7:00 PM","","2026-08-16T00:31:20.853Z"
"17/08/2026","Panchami upto 05:00 PM","Chitra upto 04:58 AM , Aug 18","Shubha upto 03:29 AM , Aug 18","Balava upto 05:00 PM","Shukla Paksha","Shravana","Shravana","2083 Siddharthi","5:51 AM","6:59 PM","","2026-08-17T00:31:20.504Z"
"18/08/2026","Shashthi upto 05:50 PM","Swati upto Full Night Saptami Karana Taitila upto 05:50 PM","Shukla upto 03:23 AM , Aug 19","Taitila upto 05:50 PM","Shukla Paksha","Shravana","Shravana","2083 Siddharthi","5:52 AM","6:58 PM","","2026-08-18T00:31:25.691Z"
"20/08/2026","Ashtami upto 09:18 PM","Vishakha upto 09:08 AM","Indra upto 04:25 AM , Aug 21","Vishti upto 08:15 AM","Shukla Paksha","Shravana","Shravana","2083 Siddharthi","5:53 AM","6:56 PM","","2026-08-20T00:31:20.589Z"
"21/08/2026","Navami upto 11:36 PM","Anuradha upto 11:53 AM","Vaidhriti upto 05:18 AM , Aug 22","Balava upto 10:25 AM","Shukla Paksha","Shravana","Shravana","2083 Siddharthi","5:53 AM","6:55 PM","","2026-08-21T00:31:19.914Z"
"22/08/2026","Dashami upto 02:00 AM , Aug 23","Jyeshtha upto 02:49 PM","Vishkambha upto Full Night","Taitila upto 12:48 PM","Shukla Paksha","Shravana","Shravana","2083 Siddharthi","5:54 AM","6:54 PM","","2026-08-22T00:31:21.239Z"
"23/08/2026","Ekadashi upto 04:18 AM , Aug 24","Mula upto 05:44 PM","Vishkambha upto 06:14 AM","Vanija upto 03:10 PM","Shukla Paksha","Shravana","Shravana","2083 Siddharthi","5:54 AM","6:53 PM","","2026-08-23T00:31:18.926Z"
"24/08/2026","Dwadashi upto Full Night Nakshatra Purva Ashadha upto 08:28 PM","Purva Ashadha upto 08:28 PM","Shukla","Bava upto 05:22 PM","Shukla Paksha","Shravana","Shravana","2083 Siddharthi","5:55 AM","6:52 PM","","2026-08-24T00:31:22.357Z"
"25/08/2026","Dwadashi upto 06:20 AM","Uttara Ashadha upto 10:51 PM","Saubhagya","Balava upto 06:20 AM","Shukla Paksha","Shravana","Shravana","2083 Siddharthi","5:55 AM","6:51 PM","","2026-08-25T00:31:22.282Z"
"26/08/2026","Trayodashi upto 07:59 AM","Shravana upto 12:48 AM , Aug 27","Saubhagya upto 07:59 AM","Taitila upto 07:59 AM","Shukla Paksha","Shravana","Shravana","2083 Siddharthi","5:56 AM","6:49 PM","","2026-08-26T00:31:21.099Z"
"27/08/2026","Chaturdashi upto 09:08 AM","Dhanishtha upto 02:15 AM , Aug 28","Shobhana upto 07:56 AM","Vanija upto 09:08 AM","Shukla Paksha","Shravana","Shravana","2083 Siddharthi","5:56 AM","6:48 PM","","2026-08-27T00:31:20.223Z"
"28/08/2026","Purnima upto 09:48 AM","Shatabhisha upto 03:13 AM , Aug 29","Atiganda upto 07:28 AM","Bava upto 09:48 AM","Shukla Paksha","Shravana","Shravana","2083 Siddharthi","5:57 AM","6:47 PM","","2026-08-28T00:31:19.778Z"
"29/08/2026","Pratipada upto 09:56 AM","Purva Bhadrapada upto 03:42 AM , Aug 30","Sukarma upto 06:36 AM","Kaulava upto 09:56 AM","Krishna Paksha","Shravana","Bhadrapada","2083 Siddharthi","5:57 AM","6:46 PM","","2026-08-29T00:31:18.685Z"
"30/08/2026","Dwitiya upto 09:36 AM","Uttara Bhadrapada upto 03:44 AM , Aug 31","Ganda","Garaja upto 09:36 AM","Krishna Paksha","Shravana","Bhadrapada","2083 Siddharthi","5:58 AM","6:45 PM","","2026-08-30T00:31:19.231Z"
"31/08/2026","Tritiya upto 08:50 AM","Revati upto 03:23 AM , Sep 01","Ganda upto 01:51 AM , Sep 01","Vishti upto 08:50 AM","Krishna Paksha","Shravana","Bhadrapada","2083 Siddharthi","5:58 AM","6:44 PM","","2026-08-31T00:31:19.585Z"
"01/09/2026","Chaturthi upto 07:41 AM","Ashwini upto 02:42 AM , Sep 02","Vriddhi upto 11:39 PM","Balava upto 07:41 AM","Krishna Paksha","Shravana","Bhadrapada","2083 Siddharthi","5:59 AM","6:43 PM","","2026-09-01T00:31:20.322Z"
"02/09/2026","Panchami upto 06:12 AM","Bharani upto 01:43 AM , Sep 03","Dhruva upto 09:12 PM","Taitila upto 06:12 AM","Krishna Paksha","Shravana","Bhadrapada","2083 Siddharthi","5:59 AM","6:42 PM","","2026-09-02T00:31:23.154Z"
"03/09/2026","Saptami upto 02:25 AM , Sep 04","Krittika upto 12:29 AM , Sep 04","Vyaghata upto 06:33 PM","Vishti upto 03:27 PM","Krishna Paksha","Shravana","Bhadrapada","2083 Siddharthi","6:00 AM","6:41 PM","","2026-09-03T00:31:21.060Z"
"04/09/2026","Ashtami upto 12:13 AM , Sep 05","Rohini upto 11:04 PM","Harshana upto 03:44 PM","Balava upto 01:20 PM","Krishna Paksha","Shravana","Bhadrapada","2083 Siddharthi","6:00 AM","6:39 PM","","2026-09-04T00:31:20.782Z"
"05/09/2026","Navami upto 09:53 PM","Mrigashira upto 09:30 PM","Vajra upto 12:47 PM","Taitila upto 11:04 AM","Krishna Paksha","Shravana","Bhadrapada","2083 Siddharthi","6:01 AM","6:38 PM","","2026-09-05T00:31:20.280Z"
"06/09/2026","Dashami upto 07:29 PM","Ardra upto 07:52 PM","Siddhi upto 09:45 AM","Vanija upto 08:41 AM","Krishna Paksha","Shravana","Bhadrapada","2083 Siddharthi","6:01 AM","6:37 PM","","2026-09-06T00:31:19.891Z"
"07/09/2026","Ekadashi upto 05:03 PM","Punarvasu upto 06:14 PM","Vyatipata upto 06:41 AM","Bava upto 06:16 AM","Krishna Paksha","Shravana","Bhadrapada","2083 Siddharthi","6:02 AM","6:36 PM","","2026-09-07T00:31:20.141Z"
"08/09/2026","Dwadashi upto 02:42 PM","Pushya upto 04:39 PM","Parigha upto 12:40 AM , Sep 09","Taitila upto 02:42 PM","Krishna Paksha","Shravana","Bhadrapada","2083 Siddharthi","6:02 AM","6:35 PM","","2026-09-08T00:31:20.517Z"
"09/09/2026","Trayodashi upto 12:30 PM","Ashlesha upto 03:14 PM","Shiva upto 09:52 PM","Vanija upto 12:30 PM","Krishna Paksha","Shravana","Bhadrapada","2083 Siddharthi","6:03 AM","6:34 PM","","2026-09-09T00:31:19.663Z"
"10/09/2026","Chaturdashi upto 10:33 AM","Magha upto 02:04 PM","Siddha upto 07:17 PM","Shakuni upto 10:33 AM","Krishna Paksha","Shravana","Bhadrapada","2083 Siddharthi","6:03 AM","6:32 PM","","2026-09-10T00:31:20.622Z"
"11/09/2026","Amavasya upto 08:56 AM","Purva Phalguni upto 01:16 PM","Sadhya upto 05:02 PM","Bava","Krishna Paksha","Shravana","Bhadrapada","2083 Siddharthi","6:04 AM","6:31 PM","","2026-09-11T00:31:27.456Z"
"12/09/2026","Pratipada upto 07:46 AM","Uttara Phalguni upto 12:55 PM","Shubha upto 03:09 PM","Bava upto 07:46 AM","Shukla Paksha","Bhadrapada","Bhadrapada","2083 Siddharthi","6:04 AM","6:30 PM","","2026-09-12T00:31:19.915Z"
"13/09/2026","Dwitiya upto 07:08 AM","Hasta upto 01:07 PM","Shukla upto 01:43 PM","Kaulava upto 07:08 AM","Shukla Paksha","Bhadrapada","Bhadrapada","2083 Siddharthi","6:05 AM","6:29 PM","","2026-09-13T00:31:20.751Z"
"14/09/2026","Tritiya upto 07:06 AM","Chitra upto 01:55 PM","Brahma upto 12:47 PM","Garaja upto 07:06 AM","Shukla Paksha","Bhadrapada","Bhadrapada","2083 Siddharthi","6:05 AM","6:28 PM","","2026-09-14T00:31:22.776Z"
"15/09/2026","Chaturthi upto 07:44 AM","Swati upto 03:21 PM","Indra upto 12:20 PM","Vishti upto 07:44 AM","Shukla Paksha","Bhadrapada","Bhadrapada","2083 Siddharthi","6:06 AM","6:26 PM","","2026-09-15T00:31:20.609Z"
"16/09/2026","Panchami upto 08:59 AM","Vishakha upto 05:22 PM","Vaidhriti upto 12:23 PM","Balava upto 08:59 AM","Shukla Paksha","Bhadrapada","Bhadrapada","2083 Siddharthi","6:06 AM","6:25 PM","","2026-09-16T00:31:25.702Z"
"17/09/2026","Shashthi upto 10:47 AM","Anuradha upto 07:53 PM","Vishkambha upto 12:50 PM","Taitila upto 10:47 AM","Shukla Paksha","Bhadrapada","Bhadrapada","2083 Siddharthi","6:07 AM","6:24 PM","","2026-09-17T00:31:20.272Z"
"18/09/2026","Saptami upto 01:00 PM","Jyeshtha upto 10:44 PM","Shukla","Vanija upto 01:00 PM","Shukla Paksha","Bhadrapada","Bhadrapada","2083 Siddharthi","6:07 AM","6:23 PM","","2026-09-18T00:31:25.665Z"
"19/09/2026","Ashtami upto 03:26 PM","Mula upto 01:43 AM , Sep 20","Saubhagya","Bava upto 03:26 PM","Shukla Paksha","Bhadrapada","Bhadrapada","2083 Siddharthi","6:08 AM","6:22 PM","","2026-09-19T00:31:20.096Z"
"20/09/2026","Navami upto 05:51 PM","Purva Ashadha upto 04:34 AM , Sep 21","Saubhagya upto 03:23 PM","Kaulava upto 05:51 PM","Shukla Paksha","Bhadrapada","Bhadrapada","2083 Siddharthi","6:08 AM","6:20 PM","","2026-09-20T00:31:20.090Z"
"21/09/2026","Dashami upto 08:00 PM","Uttara Ashadha upto Full Night Ekadashi Karana Taitila upto 06:58 AM","Shobhana upto 04:06 PM","Taitila upto 06:58 AM","Shukla Paksha","Bhadrapada","Bhadrapada","2083 Siddharthi","6:09 AM","6:19 PM","","2026-09-21T00:31:19.567Z"
"22/09/2026","Ekadashi upto 09:43 PM","Uttara Ashadha upto 07:06 AM","Atiganda upto 04:29 PM","Vanija upto 08:55 AM","Shukla Paksha","Bhadrapada","Bhadrapada","2083 Siddharthi","6:09 AM","6:18 PM","","2026-09-22T00:31:21.691Z"
"23/09/2026","Dwadashi upto 10:50 PM","Shravana upto 09:09 AM","Sukarma upto 04:27 PM","Bava upto 10:21 AM","Shukla Paksha","Bhadrapada","Bhadrapada","2083 Siddharthi","6:10 AM","6:17 PM","","2026-09-23T00:31:20.287Z"
"24/09/2026","Trayodashi upto 11:18 PM","Dhanishtha upto 10:35 AM","Dhriti upto 03:55 PM","Kaulava upto 11:09 AM","Shukla Paksha","Bhadrapada","Bhadrapada","2083 Siddharthi","6:10 AM","6:16 PM","","2026-09-24T00:31:18.530Z"
"25/09/2026","Chaturdashi upto 11:06 PM","Shatabhisha upto 11:22 AM","Ganda","Garaja upto 11:17 AM","Shukla Paksha","Bhadrapada","Bhadrapada","2083 Siddharthi","6:11 AM","6:14 PM","","2026-09-25T00:31:20.071Z"
"26/09/2026","Purnima upto 10:18 PM","Purva Bhadrapada upto 11:32 AM","Ganda upto 01:17 PM","Vishti upto 10:46 AM","Shukla Paksha","Bhadrapada","Bhadrapada","2083 Siddharthi","6:11 AM","6:13 PM","","2026-09-26T00:31:20.220Z"
"27/09/2026","Pratipada upto 08:58 PM","Uttara Bhadrapada upto 11:08 AM","Vriddhi upto 11:17 AM","Balava upto 09:41 AM","Krishna Paksha","Bhadrapada","","2083 Siddharthi","6:12 AM","6:12 PM","","2026-09-27T00:31:20.218Z"
"28/09/2026","Dwitiya upto 07:13 PM","Revati upto 10:16 AM","Dhruva upto 08:54 AM","Taitila upto 08:08 AM","Krishna Paksha","Bhadrapada","","2083 Siddharthi","6:12 AM","6:11 PM","","2026-09-28T00:31:20.698Z"
"29/09/2026","Tritiya upto 05:09 PM","Ashwini upto 09:03 AM","Vyaghata upto 06:13 AM","Vanija upto 06:13 AM","Krishna Paksha","Bhadrapada","","2083 Siddharthi","6:13 AM","6:10 PM","","2026-09-29T00:31:20.643Z"
"30/09/2026","Chaturthi upto 02:55 PM","Bharani upto 07:36 AM","Vajra upto 12:20 AM , Oct 01","Balava upto 02:55 PM","Krishna Paksha","Bhadrapada","","2083 Siddharthi","6:13 AM","6:08 PM","","2026-09-30T00:31:21.285Z"
"01/10/2026","Panchami upto 12:35 PM","Rohini upto 04:27 AM , Oct 02","Siddhi upto 09:18 PM","Taitila upto 12:35 PM","Krishna Paksha","Bhadrapada","","2083 Siddharthi","6:14 AM","6:07 PM","","2026-10-01T00:31:21.371Z"
"02/10/2026","Shashthi upto 10:15 AM","Mrigashira upto 02:55 AM , Oct 03","Vyatipata upto 06:18 PM","Vanija upto 10:15 AM","Krishna Paksha","Bhadrapada","","2083 Siddharthi","6:14 AM","6:06 PM","","2026-10-02T00:31:22.538Z"
"03/10/2026","Saptami upto 07:59 AM","Ardra upto 01:29 AM , Oct 04","Variyana upto 03:21 PM","Bava upto 07:59 AM","Krishna Paksha","Bhadrapada","","2083 Siddharthi","6:15 AM","6:05 PM","","2026-10-03T00:31:21.775Z"
"04/10/2026","Navami upto 03:53 AM , Oct 05","Punarvasu upto 12:13 AM , Oct 05","Parigha upto 12:32 PM","Taitila upto 04:51 PM","Krishna Paksha","Bhadrapada","","2083 Siddharthi","6:15 AM","6:04 PM","","2026-10-04T00:31:20.273Z"
"05/10/2026","Dashami upto 02:07 AM , Oct 06","Pushya upto 11:09 PM","Shiva upto 09:51 AM","Vanija upto 02:58 PM","Krishna Paksha","Bhadrapada","","2083 Siddharthi","6:16 AM","6:03 PM","","2026-10-05T00:31:19.860Z"