"Akna Name","Member Email","Member Name","Submitted At","Status","Admin Notes"
"Sipoliyya","anurajat34@gmail.com","Aravind Gupta","2026-06-18T07:44:06.283Z","Pending","Awaiting admin review - check spelling/add to AknaList if valid"
"Neekhra","guptapremn@gmail.com","Premnarain Gupta","2026-06-21T11:55:23.855Z","Pending","Awaiting admin review - check spelling/add to AknaList if valid"
"नौगरईया","yogesh118gupta@gmail.com","Yogesh Gupta","2026-07-03T16:16:27.011Z","Pending","Awaiting admin review - check spelling/add to AknaList if valid"
"Gol","roshnichhirolya123@gmail.com","Roshni chhirolya","2026-07-09T09:47:12.394Z","Pending","Awaiting admin review - check spelling/add to AknaList if valid; Also from Roshni chhirolya (roshnichhirolya123@gmail.com); Also from Roshni chhirolya (roshnichhirolya123@gmail.com); Also from Roshni chhirolya (roshnichhirolya123@gmail.com); Also from Roshni chhirolya (roshnichhirolya123@gmail.com)"
"Gahoi","ramugupta6198@gmail.com","Ramu Gupta","2026-07-11T11:10:16.358Z","Pending","Awaiting admin review - check spelling/add to AknaList if valid"
"Jaital","rkathal14@gmail.com","Rekha Kathal","2026-07-28T17:33:34.527Z","Pending","Awaiting admin review - check spelling/add to AknaList if valid"
"Billaiya","anandgahoi44@gmail.com","Anand Gupta","2026-08-04T17:53:54.019Z","Pending","Awaiting admin review - check spelling/add to AknaList if valid"
"Itoria","rkg311964@gmail.com","Raj kumar Gupta","2026-09-05T13:50:14.035Z","Pending","Awaiting admin review - check spelling/add to AknaList if valid"
"Tatbillsi","dineshkumar8376846324@gmail.com","Dinesh Kumar","2026-09-06T13:24:17.018Z","Pending","Awaiting admin review - check spelling/add to AknaList if valid"
"Vatsal","fundm76@gmail.com","Manoj kumar gupta","2026-09-12T01:47:37.362Z","Pending","Awaiting admin review - check spelling/add to AknaList if valid"
"Daurhiya","guptasureshchandra011@gmail.com","Sureshchandra Gupta","2026-09-12T06:48:48.179Z","Pending","Awaiting admin review - check spelling/add to AknaList if valid"
"Bachil","jeetu.gupta1980@gmail.com","Jitendra Gupta","2026-09-15T05:03:23.317Z","Pending","Awaiting admin review - check spelling/add to AknaList if valid"
"कुदरिया","monugupta5052@gmail.com","Monu gupta","2026-09-23T18:16:28.228Z","Pending","Awaiting admin review - check spelling/add to AknaList if valid"
"Kochhal","pknikhra@gmail.com","Arpit neekhra","2026-09-28T11:54:35.988Z","Pending","Awaiting admin review - check spelling/add to AknaList if valid"
"Nekhra","01ravi.amit@gmail.com","Ravi Gupta","2026-10-02T16:00:34.403Z","Pending","Awaiting admin review - check spelling/add to AknaList if valid"
"BILIYA","pradeep.gahoi112@gmail.com","PRADEEP","2026-10-02T16:52:40.954Z","Pending","Awaiting admin review - check spelling/add to AknaList if valid"