"Email","Name","Photo","FirstVisit","LastVisit","EmailsSent","Completed","GoogleSub"
"rajeshneekhra59@gmail.com","Rajesh Gupta","https://lh3.googleusercontent.com/a/ACg8ocIkXufRhOOI-PiwcvpjY3mjI5v-7i_P2XTMf5yn8xxPndYR282DgQ=s96-c","2026-04-14T14:25:19.180Z","2026-04-14T14:25:19.180Z","[0,1,2,5,10,30,45,60]","EXHAUSTED","105928348014155140519"
"pankaj.pipersaniya@gmail.com","Pankaj Pipersaniya","https://lh3.googleusercontent.com/a/ACg8ocJQlRuqsUG-TZI38wc-LTP1UG4-z3KpvOVSBsrVuTpnROthEQ=s96-c","2026-04-22T06:40:30.688Z","2026-04-22T06:41:24.358Z","[0,1,2,5,10,30,45,60]","EXHAUSTED","108295201198548576174"
"saurabh.sap07@gmail.com","Saurabh Bahre","https://lh3.googleusercontent.com/a/ACg8ocLPdSZDPsVDbUcIbUW5axyGjgwHyG4TYGiUh_JXs5fdHxECfA=s96-c","2026-04-22T20:19:04.969Z","2026-07-14T06:14:39.942Z","[0,1,2,5,10,30,45,60]","EXHAUSTED","117856669714309402483"
"rohitchhawla@gmail.com","rohit chhawla","https://lh3.googleusercontent.com/a/ACg8ocL-jp3xBXne_WGqMl-IMw3A7sTCP0gKK1vWBJl8_xOrSwThbg=s96-c","2026-05-10T05:34:47.228Z","2026-05-10T05:34:47.228Z","[0,1,2,5,10,30,45,60]","EXHAUSTED","111735661757285119506"
"nitin.gupta986@gmail.com","Nitin Gupta","https://lh3.googleusercontent.com/a/ACg8ocIvBtjMdwX8Imafq0tYJQtZZobvr4uduL9pasIZ4dRNoGs_Sw=s96-c","2026-05-10T10:14:36.250Z","2026-05-10T10:52:34.701Z","[0,1,2,5,10,30,45,60]","EXHAUSTED","111906120718888721290"
"asokgupta8269@gmail.com","Ashok Gupta","https://lh3.googleusercontent.com/a/ACg8ocLGoxN1M7LG6yyBD8gj287yjDFoqaVqoprVczK3REHsQOKhKQ=s96-c","2026-05-12T04:32:46.995Z","2026-05-12T04:32:46.995Z","[0,1,2,5,10,30,45,60]","EXHAUSTED","102291420775733706368"
"santoshsvp16@gmail.com","kavitosh Gupta","https://lh3.googleusercontent.com/a/ACg8ocJHdFUoZW6yJjpqO2U0IKhZsiMbwYkBVUuA0pAujU0gsJnPNFg=s96-c","2026-05-12T10:54:04.733Z","2026-05-12T10:54:04.733Z","[0,1,2,5,10,30,45,60]","EXHAUSTED","105053712386273428446"
"rameshmlb2015@gmail.com","Dr. ramesh Gupta","https://lh3.googleusercontent.com/a/ACg8ocIPFwl2wmIgusF6anQKBBZIz04lifMzofYumAkZSdvqutFkjA=s96-c","2026-05-13T07:00:12.530Z","2026-05-13T07:00:12.530Z","[0,1,2,5,10,30,45,60]","EXHAUSTED","116001692256503500406"
"rakeshgupta0603@gmail.com","Rakesh Gupta","https://lh3.googleusercontent.com/a/ACg8ocJXVHgGmdKCMJcPvH0QUH_nmhSI5KFYiiZO3uxIagxvMVlkZg=s96-c","2026-05-13T14:39:50.974Z","2026-05-13T14:39:50.974Z","[0,1,2,5,10,30,45,60]","EXHAUSTED","100279352984667686229"
"pradeep.kastbar@gmail.com","Pradeep Gupta","https://lh3.googleusercontent.com/a/ACg8ocJ9tv1AA-iQeHsopPLqP_5GTVRqPWsyZdcvFfKB_M4TUdRpAgo=s96-c","2026-05-14T16:27:43.294Z","2026-05-14T16:29:15.164Z","[0,1,2,5,10,30,45,60]","EXHAUSTED","102679703932882874081"
"krishanmurarig507@gmail.com","krishan murari Gupta","","2026-05-20T05:24:11.622Z","2026-05-20T05:24:11.622Z","[0,1,2,5,10,30,45,60]","EXHAUSTED","118040033381428244322"
"manojguptagwalior474003@gmail.com","Manoj Gupta","https://lh3.googleusercontent.com/a/ACg8ocKbK-DoyY4UPcSZmnYgrleCtetFHCNH1Q6sF4IAg1JN1YeHirSH=s96-c","2026-05-24T09:45:44.883Z","2026-05-28T01:42:13.168Z","[0,1,2,5,10,30,45,60]","EXHAUSTED","102589885141887955173"
"anujkankane6@gmail.com","Anuj Kankane","https://lh3.googleusercontent.com/a/ACg8ocJNXx_u9AhLRG2ByGFbPTSycaGfwMkP6doWxQutRiw2GEGrLw=s96-c","2026-05-24T13:33:03.685Z","2026-05-24T13:33:03.685Z","[0,1,2,5,10,30,45,60]","EXHAUSTED","112921517269292826864"
"navgup1891@gmail.com","Naveen Gupta","https://lh3.googleusercontent.com/a/ACg8ocLMwlkqRa86-HxF6QPqQyNDhTgSDMnuIZ5vGRKY2KcSWonZ6g=s96-c","2026-05-25T08:50:58.903Z","2026-05-25T08:50:58.903Z","[0,1,2,5,10,30,45,60]","EXHAUSTED","118040367651759305258"
"bichpuriyajamuna@gmail.com","Jamuna Bichpuriya","https://lh3.googleusercontent.com/a/ACg8ocKaH87cHXO0IDAg1wIQHKIrMfCMv3zBZiKnMHEbVzP1AhOS3LgV9Q=s96-c","2026-05-25T08:51:11.646Z","2026-05-25T08:51:11.646Z","[0,1,2,5,10,30,45,60]","EXHAUSTED","112486984027649049297"
"kapilkhaira70@gmail.com","kapil khaira","https://lh3.googleusercontent.com/a/ACg8ocIKDCVw0ksMUHb-2EQaaJWPHIwdvssAcw6EUxCZm1Qc8qTj0g=s96-c","2026-05-25T11:17:57.135Z","2026-05-25T11:17:57.135Z","[0,1,2,5,10,30,45,60]","EXHAUSTED","117489346077496185112"
"moxieexhibition@gmail.com","","","2026-06-06T08:39:36.971Z","2026-06-06T08:39:36.973Z","[0,1,2,5,10,30,45,60]","EXHAUSTED",""
"mg4882774@gmail.com","","","2026-06-06T08:40:41.214Z","2026-06-06T08:40:41.215Z","[0,1,2,5,10,30,45,60]","EXHAUSTED",""
"rseth2667@gmail.com","","","2026-06-06T08:40:42.057Z","2026-06-06T08:40:42.057Z","[0,1,2,5,10,30,45,60]","EXHAUSTED",""
"sachin4191@gmail.com","","","2026-06-06T08:40:42.871Z","2026-06-06T08:40:42.871Z","[0,1,2,5,10,30,45,60]","EXHAUSTED",""
"sakshambarsaiya115@gmail.com","","","2026-06-06T08:40:43.678Z","2026-06-06T08:40:43.678Z","[0,1,2,5,10,30,45,60]","EXHAUSTED",""
"atulguptanavy@gmail.com","","","2026-06-06T08:40:44.471Z","2026-06-06T08:40:44.471Z","[0,1,2,5,10,30,45,60]","EXHAUSTED",""
"harimohan5380@gmail.com","","","2026-06-06T08:40:45.315Z","2026-06-06T08:40:45.315Z","[0,1,2,5,10,30,45,60]","EXHAUSTED",""
"kedarbrijpuriya@gmail.com","","","2026-06-06T08:40:46.369Z","2026-06-06T08:40:46.369Z","[0,1,2,5,10,30,45,60]","EXHAUSTED",""
"guptank1958@gmail.com","","","2026-06-06T08:40:47.254Z","2026-06-06T08:40:47.254Z","[0,1,2,5,10,30,45,60]","EXHAUSTED",""
"abhikaranjalonha@gmail.com","","","2026-06-06T08:40:48.128Z","2026-06-06T08:40:48.128Z","[0,1,2,5,10,30,45,60]","EXHAUSTED",""
"argupta1109@gmail.com","","","2026-06-06T08:40:48.999Z","2026-06-06T08:40:48.999Z","[0,1,2,5,10,30,45,60]","EXHAUSTED",""
"sg1380314@gmail.com","","","2026-06-06T08:40:50.700Z","2026-06-06T08:40:50.700Z","[0,1,2,5,10,30,45,60]","EXHAUSTED",""
"guptaashok16552@gmail.com","","","2026-06-06T08:40:51.626Z","2026-06-06T08:40:51.627Z","[0,1,2,5,10,30,45,60]","EXHAUSTED",""
"promilakuchya16@gmail.com","","","2026-06-06T08:40:52.549Z","2026-06-06T08:40:52.549Z","[0,1,2,5,10,30,45,60]","EXHAUSTED",""
"rg800639@gmail.com","","","2026-06-06T08:40:53.420Z","2026-06-06T08:40:53.420Z","[0,1,2,5,10,30,45,60]","EXHAUSTED",""
"mrvaibhavgupta042@gmail.com","","","2026-06-07T02:55:45.180Z","2026-06-07T02:55:45.180Z","[0,1,2,5,10,30,45,60]","EXHAUSTED",""
"akankshasagar1408@gmail.com","","","2026-06-07T02:55:46.394Z","2026-06-07T02:55:46.394Z","[0,1,2,5,10,30,45,60]","EXHAUSTED",""
"sandeepgupta.sg261@gmail.com","","","2026-06-07T02:55:48.130Z","2026-06-07T02:55:48.131Z","[0,1,2,5,10,30,45,60]","EXHAUSTED",""
"jeet.k.gupta001@gmail.com","","","2026-06-07T02:55:49.647Z","2026-06-07T02:55:49.647Z","[0,1,2,5,10,30,45,60]","EXHAUSTED",""
"akgupta.2812@gmail.com","","","2026-06-07T02:55:50.805Z","2026-06-07T02:55:50.805Z","[0,1,2,5,10,30,45,60]","EXHAUSTED",""
"pranjalsuhane07@gmail.com","","","2026-06-07T02:55:54.876Z","2026-06-07T02:55:54.876Z","[0,1,2,5,10,30,45,60]","EXHAUSTED",""
"behreradhika@gmail.com","","","2026-06-07T02:55:56.280Z","2026-06-07T02:55:56.280Z","[0,1,2,5,10,30,45,60]","EXHAUSTED",""
"guptameenu031@gmail.com","","","2026-06-07T02:55:58.557Z","2026-06-07T02:55:58.558Z","[0,1,2,5,10,30,45,60]","EXHAUSTED",""
"19novgupta@gmail.com","","","2026-06-07T02:56:00.733Z","2026-06-07T02:56:00.733Z","[0,1,2,5,10,30,45,60]","EXHAUSTED",""
"jpg467748@gmail.com","","","2026-06-07T02:56:02.463Z","2026-06-07T02:56:02.463Z","[0,1,2,5,10,30,45,60]","EXHAUSTED",""
"alpana.naugaria1@gmail.com","","","2026-06-07T02:56:03.746Z","2026-06-07T02:56:03.746Z","[0,1,2,5,10,30,45,60]","EXHAUSTED",""
"ravikantgupta9@gmail.com","","","2026-06-07T02:56:04.879Z","2026-06-07T02:56:04.879Z","[0,1,2,5,10,30,45,60]","EXHAUSTED",""
"chaudhamahendra@gmail.com","","","2026-06-07T02:56:06.290Z","2026-06-07T02:56:06.290Z","[0,1,2,5,10,30,45,60]","EXHAUSTED",""
"hmgupta.lic@gmail.com","","","2026-06-08T02:55:46.902Z","2026-06-08T02:55:46.903Z","[0,1,2,5,10,30,45,60]","EXHAUSTED",""
"shivangik216@gmail.com","","","2026-06-08T02:55:49.435Z","2026-06-08T02:55:49.435Z","[0,1,2,5,10,30,45,60]","EXHAUSTED",""
"anshul.anshul1993@gmail.com","","","2026-06-08T02:55:51.069Z","2026-06-08T02:55:51.069Z","[0,1,2,5,10,30,45,60]","EXHAUSTED",""
"ravinogriya@gmail.com","","","2026-06-08T02:55:52.891Z","2026-06-08T02:55:52.891Z","[0,1,2,5,10,30,45,60]","EXHAUSTED",""
"ermukeshb62@gmail.com","","","2026-06-08T02:55:54.510Z","2026-06-08T02:55:54.510Z","[0,1,2,5,10,30,45,60]","EXHAUSTED",""
"nandkgupta24@gmail.com","","","2026-06-08T02:55:55.616Z","2026-06-08T02:55:55.616Z","[0,1,2,5,10,30,45,60]","EXHAUSTED",""
"jayati.kathal@gmail.com","","","2026-06-08T02:55:57.133Z","2026-06-08T02:55:57.133Z","[0,1,2,5,10,30,45,60]","EXHAUSTED",""
"ckkbhonti5666@gmail.com","","","2026-06-08T02:55:58.158Z","2026-06-08T02:55:58.158Z","[0,1,2,5,10,30,45,60]","EXHAUSTED",""
"guptaupendra1991@gmail.com","","","2026-06-08T02:55:59.523Z","2026-06-08T02:55:59.523Z","[0,1,2,5,10,30,45,60]","EXHAUSTED",""
"siddhantsipoliya91@gmail.com","","","2026-06-08T02:56:00.588Z","2026-06-08T02:56:00.588Z","[0,1,2,5,10,30,45,60]","EXHAUSTED",""
"vinodbaihar64@gmail.com","","","2026-06-08T02:56:03.034Z","2026-06-08T02:56:03.034Z","[0,1,2,5,10,30,45,60]","EXHAUSTED",""
"sg808481@gmail.com","","","2026-06-08T02:56:04.389Z","2026-06-08T02:56:04.389Z","[0,1,2,5,10,30,45,60]","EXHAUSTED",""
"ramaknt0207gupta@gmail.com","","","2026-06-08T02:56:05.508Z","2026-06-08T02:56:05.508Z","[0,1,2,5,10,30,45,60]","EXHAUSTED",""
"guptahimanshu545@gmail.com","Himanshu Gupta","https://lh3.googleusercontent.com/a/ACg8ocKcrVZOmqwVouUO3o7M_dE9TVNWAefy8_dlqa85aSybg_C0UiOEww=s96-c","2026-06-08T02:56:07.041Z","2026-08-08T04:16:24.915Z","[0,1,2,5,10,30,45,60]","EXHAUSTED","117755877911870113169"
"pdgupta.niwari@gmail.com","","","2026-06-09T02:55:35.542Z","2026-06-09T02:55:35.542Z","[0,1,2,5,10,30,45,60]","EXHAUSTED",""
"priyankachoudhari72@gmail.com","","","2026-06-09T02:55:36.377Z","2026-06-09T02:55:36.377Z","[0,1,2,5,10,30,45,60]","EXHAUSTED",""
"divyansh.3006@gmail.com","","","2026-06-09T02:55:37.689Z","2026-06-09T02:55:37.689Z","[0,1,2,5,10,30,45,60]","EXHAUSTED",""
"dr.rngupta.maths@gmail.com","","","2026-06-09T02:55:38.500Z","2026-06-09T02:55:38.500Z","[0,1,2,5,10,30,45,60]","EXHAUSTED",""
"vishal614gupta@gmail.comb","","","2026-06-09T02:55:39.365Z","2026-06-09T02:55:39.365Z","[0,1,2,5,10,30,45,60]","EXHAUSTED",""
"rgrock90@gmail.com","","","2026-06-09T02:55:40.378Z","2026-06-09T02:55:40.378Z","[0,1,2,5,10,30,45,60]","EXHAUSTED",""
"mbaderia@gmail.com","","","2026-06-09T02:55:41.379Z","2026-06-09T02:55:41.379Z","[0,1,2,5,10,30,45,60]","EXHAUSTED",""
"jptextileagency@gmail.com","","","2026-06-09T02:55:42.161Z","2026-06-09T02:55:42.161Z","[0,1,2,5,10,30,45,60]","EXHAUSTED",""
"rashmibadoniya1031@gmail.com","","","2026-06-09T02:55:42.897Z","2026-06-09T02:55:42.897Z","[0,1,2,5,10,30,45,60]","EXHAUSTED",""
"neerajgupta831@gmail.com","","","2026-06-09T02:55:43.644Z","2026-06-09T02:55:43.644Z","[0,1,2,5,10,30,45,60]","EXHAUSTED",""
"shubhamrawat.rawat@gmail.com","","","2026-06-09T02:55:44.625Z","2026-06-09T02:55:44.625Z","[0,1,2,5,10,30,45,60]","EXHAUSTED",""
"kkreja80@gmail.com","","","2026-06-09T02:55:46.195Z","2026-06-09T02:55:46.195Z","[0,1,2,5,10,30,45,60]","EXHAUSTED",""
"titvilashiayush@gmail.com","","","2026-06-09T02:55:47.023Z","2026-06-09T02:55:47.023Z","[0,1,2,5,10,30,45,60]","EXHAUSTED",""
"anirudhbsons@gmail.com","","","2026-06-09T02:55:47.749Z","2026-06-09T02:55:47.749Z","[0,1,2,5,10,30,45,60]","EXHAUSTED",""
"deepmalasoni750@gmail.com","","","2026-06-09T02:55:48.487Z","2026-06-09T02:55:48.487Z","[0,1,2,5,10,30,45,60]","EXHAUSTED",""
"guptarahul.mg1986@gmail.com","","","2026-06-10T02:55:34.461Z","2026-06-10T02:55:34.461Z","[0,1,2,5,10,30,45,60]","EXHAUSTED",""
"satishgupta520@gmail.com","satish gupta","https://lh3.googleusercontent.com/a/ACg8ocIEjDLFKQk7iAP3qc3OGPjp5_PH34haEtL9lbcMgZqzC0TlRjs=s96-c","2026-06-10T02:55:35.414Z","2026-06-10T03:08:06.138Z","[0,1,2,5,10,30,45,60]","EXHAUSTED","111855725005011515401"
"kantguptakrishna3@gmail.com","","","2026-06-10T02:55:37.284Z","2026-06-10T02:55:37.284Z","[0,1,2,5,10,30,45,60]","EXHAUSTED",""
"sandhyareja21@gmail.com","","","2026-06-10T02:55:38.358Z","2026-06-10T02:55:38.358Z","[0,1,2,5,10,30,45,60]","EXHAUSTED",""
"kishorkaushal492@gmail.com","","","2026-06-10T02:55:39.564Z","2026-06-10T02:55:39.564Z","[0,1,2,5,10,30,45,60]","EXHAUSTED",""
"mayabilaiya@gmail.com","","","2026-06-10T02:55:40.832Z","2026-06-10T02:55:40.832Z","[0,1,2,5,10,30,45,60]","EXHAUSTED",""
"ykguptachh@gmail.com","","","2026-06-10T02:55:42.058Z","2026-06-10T02:55:42.058Z","[0,1,2,5,10,30,45,60]","EXHAUSTED",""
"avadheshgupta14@gmail.com","","","2026-06-10T02:55:43.279Z","2026-06-10T02:55:43.279Z","[0,1,2,5,10,30,45,60]","EXHAUSTED",""
"dileepgupta171991@gmail.com","","","2026-06-10T02:55:45.472Z","2026-06-10T02:55:45.472Z","[0,1,2,5,10,30,45,60]","EXHAUSTED",""
"jankisushma@gmail.com","","","2026-06-10T02:55:46.657Z","2026-06-10T02:55:46.658Z","[0,1,2,5,10,30,45,60]","EXHAUSTED",""
"sohane.rk@gmail.com","","","2026-06-10T02:55:47.667Z","2026-06-10T02:55:47.667Z","[0,1,2,5,10,30,45,60]","EXHAUSTED",""
"mabwgks@gmail.com","","","2026-06-10T02:55:48.706Z","2026-06-10T02:55:48.706Z","[0,1,2,5,10,30,45,60]","EXHAUSTED",""
"ag9654997720@gmail.com","","","2026-06-10T02:55:49.739Z","2026-06-10T02:55:49.739Z","[0,1,2,5,10,30,45,60]","EXHAUSTED",""
"pinkig9621@gmail.com","","","2026-06-10T02:55:50.801Z","2026-06-10T02:55:50.801Z","[0,1,2,5,10,30,45,60]","EXHAUSTED",""
"neelmani.gupta1207@gmail.com","","","2026-06-10T02:55:52.058Z","2026-06-10T02:55:52.058Z","[0,1,2,5,10,30,45,60]","EXHAUSTED",""
"anandgupta11994@gmail.com","","","2026-06-11T02:55:35.625Z","2026-06-11T02:55:35.625Z","[0,1,2,5,10,30,45,60]","EXHAUSTED",""
"abhishek.nbf@gmail.com","","","2026-06-11T02:55:36.843Z","2026-06-11T02:55:36.843Z","[0,1,2,5,10,30,45,60]","EXHAUSTED",""
"theoneankitgupta@gmail.com","","","2026-06-11T02:55:37.836Z","2026-06-11T02:55:37.836Z","[0,1,2,5,10,30,45,60]","EXHAUSTED",""
"r.kumargupta116@gmail.com","","","2026-06-11T02:55:39.128Z","2026-06-11T02:55:39.128Z","[0,1,2,5,10,30,45,60]","EXHAUSTED",""
"rahulrajpahariya@gmail.com","","","2026-06-11T02:55:41.116Z","2026-06-11T02:55:41.116Z","[0,1,2,5,10,30,45,60]","EXHAUSTED",""
"ashutoshgupta.man@gmail.com","","","2026-06-11T02:55:42.293Z","2026-06-11T02:55:42.293Z","[0,1,2,5,10,30,45,60]","EXHAUSTED",""
"jyotijhs001@gmail.com","","","2026-06-11T02:55:43.349Z","2026-06-11T02:55:43.349Z","[0,1,2,5,10,30,45,60]","EXHAUSTED",""
"neekharadeepali@gmail.com","","","2026-06-11T02:55:44.464Z","2026-06-11T02:55:44.464Z","[0,1,2,5,10,30,45,60]","EXHAUSTED",""
"gdeepanshu23@gmail.com","","","2026-06-11T02:55:46.428Z","2026-06-11T02:55:46.428Z","[0,1,2,5,10,30,45,60]","EXHAUSTED",""
"kanil945135@gmail.com","","","2026-06-11T02:55:47.360Z","2026-06-11T02:55:47.360Z","[0,1,2,5,10,30,45,60]","EXHAUSTED",""
"saritaji73@gmail.com","","","2026-06-11T02:55:48.328Z","2026-06-11T02:55:48.328Z","[0,1,2,5,10,30,45,60]","EXHAUSTED",""
"akguptanowgong@gmail.com","","","2026-06-11T02:55:49.475Z","2026-06-11T02:55:49.475Z","[0,1,2,5,10,30,45,60]","EXHAUSTED",""
"prachi.nagariya@gmail.com","","","2026-06-11T02:55:50.432Z","2026-06-11T02:55:50.432Z","[0,1,2,5,10,30,45,60]","EXHAUSTED",""
"vimalg531@gmail.com","Vimal Gupta","https://lh3.googleusercontent.com/a/ACg8ocKnpQ5NXGrT3eL_yGrhmI4OKWUr3lbKVSL2Vy0woqoXzgiF5Q=s96-c","2026-06-11T12:53:29.373Z","2026-06-11T12:53:29.373Z","[0,1,2,5,10,30,45,60]","EXHAUSTED","114714099350330135371"
"shubhi171197gupta@gmail.com","","","2026-06-12T02:55:37.625Z","2026-06-12T02:55:37.625Z","[0,1,2,5,10,30,45,60]","EXHAUSTED",""
"kankanebharat1@gmail.com","","","2026-06-12T02:55:39.126Z","2026-06-12T02:55:39.126Z","[0,1,2,5,10,30,45,60]","EXHAUSTED",""
"neerajsonuchhirolya@gmail.com","","","2026-06-12T02:55:39.894Z","2026-06-12T02:55:39.894Z","[0,1,2,5,10,30,45,60]","EXHAUSTED",""
"deelep.gupta10984@gmail.com","","","2026-06-12T02:55:40.741Z","2026-06-12T02:55:40.741Z","[0,1,2,5,10,30,45,60]","EXHAUSTED",""
"sadhanasuhaney@gmail.com","","","2026-06-12T02:55:41.512Z","2026-06-12T02:55:41.512Z","[0,1,2,5,10,30,45,60]","EXHAUSTED",""
"rishipradeep.98@gmail.com","","","2026-06-12T02:55:42.271Z","2026-06-12T02:55:42.271Z","[0,1,2,5,10,30,45,60]","EXHAUSTED",""
"guptaakanksha2831@gmail.com","","","2026-06-12T02:55:43.146Z","2026-06-12T02:55:43.146Z","[0,1,2,5,10,30,45,60]","EXHAUSTED",""
"archana2725@gmail.com","","","2026-06-12T02:55:43.876Z","2026-06-12T02:55:43.876Z","[0,1,2,5,10,30,45,60]","EXHAUSTED",""
"andaoverseas@gmail.com","","","2026-06-12T02:55:44.649Z","2026-06-12T02:55:44.650Z","[0,1,2,5,10,30,45,60]","EXHAUSTED",""
"gopalgupta20011965@gmail.com","","","2026-06-12T02:55:45.507Z","2026-06-12T02:55:45.507Z","[0,1,2,5,10,30,45,60]","EXHAUSTED",""
"sheetlaramagupta@gmail.com","","","2026-06-12T02:55:46.334Z","2026-06-12T02:55:46.334Z","[0,1,2,5,10,30,45,60]","EXHAUSTED",""
"hmgupta2411@gmail.com","","","2026-06-12T02:55:47.193Z","2026-06-12T02:55:47.193Z","[0,1,2,5,10,30,45,60]","EXHAUSTED",""
"sunilsmita1234@gmail.com","","","2026-06-12T02:55:47.929Z","2026-06-12T02:55:47.929Z","[0,1,2,5,10,30,45,60]","EXHAUSTED",""
"shubhirg@gmail.com","","","2026-06-12T02:55:48.843Z","2026-06-12T02:55:48.843Z","[0,1,2,5,10,30,45,60]","EXHAUSTED",""
"rcgupta1064@gmail.com","","","2026-06-13T02:55:35.544Z","2026-06-13T02:55:35.544Z","[0,1,2,5,10,30,45,60]","EXHAUSTED",""
"shwetagupt1510@gmail.com","","","2026-06-13T02:55:36.551Z","2026-06-13T02:55:36.551Z","[0,1,2,5,10,30,45,60]","EXHAUSTED",""
"gupta.neha3003@gmail.com","","","2026-06-13T02:55:38.289Z","2026-06-13T02:55:38.289Z","[0,1,2,5,10,30,45,60]","EXHAUSTED",""
"manojdatia19@gmail.com","","","2026-06-13T02:55:39.074Z","2026-06-13T02:55:39.074Z","[0,1,2,5,10,30,45,60]","EXHAUSTED",""
"ghimanshu677@gmail.com","","","2026-06-13T02:55:39.863Z","2026-06-13T02:55:39.863Z","[0,1,2,5,10,30,45,60]","EXHAUSTED",""
"divyasarougi1994@gmail.com","","","2026-06-13T02:55:41.137Z","2026-06-13T02:55:41.137Z","[0,1,2,5,10,30,45,60]","EXHAUSTED",""
"manishguptagwl@gmail.com","","","2026-06-13T02:55:41.977Z","2026-06-13T02:55:41.977Z","[0,1,2,5,10,30,45,60]","EXHAUSTED",""
"vinayguptabpl@gmail.com","","","2026-06-13T02:55:44.512Z","2026-06-13T02:55:44.512Z","[0,1,2,5,10,30,45,60]","EXHAUSTED",""
"neekhara.neekhara4@gmail.com","","","2026-06-13T02:55:45.311Z","2026-06-13T02:55:45.311Z","[0,1,2,5,10,30,45,60]","EXHAUSTED",""
"gbrajesh533@gmail.com","","","2026-06-13T02:55:46.074Z","2026-06-13T02:55:46.074Z","[0,1,2,5,10,30,45,60]","EXHAUSTED",""
"neharawat0410@gmail.com","","","2026-06-13T02:55:46.857Z","2026-06-13T02:55:46.857Z","[0,1,2,5,10,30,45,60]","EXHAUSTED",""
"rajendra.dengre8@gmail.com","","","2026-06-13T02:55:47.651Z","2026-06-13T02:55:47.651Z","[0,1,2,5,10,30,45,60]","EXHAUSTED",""
"guptaramkishore50@gmail.com","","","2026-06-13T02:55:48.449Z","2026-06-13T02:55:48.449Z","[0,1,2,5,10,30,45,60]","EXHAUSTED",""
"gshobhit03@gmail.com","","","2026-06-13T02:55:49.239Z","2026-06-13T02:55:49.239Z","[0,1,2,5,10,30,45,60]","EXHAUSTED",""
"shivi1910@gmail.com","","","2026-06-14T02:55:36.095Z","2026-06-14T02:55:36.095Z","[0,1,2,5,10,30,45,60]","EXHAUSTED",""
"mkgpt1234@gmail.com","","","2026-06-14T02:55:37.795Z","2026-06-14T02:55:37.795Z","[0,1,2,5,10,30,45,60]","EXHAUSTED",""
"diliprusia10@gmail.com","","","2026-06-14T02:55:38.908Z","2026-06-14T02:55:38.908Z","[0,1,2,5,10,30,45,60]","EXHAUSTED",""
"mukulguptajhs@gmail.com।","","","2026-06-14T02:55:40.224Z","2026-06-14T02:55:40.224Z","[0,1,2,5,10,30,45,60]","EXHAUSTED",""
"gupta0manju853@gmail.com","","","2026-06-14T02:55:41.315Z","2026-06-14T02:55:41.315Z","[0,1,2,5,10,30,45,60]","EXHAUSTED",""
"pindurkhya@gmail.com","","","2026-06-14T02:55:42.188Z","2026-06-14T02:55:42.188Z","[0,1,2,5,10,30,45,60]","EXHAUSTED",""
"sgahoi261@gmail.com","","","2026-06-14T02:55:43.069Z","2026-06-14T02:55:43.069Z","[0,1,2,5,10,30,45,60]","EXHAUSTED",""
"amarsangeeta2011@gmail.com","","","2026-06-14T02:55:45.375Z","2026-06-14T02:55:45.375Z","[0,1,2,5,10,30,45,60]","EXHAUSTED",""
"pavangupta.tahrauli@gmail.com","","","2026-06-14T02:55:46.528Z","2026-06-14T02:55:46.528Z","[0,1,2,5,10,30,45,60]","EXHAUSTED",""
"mbarsaiyan1802@gmail.com","","","2026-06-14T02:55:47.429Z","2026-06-14T02:55:47.429Z","[0,1,2,5,10,30,45,60]","EXHAUSTED",""
"shivamgupta0807@gmail.com","","","2026-06-14T02:55:50.215Z","2026-06-14T02:55:50.215Z","[0,1,2,5,10,30,45,60]","EXHAUSTED",""
"pramod.gupta445@gmail.com","","","2026-06-14T02:55:51.122Z","2026-06-14T02:55:51.122Z","[0,1,2,5,10,30,45,60]","EXHAUSTED",""
"sipolyaazadh@gmail.com","","","2026-06-14T02:55:52.033Z","2026-06-14T02:55:52.033Z","[0,1,2,5,10,30,45,60]","EXHAUSTED",""
"mukeshgupta64251@gmail.com","","","2026-06-14T02:55:53.722Z","2026-06-14T02:55:53.722Z","[0,1,2,5,10,30,45,60]","EXHAUSTED",""
"shubhamkaushal12@gmail.com","","","2026-06-15T02:55:36.372Z","2026-06-15T02:55:36.372Z","[0,1,2,5,10,30,45,60]","EXHAUSTED",""
"pavankharya@gmail.com","","","2026-06-15T02:55:37.452Z","2026-06-15T02:55:37.452Z","[0,1,2,5,10,30,45,60]","EXHAUSTED",""
"mridulgupta341@gmail.com","","","2026-06-15T02:55:38.966Z","2026-06-15T02:55:38.966Z","[0,1,2,5,10,30,45,60]","EXHAUSTED",""
"rakshagupta981@gmail.com","","","2026-06-15T02:55:40.013Z","2026-06-15T02:55:40.013Z","[0,1,2,5,10,30,45,60]","EXHAUSTED",""
"asohaney325@gmail.com","","","2026-06-15T02:55:40.899Z","2026-06-15T02:55:40.899Z","[0,1,2,5,10,30,45,60]","EXHAUSTED",""
"coolshobha1968@gmail.com","","","2026-06-15T02:55:41.810Z","2026-06-15T02:55:41.810Z","[0,1,2,5,10,30,45,60]","EXHAUSTED",""
"asvmg2009@gmail.com","","","2026-06-15T02:55:42.669Z","2026-06-15T02:55:42.669Z","[0,1,2,5,10,30,45,60]","EXHAUSTED",""
"lalloogupta973@gmail.com","","","2026-06-15T02:55:43.737Z","2026-06-15T02:55:43.737Z","[0,1,2,5,10,30,45,60]","EXHAUSTED",""
"guptarakesh6264@gmail.com","","","2026-06-15T02:55:44.693Z","2026-06-15T02:55:44.693Z","[0,1,2,5,10,30,45,60]","EXHAUSTED",""
"prerna.gupta1237@gmail.com","","","2026-06-15T02:55:46.096Z","2026-06-15T02:55:46.096Z","[0,1,2,5,10,30,45,60]","EXHAUSTED",""
"neeraj.kastwar99@gmail.com","","","2026-06-15T02:55:47.095Z","2026-06-15T02:55:47.095Z","[0,1,2,5,10,30,45,60]","EXHAUSTED",""
"rachitkumarjar@gmail.com","","","2026-06-15T02:55:47.955Z","2026-06-15T02:55:47.955Z","[0,1,2,5,10,30,45,60]","EXHAUSTED",""
"gupta2639@gmail.com","","","2026-06-15T02:55:48.797Z","2026-06-15T02:55:48.797Z","[0,1,2,5,10,30,45,60]","EXHAUSTED",""
"kuldeepsuhane.1972@gmail.com","","","2026-06-15T02:55:49.591Z","2026-06-15T02:55:49.591Z","[0,1,2,5,10,30,45,60]","EXHAUSTED",""
"lakhanlalgupta66@gmail.com","","","2026-06-15T02:55:50.449Z","2026-06-15T02:55:50.449Z","[0,1,2,5,10,30,45,60]","EXHAUSTED",""
"guptacp0111@gmail.com","","","2026-06-16T02:55:36.793Z","2026-06-16T02:55:36.793Z","[0,1,2,5,10,30,45,60]","EXHAUSTED",""
"abhisheksuhane1998@gmail.com","","","2026-06-16T02:55:37.877Z","2026-06-16T02:55:37.877Z","[0,1,2,5,10,30,45,60]","EXHAUSTED",""
"mpguptasrao@gmail.com","","","2026-06-16T02:55:40.274Z","2026-06-16T02:55:40.274Z","[0,1,2,5,10,30,45,60]","EXHAUSTED",""
"kamleshkumarjar@gmail.com","","","2026-06-16T02:55:41.187Z","2026-06-16T02:55:41.187Z","[0,1,2,5,10,30,45,60]","EXHAUSTED",""
"guptasaroj6168@gmail.com","","","2026-06-16T02:55:42.108Z","2026-06-16T02:55:42.108Z","[0,1,2,5,10,30,45,60]","EXHAUSTED",""
"ritikgupta5112@gmail.com","","","2026-06-16T02:55:43.068Z","2026-06-16T02:55:43.068Z","[0,1,2,5,10,30,45,60]","EXHAUSTED",""
"anitagupta3632@gmail.com","","","2026-06-16T02:55:44.266Z","2026-06-16T02:55:44.266Z","[0,1,2,5,10,30,45,60]","EXHAUSTED",""
"rkatare871@gmail.com","","","2026-06-16T02:55:45.227Z","2026-06-16T02:55:45.227Z","[0,1,2,5,10,30,45,60]","EXHAUSTED",""
"mailtorg@gmail.com","","","2026-06-16T02:55:46.542Z","2026-06-16T02:55:46.542Z","[0,1,2,5,10,30,45,60]","EXHAUSTED",""
"guptashyama029@gmail.com","","","2026-06-16T02:55:47.454Z","2026-06-16T02:55:47.454Z","[0,1,2,5,10,30,45,60]","EXHAUSTED",""
"94gupta.akshay@gmail.com","","","2026-06-16T02:55:48.398Z","2026-06-16T02:55:48.398Z","[0,1,2,5,10,30,45,60]","EXHAUSTED",""
"gupta.brajesh282@gmail.com","","","2026-06-16T02:55:49.651Z","2026-06-16T02:55:49.651Z","[0,1,2,5,10,30,45,60]","EXHAUSTED",""
"akashneekhara20@gmail.com","","","2026-06-16T02:55:50.686Z","2026-06-16T02:55:50.686Z","[0,1,2,5,10,30,45,60]","EXHAUSTED",""
"udaygupta708@gmail.com","","","2026-06-16T02:55:51.650Z","2026-06-16T02:55:51.650Z","[0,1,2,5,10,30,45,60]","EXHAUSTED",""
"anshg044@gmail.com","","","2026-06-17T02:55:39.014Z","2026-06-17T02:55:39.014Z","[0,1,2,5,10,30,45,60]","EXHAUSTED",""
"sunitamata96@gmail.com","","","2026-06-17T02:55:40.127Z","2026-06-17T02:55:40.127Z","[0,1,2,5,10,30,45,60]","EXHAUSTED",""
"chessalpha45@gmail.com","","","2026-06-17T02:55:41.162Z","2026-06-17T02:55:41.162Z","[0,1,2,5,10,30,45,60]","EXHAUSTED",""
"pipersaniya@gmail.com","","","2026-06-17T02:55:42.338Z","2026-06-17T02:55:42.338Z","[0,1,2,5,10,30,45,60]","EXHAUSTED",""
"tusharbaronia@gmail.com","","","2026-06-17T02:55:43.534Z","2026-06-17T02:55:43.534Z","[0,1,2,5,10,30,45,60]","EXHAUSTED",""
"ankitingwl@gmail.com","","","2026-06-17T02:55:44.521Z","2026-06-17T02:55:44.521Z","[0,1,2,5,10,30,45,60]","EXHAUSTED",""
"akashneekhara22022000@gmail.com","","","2026-06-17T02:55:45.693Z","2026-06-17T02:55:45.693Z","[0,1,2,5,10,30,45,60]","EXHAUSTED",""
"shalinijii1990@gmail.com","","","2026-06-17T02:55:47.996Z","2026-06-17T02:55:47.996Z","[0,1,2,5,10,30,45,60]","EXHAUSTED",""
"uma975599@gmail.com","","","2026-06-17T02:55:49.417Z","2026-06-17T02:55:49.417Z","[0,1,2,5,10,30,45,60]","EXHAUSTED",""
"gupta111rkg@gmail.com","","","2026-06-17T02:55:50.503Z","2026-06-17T02:55:50.503Z","[0,1,2,5,10,30,45,60]","EXHAUSTED",""
"gupta.rakhiii2408@gmail.com","","","2026-06-17T02:55:51.699Z","2026-06-17T02:55:51.699Z","[0,1,2,5,10,30,45,60]","EXHAUSTED",""
"jatinpaharia420@gmail.com","","","2026-06-17T02:55:53.301Z","2026-06-17T02:55:53.301Z","[0,1,2,5,10,30,45,60]","EXHAUSTED",""
"praveen.gupta2000@gmail.com","","","2026-06-18T02:55:36.770Z","2026-06-18T02:55:36.770Z","[0,1,2,5,10,30,45,60]","EXHAUSTED",""
"vedneekhra@gmail.com","","","2026-06-18T02:55:37.646Z","2026-06-18T02:55:37.646Z","[0,1,2,5,10,30,45,60]","EXHAUSTED",""
"kharyavivek1010@gmail.com","","","2026-06-18T02:55:38.857Z","2026-06-18T02:55:38.857Z","[0,1,2,5,10,30,45,60]","EXHAUSTED",""
"manoj.gupta.eipl@gmail.com","","","2026-06-18T02:55:39.737Z","2026-06-18T02:55:39.737Z","[0,1,2,5,10,30,45,60]","EXHAUSTED",""
"gdharmesh46@gmail.com","","","2026-06-18T02:55:40.551Z","2026-06-18T02:55:40.551Z","[0,1,2,5,10,30,45,60]","EXHAUSTED",""
"archanakatare10@gmail.com","","","2026-06-18T02:55:43.439Z","2026-06-18T02:55:43.439Z","[0,1,2,5,10,30,45,60]","EXHAUSTED",""
"praman.gupta3@gmail.com","","","2026-06-18T02:55:44.265Z","2026-06-18T02:55:44.265Z","[0,1,2,5,10,30,45,60]","EXHAUSTED",""
"chandranshgupta1@gmail.com","","","2026-06-18T02:55:45.353Z","2026-06-18T02:55:45.353Z","[0,1,2,5,10,30,45,60]","EXHAUSTED",""
"ratannaugariya@gmail.com","","","2026-06-18T02:55:46.340Z","2026-06-18T02:55:46.340Z","[0,1,2,5,10,30,45,60]","EXHAUSTED",""
"jiruchi1515@gmail.com","","","2026-06-18T02:55:47.333Z","2026-06-18T02:55:47.333Z","[0,1,2,5,10,30,45,60]","EXHAUSTED",""
"maagayatrieducationcenterdabra@gmail.com","","","2026-06-18T02:55:48.256Z","2026-06-18T02:55:48.256Z","[0,1,2,5,10,30,45,60]","EXHAUSTED",""
"guptaraj7463@gmail.com","","","2026-06-18T02:55:49.249Z","2026-06-18T02:55:49.249Z","[0,1,2,5,10,30,45,60]","EXHAUSTED",""
"gahoiramji@gmail.com","","","2026-06-18T02:55:50.349Z","2026-06-18T02:55:50.349Z","[0,1,2,5,10,30,45,60]","EXHAUSTED",""
"shivam73545@gmail.com","Shivam Gupta","https://lh3.googleusercontent.com/a/ACg8ocL7KkTWY-jVCUbvl-pgETSuu97NjBjv2BRyqzrtXpV27HLUWb9Y0w=s96-c","2026-06-18T10:50:48.249Z","2026-06-18T10:50:48.249Z","[0,1,2,5,10,30,45,60]","EXHAUSTED","112756080018511635854"
"sribalajifashionhouse@gmail.com","Anuj kumar Gupta","https://lh3.googleusercontent.com/a/ACg8ocIOralo7HCY3l1Kz9r5rZVwff4S6_v6RVBB48A1YaY0YjlvjQ=s96-c","2026-06-18T18:50:29.882Z","2026-06-18T18:50:29.882Z","[0,1,2,5,10,30,45,60]","EXHAUSTED","100524247788027323563"
"hemantneekhara@gmail.com","","","2026-06-19T02:55:36.427Z","2026-06-19T02:55:36.427Z","[0,1,2,5,10,30,45,60]","EXHAUSTED",""
"nannhigupta@gmail.com","","","2026-06-19T02:55:37.476Z","2026-06-19T02:55:37.476Z","[0,1,2,5,10,30,45,60]","EXHAUSTED",""
"abhishek.twinkle@gmail.com","","","2026-06-19T02:55:38.480Z","2026-06-19T02:55:38.480Z","[0,1,2,5,10,30,45,60]","EXHAUSTED",""
"guptashashikant74@gmail.com","","","2026-06-19T02:55:39.520Z","2026-06-19T02:55:39.520Z","[0,1,2,5,10,30,45,60]","EXHAUSTED",""
"guptabk0000@gmail.com","","","2026-06-19T02:55:40.331Z","2026-06-19T02:55:40.331Z","[0,1,2,5,10,30,45,60]","EXHAUSTED",""
"sg914790@gmail.com","","","2026-06-19T02:55:41.131Z","2026-06-19T02:55:41.131Z","[0,1,2,5,10,30,45,60]","EXHAUSTED",""
"ramguptajhs55@gmail.com","","","2026-06-19T02:55:42.028Z","2026-06-19T02:55:42.028Z","[0,1,2,5,10,30,45,60]","EXHAUSTED",""
"guptasudhir77@gmail.com","","","2026-06-19T02:55:42.928Z","2026-06-19T02:55:42.928Z","[0,1,2,5,10,30,45,60]","EXHAUSTED",""
"rg121968@gmail.com","","","2026-06-19T02:55:44.066Z","2026-06-19T02:55:44.066Z","[0,1,2,5,10,30,45,60]","EXHAUSTED",""
"ag1819095@gmail.com","","","2026-06-19T02:55:44.926Z","2026-06-19T02:55:44.926Z","[0,1,2,5,10,30,45,60]","EXHAUSTED",""
"guptadiwakar128@gmail.com","","","2026-06-19T02:55:45.694Z","2026-06-19T02:55:45.694Z","[0,1,2,5,10,30,45,60]","EXHAUSTED",""
"rohit.tvt@gmail.com","","","2026-06-19T02:55:46.479Z","2026-06-19T02:55:46.479Z","[0,1,2,5,10,30,45,60]","EXHAUSTED",""
"anjudamele@gmail.com","","","2026-06-19T02:55:48.917Z","2026-06-19T02:55:48.917Z","[0,1,2,5,10,30,45,60]","EXHAUSTED",""
"raj.neekhra@gmail.com","","","2026-06-19T02:55:49.829Z","2026-06-19T02:55:49.829Z","[0,1,2,5,10,30,45,60]","EXHAUSTED",""
"kalpigupta7276@gmail.com","","","2026-06-19T02:55:50.630Z","2026-06-19T02:55:50.630Z","[0,1,2,5,10,30,45,60]","EXHAUSTED",""
"rvconstruction85@gmail.com","","","2026-06-20T02:55:36.074Z","2026-06-20T02:55:36.074Z","[0,1,2,5,10,30,45,60]","EXHAUSTED",""
"sumitsethiya86@gmail.com","","","2026-06-20T02:55:37.017Z","2026-06-20T02:55:37.017Z","[0,1,2,5,10,30,45,60]","EXHAUSTED",""
"sumitguptajhansi2010@gmail.com","","","2026-06-20T02:55:38.487Z","2026-06-20T02:55:38.488Z","[0,1,2,5,10,30,45,60]","EXHAUSTED",""
"manjulg01@gmail.com","","","2026-06-20T02:55:39.290Z","2026-06-20T02:55:39.290Z","[0,1,2,5,10,30,45,60]","EXHAUSTED",""
"mona.gupta131996@gmail.com","","","2026-06-20T02:55:40.086Z","2026-06-20T02:55:40.086Z","[0,1,2,5,10,30,45,60]","EXHAUSTED",""
"artikhard.mob@gmail.com","","","2026-06-20T02:55:41.904Z","2026-06-20T02:55:41.904Z","[0,1,2,5,10,30,45,60]","EXHAUSTED",""
"aeecd13@gmail.com","","","2026-06-20T02:55:42.748Z","2026-06-20T02:55:42.748Z","[0,1,2,5,10,30,45,60]","EXHAUSTED",""
"arun2611orai@gmail.com","","","2026-06-20T02:55:43.574Z","2026-06-20T02:55:43.574Z","[0,1,2,5,10,30,45,60]","EXHAUSTED",""
"l.l.chandaiya@gmail.com","","","2026-06-20T02:55:44.494Z","2026-06-20T02:55:44.494Z","[0,1,2,5,10,30,45,60]","EXHAUSTED",""
"sanjaylohiya325@gmail.com","","","2026-06-20T02:55:45.645Z","2026-06-20T02:55:45.645Z","[0,1,2,5,10,30,45,60]","EXHAUSTED",""
"mrmgupta.06@gmail.com","","","2026-06-20T02:55:46.650Z","2026-06-20T02:55:46.650Z","[0,1,2,5,10,30,45,60]","EXHAUSTED",""
"gopaldasgupta478@gmail.com","","","2026-06-20T02:55:47.448Z","2026-06-20T02:55:47.448Z","[0,1,2,5,10,30,45,60]","EXHAUSTED",""
"kailashnarayangupta7668@gmail.com","","","2026-06-20T02:55:49.122Z","2026-06-20T02:55:49.122Z","[0,1,2,5,10,30,45,60]","EXHAUSTED",""
"surendraguptajhs@gmail.com","Surendra Gupta","https://lh3.googleusercontent.com/a/ACg8ocLEgrHyugobKWIlUTcGGTJb5o4A5TY9959uhgMjGEQTRn9lPw=s96-c","2026-06-20T15:14:52.534Z","2026-06-20T15:15:09.839Z","[0,1,2,5,10,30,45,60]","EXHAUSTED","117353633580498904651"
"sunshinerays2704@gmail.com","","","2026-06-21T02:55:35.404Z","2026-06-21T02:55:35.405Z","[0,1,2,5,10,30,45,60]","EXHAUSTED",""
"bkgupta1308@gmail.com","","","2026-06-21T02:55:36.195Z","2026-06-21T02:55:36.195Z","[0,1,2,5,10,30,45,60]","EXHAUSTED",""
"ag313952@gmail.com","","","2026-06-21T02:55:37.509Z","2026-06-21T02:55:37.509Z","[0,1,2,5,10,30,45,60]","EXHAUSTED",""
"newshivcolony@gmail.com","","","2026-06-21T02:55:38.295Z","2026-06-21T02:55:38.295Z","[0,1,2,5,10,30,45,60]","EXHAUSTED",""
"hsuhane786@gmail.com","","","2026-06-21T02:55:39.046Z","2026-06-21T02:55:39.046Z","[0,1,2,5,10,30,45,60]","EXHAUSTED",""
"poojagupta953112@gmail.com","Pooja Gupta","https://lh3.googleusercontent.com/a/ACg8ocJEZOpf0zGKSXkAk_sqrnXhJzx_5w3MC20hHj-0FNTA3cklX0I=s96-c","2026-06-21T02:55:39.808Z","2026-06-22T03:56:49.109Z","[0,1,2,5,10,30,45,60]","EXHAUSTED","100331283474169229124"
"pratikshagupta124@gmail.com","","","2026-06-21T02:55:40.521Z","2026-06-21T02:55:40.521Z","[0,1,2,5,10,30,45,60]","EXHAUSTED",""
"s.suhane1992@gmail.com","","","2026-06-21T02:55:41.508Z","2026-06-21T02:55:41.508Z","[0,1,2,5,10,30,45,60]","EXHAUSTED",""
"kajalgupta0598@gmail.com","","","2026-06-21T02:55:42.401Z","2026-06-21T02:55:42.401Z","[0,1,2,5,10,30,45,60]","EXHAUSTED",""
"tarsoliarajkumar@gmail.com","","","2026-06-21T02:55:43.929Z","2026-06-21T02:55:43.929Z","[0,1,2,5,10,30,45,60]","EXHAUSTED",""
"aviigupta01@gmail.com","","","2026-06-21T02:55:45.672Z","2026-06-21T02:55:45.672Z","[0,1,2,5,10,30,45,60]","EXHAUSTED",""
"shubham9770997271@gmail.com","","","2026-06-21T02:55:46.383Z","2026-06-21T02:55:46.383Z","[0,1,2,5,10,30,45,60]","EXHAUSTED",""
"rakeshkgupta11963@gmail.com","","","2026-06-21T02:55:47.371Z","2026-06-21T02:55:47.371Z","[0,1,2,5,10,30,45,60]","EXHAUSTED",""
"pramod301163@gmail.com","","","2026-06-21T02:55:48.087Z","2026-06-21T02:55:48.087Z","[0,1,2,5,10,30,45,60]","EXHAUSTED",""
"chiragme4@gmail.com","Chirag Gupta","https://lh3.googleusercontent.com/a/ACg8ocIf0PNw4kYccnI6alO9lGfrPeylYadGtajVcK7-2KKlhGtrQms=s96-c","2026-06-21T04:02:13.647Z","2026-06-21T04:02:13.647Z","[0,1,2,5,10,30,45,60]","EXHAUSTED","107478874334230139318"
"surabhigupta4321@gmail.com","","","2026-06-22T02:55:34.913Z","2026-06-22T02:55:34.913Z","[0,1,2,5,10,30,45,60]","EXHAUSTED",""
"sakhil2319654@gmail.com","","","2026-06-22T02:55:36.633Z","2026-06-22T02:55:36.633Z","[0,1,2,5,10,30,45,60]","EXHAUSTED",""
"sandeepgupta59884@gmail.com","","","2026-06-22T02:55:37.585Z","2026-06-22T02:55:37.585Z","[0,1,2,5,10,30,45,60]","EXHAUSTED",""
"shivam020694@gmail.com","","","2026-06-22T02:55:38.624Z","2026-06-22T02:55:38.624Z","[0,1,2,5,10,30,45,60]","EXHAUSTED",""
"sumit.kharya901@gmail.com","","","2026-06-22T02:55:39.696Z","2026-06-22T02:55:39.696Z","[0,1,2,5,10,30,45,60]","EXHAUSTED",""
"prakhalgupta.j12@gmail.com","","","2026-06-22T02:55:42.106Z","2026-06-22T02:55:42.106Z","[0,1,2,5,10,30,45,60]","EXHAUSTED",""
"preetig220@gmail.com","","","2026-06-22T02:55:43.247Z","2026-06-22T02:55:43.247Z","[0,1,2,5,10,30,45,60]","EXHAUSTED",""
"prince.nagaria06@gmail.com","","","2026-06-22T02:55:44.445Z","2026-06-22T02:55:44.445Z","[0,1,2,5,10,30,45,60]","EXHAUSTED",""
"shreyash01gupta@gmail.com","","","2026-06-22T02:55:45.443Z","2026-06-22T02:55:45.443Z","[0,1,2,5,10,30,45,60]","EXHAUSTED",""
"kumarguptaanil39@gmail.com","","","2026-06-22T02:55:46.328Z","2026-06-22T02:55:46.328Z","[0,1,2,5,10,30,45,60]","EXHAUSTED",""
"praveenjio66@gmail.com","","","2026-06-22T02:55:47.260Z","2026-06-22T02:55:47.260Z","[0,1,2,5,10,30,45,60]","EXHAUSTED",""
"gptsachin1234@gmail.com","","","2026-06-22T02:55:48.206Z","2026-06-22T02:55:48.206Z","[0,1,2,5,10,30,45]","2026-08-12T03:26:57.968Z",""
"shikhabrijpuriya03@gmail.com","","","2026-06-22T02:55:49.364Z","2026-06-22T02:55:49.364Z","[0,1,2,5,10,30,45,60]","EXHAUSTED",""
"juligupta8959@gmail.com","","","2026-06-22T02:55:50.385Z","2026-06-22T02:55:50.385Z","[0,1,2,5,10,30,45,60]","EXHAUSTED",""
"saurabh.srg2005@gmail.com","","","2026-06-22T02:55:51.252Z","2026-06-22T02:55:51.252Z","[0,1,2,5,10,30,45,60]","EXHAUSTED",""
"gpooja031@gmail.com","POOJA GUPTA","https://lh3.googleusercontent.com/a/ACg8ocLP3ehdTZisjf7TykF1Fi2CGk4smobf4nussd7xnJEWt3r-csqAJQ=s96-c","2026-06-22T03:51:19.780Z","2026-06-22T03:51:19.780Z","[0,1,2,5,10,30,45,60]","EXHAUSTED","113474934061756782424"
"hsgupta4963@gmail.com","","","2026-06-23T02:55:37.356Z","2026-06-23T02:55:37.356Z","[0,1,2,5,10,30,45,60]","EXHAUSTED",""
"guptaim33@gmail.com","","","2026-06-23T02:55:38.322Z","2026-06-23T02:55:38.322Z","[0,1,2,5,10,30,45,60]","EXHAUSTED",""
"sethanurag81@gmail.com","Anurag Seth","https://lh3.googleusercontent.com/a/ACg8ocKXZfGteIcYXyJvXCqOxwMGn6vjY2YLcN3n3376lwMd0NEa7Jmo=s96-c","2026-06-23T02:55:39.801Z","2026-08-07T03:30:26.009Z","[0,1,2,5,10,30,45]","2026-08-07T03:33:20.204Z","108763764548334463152"
"khairababita@gmail.com","","","2026-06-23T02:55:40.664Z","2026-06-23T02:55:40.664Z","[0,1,2,5,10,30,45,60]","EXHAUSTED",""
"satyambarsainya.signin1@gmail.com","","","2026-06-23T02:55:41.549Z","2026-06-23T02:55:41.549Z","[0,1,2,5,10,30,45,60]","EXHAUSTED",""
"devyanigupta35@gmail.com","","","2026-06-23T02:55:42.391Z","2026-06-23T02:55:42.391Z","[0,1,2,5,10,30,45,60]","EXHAUSTED",""
"sawlapramod@gmail.com","","","2026-06-23T02:55:43.351Z","2026-06-23T02:55:43.351Z","[0,1,2,5,10,30,45,60]","EXHAUSTED",""
"saranshviswari@gmail.com","","","2026-06-23T02:55:44.460Z","2026-06-23T02:55:44.460Z","[0,1,2,5,10,30,45,60]","EXHAUSTED",""
"kuldeep.kathail@gmail.com","Kuldeep Kathail","https://lh3.googleusercontent.com/a/ACg8ocILkVIexjOpbjiIvdMvw1kHQ7C3zT48poEOJ9Hkf6Dz1B7DoA=s96-c","2026-06-26T06:32:43.235Z","2026-06-26T06:32:43.235Z","[0,1,2,5,10,30,45,60]","EXHAUSTED","102188922711991986081"
"19ajay72@gmail.com","Ajay Gupta","https://lh3.googleusercontent.com/a/ACg8ocIkRPBFAcd_V2kyxe3gLGg6jJIMehEXn15eCXssQfkPt8FMqg=s96-c","2026-07-21T15:12:15.374Z","2026-07-21T15:12:15.374Z","[0,1,2,5,10,30,45,60]","EXHAUSTED","100303772239284358408"
"twinklegupta0396.tg@gmail.com","twinkle gupta","https://lh3.googleusercontent.com/a/ACg8ocIUuNQUnywLz7BDB92qXr6Ofg8lsQY_ofz8l1M6ZEHsURmQJJE=s96-c","2026-07-23T09:11:10.623Z","2026-07-23T09:11:10.623Z","[0,1,2,5,10,30,45,60]","EXHAUSTED","116861266933885867038"
"puru.gupta901@gmail.com","Utkarsh Gupta","https://lh3.googleusercontent.com/a/ACg8ocJzjU3pqsS6umlDybXDj3NVXnIafJ1uoDDCKA_GhBKYC0Penpo=s96-c","2026-07-27T11:59:34.234Z","2026-07-27T11:59:34.234Z","[0,1,2,5,10,30,45,60]","EXHAUSTED","100660094712826035960"
"rajeevgupta221196@gmail.com","","","2026-08-03T13:45:06.205Z","2026-08-03T13:45:06.206Z","[0,1,2,5,10,30,45,60]","EXHAUSTED",""
"kanil531900@gmail.com","","","2026-08-03T13:45:07.165Z","2026-08-03T13:45:07.165Z","[0,1,2,5,10,30,45,60]","EXHAUSTED",""
"scguptaps@gmail.com","","","2026-08-03T13:45:08.124Z","2026-08-03T13:45:08.124Z","[0,1,2,5,10,30,45,60]","EXHAUSTED",""
"kratagyagupta2006@gmail.com","","","2026-08-03T13:45:09.010Z","2026-08-03T13:45:09.010Z","[0,1,2,5,10,30,45,60]","EXHAUSTED",""
"akash25012000@gmail.com","","","2026-08-03T13:45:10.293Z","2026-08-03T13:45:10.293Z","[0,1,2,5,10,30,45,60]","EXHAUSTED",""
"sapna.gahoi@gmail.com","","","2026-08-03T13:45:11.188Z","2026-08-03T13:45:11.188Z","[0,1,2,5,10,30,45,60]","EXHAUSTED",""
"ramji20370@gmail.com","","","2026-08-03T13:45:12.612Z","2026-08-03T13:45:12.612Z","[0,1,2,5,10,30,45,60]","EXHAUSTED",""
"nishagupta301098@gmail.com","","","2026-08-03T13:45:13.501Z","2026-08-03T13:45:13.502Z","[0,1,2,5,10,30,45,60]","EXHAUSTED",""
"dhirendrakumargupta9@gmail.com","","","2026-08-03T13:45:14.421Z","2026-08-03T13:45:14.421Z","[0,1,2,5,10,30,45,60]","EXHAUSTED",""
"harsha261998@gmail.com","","","2026-08-03T13:45:15.239Z","2026-08-03T13:45:15.239Z","[0,1,2,5,10,30,45,60]","EXHAUSTED",""
"nancy75000g@gmail.com","","","2026-08-03T13:45:16.074Z","2026-08-03T13:45:16.074Z","[0,1,2,5,10,30,45]","2026-09-29T03:26:52.982Z",""
"jhudelerajkumar@gmail.com","","","2026-08-03T13:45:16.942Z","2026-08-03T13:45:16.942Z","[0,1,2,5,10,30,45,60]","EXHAUSTED",""
"sanjaygupta.sg864@gmail.com","Sanjay Gupta","https://lh3.googleusercontent.com/a/ACg8ocImxC3RdwIpJcEYN_GgDqcdRNFjlNCgl_vSJPY0jgJVLcY33A=s96-c","2026-08-03T13:45:18.579Z","2026-08-05T09:58:27.192Z","[0,1]","2026-08-05T10:07:52.843Z","110982026706976099515"
"kg0092@gmail.com","","","2026-08-03T13:45:19.422Z","2026-08-03T13:45:19.422Z","[0,1,2,5,10,30,45,60]","EXHAUSTED",""
"anjile7898@gmail.com","","","2026-08-03T13:45:20.307Z","2026-08-03T13:45:20.307Z","[0,1,2,5,10,30,45,60]","EXHAUSTED",""
"hemantgupta78388@gmail.com","","","2026-08-03T13:45:58.627Z","2026-08-03T13:45:58.633Z","[0,1,2]","2026-08-07T03:27:12.239Z",""
"sandeep.shantiinfotech@gmail.com","","","2026-08-03T13:45:59.503Z","2026-08-03T13:45:59.504Z","[0,1,2,5,10,30,45,60]","EXHAUSTED",""
"pkgupta307@gmail.com","","","2026-08-03T13:46:00.268Z","2026-08-03T13:46:00.268Z","[0,1,2,5,10,30,45,60]","EXHAUSTED",""
"shivam728482gupta@gmail.com","","","2026-08-03T13:46:01.021Z","2026-08-03T13:46:01.021Z","[0,1,2,5,10,30,45,60]","EXHAUSTED",""
"sumitragupta2727@gmail.com","","","2026-08-03T13:46:01.831Z","2026-08-03T13:46:01.831Z","[0,1,2,5,10,30,45,60]","EXHAUSTED",""
"gupta.kiran4322@gmail.com","Kiran Gupta","https://lh3.googleusercontent.com/a/ACg8ocJWR1LCrxU3R5z9GPQT5Y4gnmzTmRGSHBqoxs_yJiDvJ7ev-A=s96-c","2026-08-07T06:28:16.162Z","2026-08-07T06:28:16.162Z","[0,1,2,5,10,30,45]","","111256680623310611670"
"dgupta49648@gmail.com","Dinesh Gupta","https://lh3.googleusercontent.com/a/ACg8ocKy_oZrsRrriX0GE0nRt2rjQTDJ--5Qu0GOLJzlZ9toyIoRrA=s96-c","2026-08-10T01:02:16.687Z","2026-08-10T01:02:16.687Z","[0,1,2,5,10,30,45]","","117913480319283476230"
"amangupta8878@gmail.com","aman gupta","https://lh3.googleusercontent.com/a/ACg8ocKDIHFG9tCSoOdaMkPJ0U4mfAqp41soVzOx7sN-Frhr0zm2LKQx=s96-c","2026-08-10T01:57:26.545Z","2026-08-10T02:02:35.916Z","[0,1,2,5,10,30,45]","","113351097426126047697"
"sg945246@gmail.com","SHUBHAM KUMAR","https://lh3.googleusercontent.com/a/ACg8ocIG8fEoYNZQWUeP850KA5ib4gd-y300zHd_6YRby-6kd1_ZBmud=s96-c","2026-08-18T18:01:17.753Z","2026-08-18T18:01:17.753Z","[0,1,2,5,10,30,45]","","109619086589479127562"
"shyamjig43@gmail.com","Shyam Ji Gupta","https://lh3.googleusercontent.com/a/ACg8ocLxPr2q-C4u8AlQsZXQWwkSwuHzJaRZTmFqRk0PpSiQ26wx8ChH=s96-c","2026-08-28T18:22:38.631Z","2026-08-28T18:22:38.631Z","[0]","2026-08-28T18:26:39.756Z","103534928403818776277"
"guptavijay930@gmail.com","SHIVAM AYURVEDA GUNA","https://lh3.googleusercontent.com/a/ACg8ocK9yyg1-1q-FsFT9Jrgt6xJJjsnGWQJKvvuUeeiJ4KQDuR1vuA=s96-c","2026-08-30T14:20:58.357Z","2026-08-30T14:20:58.357Z","[0]","2026-08-30T14:24:52.649Z","109269635505277704353"
"harshsijariya33@gmail.com","Harsh Sijariya","https://lh3.googleusercontent.com/a/ACg8ocKQj2t4AIlPOYqzy2tTNEHegLWK8GrhCDWClqB4sc2ER3iUmA=s96-c","2026-09-08T04:18:08.083Z","2026-09-08T04:18:08.083Z","[0]","2026-09-08T04:19:41.848Z","108083956636704324905"
"utkarshgupta9554@gmail.com","Utkarsh Gupta","https://lh3.googleusercontent.com/a/ACg8ocKLP3TZ0uXiPUC3QGVDxSU6Bcw33of7RdJmEz3TG1M8ailMIdAmkw=s96-c","2026-09-12T04:30:09.285Z","2026-09-12T04:30:09.285Z","[0]","2026-09-12T04:32:55.966Z","110445986206818441739"
"arvindgupta58646@gmail.com","Arvind Gupta","https://lh3.googleusercontent.com/a/ACg8ocI3HNc9gV8rA1J2RFUgdGzl92AYXKr72jNOniRTSj2QrOGefb0=s96-c","2026-09-12T16:20:53.785Z","2026-09-12T16:20:53.785Z","[0,1,2,5,10]","","101177742447070550952"
"shubhanshu2009@gmail.com","Shubhanshu Gupta","https://lh3.googleusercontent.com/a/ACg8ocKIW7VvDdTc7iiz2wMP0Z81AHxi-arRhhtiEFJERJleY3suwDwg=s96-c","2026-09-12T18:44:50.860Z","2026-09-12T18:44:57.237Z","[0]","2026-09-12T18:51:30.058Z","110465411178408032579"
"vikasneekhra44@gmail.com","Vikas Neekhra","https://lh3.googleusercontent.com/a/ACg8ocJKkrw4SBRUk-aOK2LPS_ryy1dop2W-fl2yD_JAVvyyRWSd1Q=s96-c","2026-09-16T07:04:13.142Z","2026-09-16T07:04:13.142Z","[0]","2026-09-16T07:06:35.769Z","113302646945727950982"
"asativaishyaparichay@gmail.com","asati vaishya parichay âasativaishyaparichay.inâ à¤à¤¸à¤¾à¤à¥ à¤µà¥à¤¶à¥âà¤¯ à¤ªà¤°à¤¿à¤à¤¯","https://lh3.googleusercontent.com/a/ACg8ocIiCp476Z017FRDlCoL0uWabiTrx5IgkfYcjOrSbP0Pa5_4yfUa=s96-c","2026-09-17T10:44:48.407Z","2026-09-17T10:44:48.407Z","[0,1,2,5,10]","","102523696052329940078"
"shivamrejaasia@gmail.com","Shivam Reja","https://lh3.googleusercontent.com/a/ACg8ocK_8BAquTdAPWqZziCTIOgzTwshGpAyhaFFhENMxY5MzrAzaQNw=s96-c","2026-09-18T17:01:20.319Z","2026-09-18T17:01:20.319Z","[0]","2026-09-18T17:04:59.129Z","107247680584537519883"
"manojgupta17855@gmail.com","Manoj Gupta","https://lh3.googleusercontent.com/a/ACg8ocK9S87s9VDQzLaHTfcIApk5jsyhMx7IZ4qVMuEq_bmaIGDO9RV-=s96-c","2026-09-19T07:16:24.631Z","2026-09-19T07:16:24.631Z","[0]","2026-09-19T07:20:06.808Z","100780443153422515033"
"helpdesk4youready@gmail.com","Help Desk","https://lh3.googleusercontent.com/a/ACg8ocJ2vbKrM3Zvv0ArsaBU7_U-QheJPOCaJ0DNfSxVfg-YJ4C2YA=s96-c","2026-09-24T05:37:57.757Z","2026-09-24T05:37:57.757Z","[0]","2026-09-24T05:40:14.221Z","105696680644221397861"
"hdada1599@gmail.com","Hacker Dada","https://lh3.googleusercontent.com/a/ACg8ocKbq9Mw3UEulkUz63Gj33G9cTx7YsRugYTuknPzyF_A4goh_Q=s96-c","2026-09-25T15:10:30.898Z","2026-09-25T15:10:30.898Z","[0,1,2,5]","","118382890847642536164"
"gshivansh340@gmail.com","Shivansh Gupta","https://lh3.googleusercontent.com/a/ACg8ocIQoAlaclAvWrBbraxabXLpiwlCegpFyRWjRMdXxHCNul93oQ=s96-c","2026-09-27T09:50:56.907Z","2026-09-27T09:50:56.907Z","[0,1,2,5]","","117954209388850880330"
"nitesh.guptaj5@gmail.com","Nitesh Gupta","https://lh3.googleusercontent.com/a/ACg8ocLkRzV6QUcqD6aqNEr7wqi63FW9qlo232EZCBHp68ml5hpypA=s96-c","2026-10-02T17:17:56.579Z","2026-10-02T17:17:56.579Z","[0,1]","","110680927048738285779"
"dinesh.orai@gmail.com","Dinesh Gupta","https://lh3.googleusercontent.com/a/ACg8ocJrHfKJxM6m6qe1DRuQcURo6UAScUBWCk3z-HWgii9VD9mVNA=s96-c","2026-10-02T17:43:51.375Z","2026-10-02T17:43:51.375Z","[0,1]","","104311301793114398345"
"guptavishalbkgf0@gmail.com","Vishal Gupta","https://lh3.googleusercontent.com/a/ACg8ocK5rU_FFTbcxEaEbB8kI2vvTHAKxEjrmiYZHJ_HhOX8oKIL-g=s96-c","2026-10-02T17:49:27.824Z","2026-10-02T17:49:27.824Z","[0,1]","","116221549815463699886"
"anv.priy@gmail.com","Anvesh Gupta","https://lh3.googleusercontent.com/a/ACg8ocLs2W_kFd5qnMlv7AglX9fdNmBvFWaoClCyAr71xA54zOqiY0SV=s96-c","2026-10-02T18:04:48.100Z","2026-10-02T18:04:48.100Z","[0]","2026-10-02T18:10:33.836Z","115068483193034274748"
"namitag1971@gmail.com","Namita Gupta","https://lh3.googleusercontent.com/a/ACg8ocLvvlpGNqozij4Lx9KgprVObprda5NwepPUZJ6Je2iILAej1TyErA=s96-c","2026-10-02T18:37:20.892Z","2026-10-02T18:37:20.892Z","[0]","2026-10-02T18:40:19.529Z","105549590866957723011"
"anil49011@gmail.com","anil gupta","https://lh3.googleusercontent.com/a/ACg8ocJTZmtMkBURLW7ngEh-6phWzIE3dEuaq-hFUNaazs-bKhS2ibCCLw=s96-c","2026-10-03T06:55:53.982Z","2026-10-03T06:55:53.982Z","[0]","2026-10-03T07:23:55.092Z","102888223608042689909"
"rkasatichandu@gmail.com","RAJENDRA ASATI","https://lh3.googleusercontent.com/a/ACg8ocJHCvcK2Yh3BFKoxlQ4n1PzBeNCiznKMZPGGNJUVhPUpvbXpa4T-g=s96-c","2026-10-03T11:02:44.534Z","2026-10-03T11:02:44.534Z","[0]","","101480218498411658295"